gene_left	gene_right	score-w_1000g-wnormal_0.5	total_normal_reads	total_normal_reads_no_1000g	total_1000g_reads	total_tumor_reads	total_normal_samples	total_normal_samples_no_1000g	total_1000g_samples	total_tumor_samples	label	is_low_score_tumor_fusion
TACC3	FGFR3	0.0294609687385972	123.0	116.0	7.0	308.0	76.0	72.0	4.0	166.0	1	1
ERG	TMPRSS2	0.0984773832853959	2520.0	1860.0	660.0	8003.0	956.0	570.0	386.0	680.0	1	0
RET	CCDC6	0.0866662716873421	1845.0	1759.0	86.0	2213.0	556.0	494.0	62.0	590.0	1	0
VMP1	RPS6KB1	0.1598111042145207	1645.0	1466.0	179.0	3589.0	627.0	525.0	102.0	944.0	1	0
NUMB	HEATR4	0.1804699916542257	6279.0	5616.0	663.0	9197.0	1260.0	860.0	400.0	1176.0	1	0
CCDC170	ESR1	0.1475428173466345	2531.0	2139.0	392.0	3778.0	885.0	633.0	252.0	957.0	1	0
FBF1	AFM	0.0307752185763976	247.0	234.0	13.0	356.0	123.0	117.0	6.0	190.0	1	1
GTF2IRD1	GTF2I	0.1563780399911207	2298.0	1735.0	563.0	5151.0	1056.0	632.0	424.0	1018.0	1	0
ACTG2	DGUOK	0.0417934030275343	267.0	190.0	77.0	496.0	163.0	108.0	55.0	254.0	1	1
AKIRIN1	MACF1	0.1581021688056682	2579.0	2372.0	207.0	4333.0	833.0	676.0	157.0	982.0	1	0
AKAP12	ESR1	0.1699593715136624	4276.0	3696.0	580.0	6606.0	1155.0	819.0	336.0	1127.0	1	0
AHCY	ITCH	0.1080771815005816	901.0	808.0	93.0	1931.0	404.0	345.0	59.0	642.0	1	0
TRAF3IP2	FYN	0.0301356093034422	2092.0	746.0	1346.0	1390.0	1336.0	355.0	981.0	603.0	1	1
SMCO2	PPFIBP1	0.1200640783492897	1420.0	1231.0	189.0	2359.0	593.0	484.0	109.0	761.0	1	0
PMEPA1	MSL2	0.0334420113982696	295.0	288.0	7.0	449.0	152.0	149.0	3.0	212.0	1	1
SPAG9	MBTD1	0.1378167642880892	4066.0	2959.0	1107.0	5673.0	1397.0	729.0	668.0	1082.0	1	0
NDC80	SMCHD1	0.1040779682041246	1143.0	915.0	228.0	1916.0	488.0	369.0	119.0	652.0	1	0
TERT	TRIO	0.0875271070936222	1642.0	1485.0	157.0	2060.0	648.0	510.0	138.0	612.0	1	0
GNS	NUP107	0.0608806887740762	919.0	881.0	38.0	1134.0	356.0	333.0	23.0	409.0	1	1
STAT3	PTRF	0.0912922445273729	622.0	358.0	264.0	1584.0	287.0	188.0	99.0	521.0	1	0
VTI1A	TCF7L2	0.2127383690299371	13054.0	12245.0	809.0	19486.0	1347.0	898.0	449.0	1202.0	1	0
CBFA2T2	CHMP4B	0.13975649584188	1434.0	1246.0	188.0	3272.0	620.0	502.0	118.0	850.0	1	0
MPZL1	DCAF6	0.0981731376585911	788.0	698.0	90.0	1810.0	350.0	295.0	55.0	573.0	1	0
MIPOL1	TTC6	0.1936268736310691	30935.0	27985.0	2950.0	38387.0	2399.0	879.0	1520.0	1144.0	1	0
TIMM23B	LINC00843	0.0927861083350085	1332.0	1330.0	2.0	16061.0	81.0	79.0	2.0	322.0	0	0
GNG5	CTBS	0.0890670310479948	1395.0	1391.0	4.0	7716.0	94.0	92.0	2.0	330.0	0	0
SIDT2	TAGLN	0.0829891697860109	386.0	361.0	25.0	6055.0	91.0	75.0	16.0	322.0	0	0
SRGAP2B	SRGAP2C		0.0	0.0	0.0	0.0	0.0	0.0	0.0	0.0	0	0
STYXL1	TMEM120A		0.0	0.0	0.0	0.0	0.0	0.0	0.0	0.0	0	0
TTC33	PRKAA1	0.0985058134605142	434.0	362.0	72.0	3712.0	219.0	169.0	50.0	487.0	0	0
EEF1DP3	FRY	0.1210715340504728	8562.0	6048.0	2514.0	12112.0	2077.0	849.0	1228.0	1135.0	0	0
KSR1	LGALS9	-0.0742444049491584	14718.0	608.0	14110.0	2298.0	2558.0	273.0	2285.0	612.0	0	0
GJC3	AZGP1	0.0259192558256076	1560.0	1560.0	0.0	1005.0	74.0	74.0	0.0	145.0	0	0
RABGGTA	DHRS1	0.0792784216006928	2666.0	2662.0	4.0	21883.0	74.0	72.0	2.0	314.0	0	0
COLQ	HACL1	0.101520476680897	586.0	502.0	84.0	3758.0	288.0	219.0	69.0	522.0	0	0
KANSL1	ARL17B	0.2035507517865767	9288.0	8137.0	1151.0	14391.0	1389.0	815.0	574.0	1164.0	0	0
ELOVL1	MED8	0.0510260753044159	135.0	135.0	0.0	1458.0	60.0	60.0	0.0	244.0	0	0
SLC29A1	HSP90AB1	0.061711795932483	82.0	66.0	16.0	2294.0	45.0	36.0	9.0	274.0	0	0
CD27-AS1	VAMP1	0.0518855733384906	104.0	92.0	12.0	1890.0	59.0	51.0	8.0	239.0	0	0
ADSL	SGSM3	-0.1176002600432722	240368.0	50906.0	189462.0	117766.0	3772.0	910.0	2862.0	1224.0	0	0
C15orf57	CBX3	0.1986213633717689	33785.0	33762.0	23.0	46956.0	754.0	742.0	12.0	814.0	0	0
CIRBP	C19orf24	-0.0619903182826759	8538.0	791.0	7747.0	3407.0	2712.0	349.0	2363.0	658.0	0	0
HELQ	FAM175A	0.1019414976472729	538.0	492.0	46.0	1678.0	274.0	246.0	28.0	565.0	0	0
GALT	IL11RA	-0.036810828165654	18731.0	5964.0	12767.0	43773.0	3132.0	576.0	2556.0	937.0	0	0
KANSL1	ARL17A	0.1129475623860911	3956.0	3062.0	894.0	4147.0	1127.0	699.0	428.0	897.0	0	0
STK40	LSM10	0.0832044557478661	249.0	231.0	18.0	2184.0	117.0	102.0	15.0	407.0	0	0
SLC35A3	HIAT1	0.1144886248336323	713.0	634.0	79.0	2913.0	347.0	296.0	51.0	628.0	0	0
TIMM23	LINC00843	0.0136692896469527	51.0	36.0	15.0	122.0	36.0	26.0	10.0	78.0	0	0
CLSTN1	CTNNBIP1	0.1547717404559498	2521.0	2087.0	434.0	4707.0	940.0	642.0	298.0	998.0	0	0
RAB38	CTSC	0.0778320982190918	464.0	432.0	32.0	1751.0	199.0	185.0	14.0	421.0	0	0
DUS4L	BCAP29	0.0608697754357951	198.0	158.0	40.0	1100.0	91.0	67.0	24.0	310.0	0	0
GKAP1	KIF27	0.0582275566793345	492.0	307.0	185.0	696.0	376.0	221.0	155.0	396.0	0	0
NOTCH2NL	NBPF10	0.084715994781033	49796.0	28791.0	21005.0	64822.0	3705.0	909.0	2796.0	1217.0	0	0
POLA2	CDC42EP2	0.0681324698728031	175.0	135.0	40.0	1873.0	102.0	82.0	20.0	334.0	0	0
RPL11	TCEB3	0.0639321517616157	213.0	211.0	2.0	2679.0	78.0	76.0	2.0	290.0	0	0
SEPTIN7P2	PSPH	-0.1588184655970229	25238.0	73.0	25165.0	106.0	1902.0	63.0	1839.0	80.0	0	0
SRGAP2B	SRGAP2	0.0279522473569333	116.0	94.0	22.0	305.0	67.0	51.0	16.0	155.0	0	0
UBA2	WTIP	0.0892060796487915	381.0	351.0	30.0	1416.0	209.0	189.0	20.0	484.0	0	0
LINC00680	GUSBP4		0.0	0.0	0.0	0.0	0.0	0.0	0.0	0.0	0	0
SURF6	MED22	0.0558642139681202	86.0	79.0	7.0	2486.0	42.0	40.0	2.0	240.0	0	0
FAM53B	METTL10	0.1347211596815268	1047.0	994.0	53.0	4462.0	387.0	355.0	32.0	715.0	0	0
NFYA	ADCY10P1	0.0953752644972099	403.0	361.0	42.0	5702.0	161.0	133.0	28.0	417.0	0	0
NSUN4	FAAH	0.077561245216185	338.0	320.0	18.0	2792.0	165.0	152.0	13.0	385.0	0	0
TNFRSF1A	SCNN1A	0.067633990880622	385.0	353.0	32.0	10417.0	149.0	132.0	17.0	332.0	0	0
SFT2D2	TBX19	0.0768737823124844	176.0	157.0	19.0	3541.0	91.0	78.0	13.0	340.0	0	0
CRTC2	SLC39A1	-0.0102584522399734	1942.0	254.0	1688.0	2842.0	1359.0	133.0	1226.0	393.0	0	0
PAQR6	SMG5	0.063872613094291	477.0	338.0	139.0	4292.0	155.0	75.0	80.0	287.0	0	0
SMURF2P1	LRRC37BP1	0.0949391156242229	1757.0	1754.0	3.0	20193.0	77.0	76.0	1.0	341.0	0	0
DDX56	TMED4	0.0678151268109901	466.0	452.0	14.0	2964.0	59.0	51.0	8.0	298.0	0	0
VPS45	PLEKHO1	0.082065999496967	366.0	307.0	59.0	1913.0	184.0	144.0	40.0	431.0	0	0
WRB	SH3BGR	0.0951652291801039	686.0	643.0	43.0	1966.0	297.0	274.0	23.0	539.0	0	0
