gene_left	gene_right	projects	recurrent_tissues	label	recurrent_tissues_w_data	reads_blood_normal_dna	samples_blood_normal_dna	reads_blood_tumor_dna	samples_blood_tumor_dna	reads_blood_tumor_rna	samples_blood_tumor_rna	reads_bone_normal_dna	samples_bone_normal_dna	reads_bone_tumor_dna	samples_bone_tumor_dna	reads_breast_normal_dna	samples_breast_normal_dna	reads_breast_tumor_dna	samples_breast_tumor_dna	reads_esophagus_normal_dna	samples_esophagus_normal_dna	reads_esophagus_tumor_dna	samples_esophagus_tumor_dna	reads_gallbladder_normal_dna	samples_gallbladder_normal_dna	reads_gallbladder_tumor_dna	samples_gallbladder_tumor_dna	reads_headneck_normal_dna	samples_headneck_normal_dna	reads_headneck_tumor_dna	samples_headneck_tumor_dna	reads_high_coverage_1000g_dna	samples_high_coverage_1000g_dna	reads_kidney_normal_dna	samples_kidney_normal_dna	reads_kidney_normal_rna	samples_kidney_normal_rna	reads_kidney_tumor_dna	samples_kidney_tumor_dna	reads_kidney_tumor_rna	samples_kidney_tumor_rna	reads_liver_normal_dna	samples_liver_normal_dna	reads_liver_normal_rna	samples_liver_normal_rna	reads_liver_tumor_dna	samples_liver_tumor_dna	reads_liver_tumor_rna	samples_liver_tumor_rna	reads_low_coverage_1000g_dna	samples_low_coverage_1000g_dna	reads_ovary_normal_dna	samples_ovary_normal_dna	reads_ovary_tumor_dna	samples_ovary_tumor_dna	reads_ovary_tumor_rna	samples_ovary_tumor_rna	reads_pancreas_tumor_rna	samples_pancreas_tumor_rna	reads_prostate_normal_dna	samples_prostate_normal_dna	reads_prostate_tumor_dna	samples_prostate_tumor_dna	score-wnormal_0.0	score-w_1000g-wnormal_0.0	score-wnormal_0.25	score-w_1000g-wnormal_0.25	score-wnormal_0.5	score-w_1000g-wnormal_0.5	score-wnormal_0.75	score-w_1000g-wnormal_0.75	score-wnormal_1.0	score-w_1000g-wnormal_1.0
TACC3	FGFR3	CNS-GBM,Bladder-TCC,Head-SCC	brain,bladder,headneck	1	['headneck']	11.0	7.0	17.0	9.0	35.0	23.0	6.0	4.0	7.0	5.0	15.0	9.0	4.0	2.0	1.0	1.0	13.0	8.0	4.0	3.0	1.0	1.0	1.0	1.0	1.0	1.0	5.0	2.0	3.0	3.0	9.0	8.0	3.0	1.0	7.0	7.0	32.0	18.0	9.0	7.0	26.0	17.0	43.0	18.0	2.0	2.0	11.0	4.0	8.0	6.0	85.0	36.0	25.0	15.0	14.0	7.0	33.0	17.0	0.07009771986970684	0.07009771986970684	0.04242028443779925	0.04977934430415202	0.014742849005891668	0.0294609687385972	-0.012934586426015918	0.009142593173042387	-0.0406120218579235	-0.011175782392512431
ERG	TMPRSS2	Prost-AdenoCA	prostate	1	['prostate']	231.0	77.0	320.0	103.0	0.0	0.0	101.0	39.0	141.0	48.0	212.0	35.0	174.0	31.0	172.0	61.0	214.0	66.0	56.0	12.0	37.0	10.0	8.0	4.0	28.0	9.0	646.0	372.0	147.0	39.0	0.0	0.0	158.0	38.0	0.0	0.0	616.0	188.0	0.0	0.0	715.0	199.0	0.0	0.0	14.0	14.0	96.0	38.0	145.0	47.0	0.0	0.0	0.0	0.0	221.0	77.0	6071.0	129.0	0.3420439739413681	0.3420439739413681	0.17358216078389493	0.22026067861338203	0.005120347626421773	0.09847738328539596	-0.16334146553105142	-0.023305912042590096	-0.33180327868852455	-0.14508920737057618
RET	CCDC6	Lung-AdenoCA,Panc-AdenoCA,Thy-AdenoCA	lung,pancreas,thyroid	1	['pancreas']	241.0	63.0	325.0	85.0	0.0	0.0	94.0	34.0	81.0	30.0	213.0	32.0	194.0	33.0	122.0	56.0	203.0	69.0	40.0	10.0	29.0	8.0	15.0	6.0	27.0	7.0	74.0	50.0	141.0	34.0	0.0	0.0	201.0	36.0	0.0	0.0	586.0	166.0	0.0	0.0	648.0	176.0	0.0	0.0	12.0	12.0	102.0	34.0	100.0	42.0	0.0	0.0	0.0	0.0	205.0	59.0	405.0	104.0	0.25824918566775246	0.25824918566775246	0.12139453952403838	0.1724577286775473	-0.015460106619675701	0.08666627168734216	-0.15231475276338974	0.0008748146971370024	-0.28916939890710386	-0.08491664229306814
VMP1	RPS6KB1	Breast-AdenoCA,Uterus-AdenoCA	breast,uterus	1	['breast']	180.0	67.0	290.0	96.0	376.0	72.0	110.0	38.0	124.0	40.0	79.0	28.0	134.0	32.0	99.0	45.0	291.0	66.0	31.0	7.0	51.0	10.0	14.0	4.0	22.0	12.0	162.0	85.0	120.0	35.0	17.0	11.0	115.0	38.0	53.0	27.0	482.0	163.0	52.0	27.0	771.0	219.0	89.0	38.0	17.0	17.0	96.0	40.0	163.0	47.0	396.0	69.0	365.0	63.0	186.0	60.0	349.0	115.0	0.41359120521172643	0.41359120521172643	0.23446662795251064	0.2867011547131236	0.0553420506932949	0.15981110421452072	-0.12378252656592084	0.03292105371591787	-0.30290710382513664	-0.09396899678268497
NUMB	HEATR4	Ovary-AdenoCA,Lymph-BNHL,Uterus-AdenoCA	ovary,lymph,uterus	1	['ovary']	703.0	109.0	931.0	146.0	650.0	71.0	425.0	57.0	502.0	58.0	258.0	38.0	356.0	38.0	530.0	91.0	852.0	91.0	124.0	12.0	114.0	12.0	64.0	12.0	135.0	13.0	596.0	334.0	367.0	43.0	75.0	20.0	421.0	47.0	62.0	30.0	1752.0	268.0	123.0	40.0	2141.0	277.0	118.0	46.0	67.0	66.0	432.0	64.0	586.0	70.0	252.0	67.0	666.0	70.0	763.0	106.0	1411.0	140.0	0.5537214983713354	0.5537214983713354	0.28246052268560545	0.36709574501278064	0.011199546999875354	0.18046999165422578	-0.2600614286858547	-0.006155761704329049	-0.5313224043715847	-0.1927815150628839
CCDC170	ESR1	Ovary-AdenoCA,Breast-AdenoCA	ovary,breast	1	['ovary', 'breast']	232.0	78.0	407.0	109.0	181.0	64.0	158.0	51.0	202.0	52.0	179.0	33.0	165.0	36.0	126.0	53.0	273.0	69.0	64.0	11.0	53.0	10.0	19.0	7.0	44.0	12.0	314.0	175.0	147.0	36.0	8.0	6.0	169.0	42.0	22.0	15.0	787.0	216.0	37.0	25.0	966.0	234.0	41.0	28.0	78.0	77.0	108.0	43.0	242.0	52.0	319.0	66.0	169.0	49.0	274.0	74.0	525.0	119.0	0.4204234527687296	0.4204234527687296	0.2229979174453996	0.28398313505768197	0.02557238212206972	0.1475428173466345	-0.1718531532012602	0.011102499635586918	-0.36927868852459017	-0.12533781807546066
FBF1	AFM	Liver-HCC	liver	1	['liver']	35.0	17.0	27.0	14.0	73.0	38.0	19.0	8.0	18.0	7.0	22.0	11.0	17.0	9.0	35.0	15.0	26.0	12.0	1.0	1.0	0.0	0.0	2.0	1.0	1.0	1.0	13.0	6.0	18.0	10.0	1.0	1.0	23.0	9.0	4.0	3.0	55.0	30.0	2.0	2.0	54.0	35.0	5.0	5.0	0.0	0.0	10.0	5.0	19.0	9.0	35.0	20.0	7.0	7.0	34.0	16.0	47.0	21.0	0.08026058631921824	0.08026058631921824	0.04357248891974155	0.05551790244780795	0.006884391520264856	0.030775218576397655	-0.02980370587921183	0.0060325347049873645	-0.06649180327868853	-0.018710149166422933
GTF2IRD1	GTF2I	Breast-AdenoCA,Liver-HCC,Uterus-AdenoCA	breast,liver,uterus	1	['breast', 'liver']	197.0	73.0	272.0	103.0	812.0	72.0	162.0	49.0	163.0	48.0	117.0	33.0	150.0	33.0	124.0	54.0	218.0	78.0	22.0	10.0	47.0	12.0	16.0	7.0	24.0	11.0	441.0	307.0	93.0	34.0	45.0	17.0	117.0	41.0	90.0	33.0	603.0	216.0	60.0	28.0	904.0	240.0	181.0	43.0	122.0	117.0	95.0	38.0	106.0	47.0	589.0	70.0	1099.0	70.0	201.0	73.0	379.0	117.0	0.4564413680781759	0.4564413680781759	0.2512517910859543	0.3064097040346483	0.046062214093732734	0.15637803999112074	-0.1591273628984888	0.006346375947593116	-0.36431693989071046	-0.14368528809593445
ACTG2	DGUOK	Bone-Leiomyo,Bladder-TCC	bone,bladder	1	['bone']	14.0	9.0	19.0	9.0	28.0	23.0	19.0	11.0	32.0	17.0	17.0	10.0	14.0	8.0	16.0	9.0	27.0	16.0	0.0	0.0	6.0	2.0	4.0	2.0	0.0	0.0	72.0	50.0	7.0	4.0	2.0	2.0	33.0	14.0	3.0	2.0	70.0	41.0	2.0	2.0	208.0	93.0	3.0	2.0	5.0	5.0	16.0	9.0	9.0	6.0	40.0	24.0	21.0	13.0	23.0	9.0	53.0	25.0	0.10745928338762215	0.10745928338762215	0.06532123849700075	0.07462634320757826	0.02318319360637938	0.041793403027534384	-0.018954851284242007	0.008960462847490504	-0.06109289617486339	-0.023872477332553377
AKIRIN1	MACF1	Ovary-AdenoCA,Uterus-AdenoCA	ovary,uterus	1	['ovary']	276.0	87.0	325.0	100.0	504.0	70.0	182.0	49.0	214.0	48.0	184.0	33.0	148.0	30.0	188.0	63.0	285.0	79.0	62.0	11.0	48.0	10.0	18.0	8.0	30.0	13.0	136.0	87.0	122.0	34.0	38.0	19.0	155.0	43.0	46.0	26.0	795.0	221.0	60.0	28.0	905.0	228.0	86.0	37.0	71.0	70.0	155.0	44.0	133.0	47.0	489.0	69.0	359.0	61.0	292.0	79.0	606.0	121.0	0.4351221498371335	0.4351221498371335	0.227511011284954	0.29661215932140095	0.019899872732774354	0.15810216880566824	-0.18771126581940514	0.01959217828993559	-0.3953224043715848	-0.118917812225797
AKAP12	ESR1	Ovary-AdenoCA,Breast-AdenoCA	ovary,breast	1	['ovary', 'breast']	427.0	112.0	572.0	139.0	193.0	67.0	264.0	53.0	302.0	56.0	259.0	39.0	299.0	39.0	302.0	82.0	579.0	89.0	62.0	12.0	84.0	10.0	39.0	10.0	82.0	12.0	518.0	278.0	284.0	44.0	47.0	18.0	317.0	47.0	143.0	38.0	1249.0	260.0	66.0	29.0	1436.0	267.0	71.0	34.0	62.0	58.0	216.0	58.0	395.0	65.0	694.0	68.0	468.0	63.0	481.0	102.0	971.0	133.0	0.512671009771987	0.512671009771987	0.26251965077161316	0.3413151906428247	0.01236829177123941	0.16995937151366242	-0.23778306722913442	-0.0013964476154998684	-0.48793442622950817	-0.17275226674466218
AHCY	ITCH	Ovary-AdenoCA,Bladder-TCC	ovary,bladder	1	['ovary']	108.0	39.0	123.0	47.0	185.0	59.0	30.0	18.0	56.0	23.0	49.0	17.0	72.0	24.0	62.0	31.0	106.0	45.0	14.0	7.0	21.0	10.0	5.0	3.0	10.0	4.0	88.0	54.0	38.0	17.0	57.0	18.0	81.0	23.0	26.0	22.0	286.0	116.0	35.0	24.0	358.0	129.0	71.0	30.0	5.0	5.0	34.0	15.0	74.0	29.0	261.0	62.0	283.0	62.0	90.0	40.0	204.0	73.0	0.27712540716612377	0.27712540716612377	0.1585052575603852	0.1926012943333527	0.03988510795464659	0.10807718150058163	-0.07873504165109199	0.023553068667810567	-0.1973551912568306	-0.060971044164960506
TRAF3IP2	FYN	Ovary-AdenoCA,Lymph-BNHL	ovary,lymph	1	['ovary']	79.0	35.0	102.0	56.0	61.0	35.0	49.0	21.0	79.0	35.0	43.0	19.0	55.0	24.0	55.0	33.0	88.0	42.0	9.0	6.0	9.0	7.0	5.0	2.0	23.0	11.0	1311.0	948.0	47.0	19.0	6.0	5.0	60.0	26.0	34.0	23.0	317.0	145.0	11.0	9.0	282.0	136.0	19.0	18.0	35.0	33.0	41.0	21.0	116.0	21.0	117.0	52.0	189.0	56.0	84.0	40.0	156.0	61.0	0.25684039087947885	0.25684039087947885	0.14209477403392606	0.14348800009146054	0.027349157188373302	0.03013560930344228	-0.08739645965717949	-0.08321678148457601	-0.20214207650273225	-0.1965691722725943
SMCO2	PPFIBP1	Ovary-AdenoCA,Uterus-AdenoCA	ovary,uterus	1	['ovary']	155.0	60.0	238.0	86.0	23.0	15.0	73.0	30.0	101.0	34.0	66.0	27.0	103.0	29.0	115.0	45.0	164.0	59.0	41.0	12.0	34.0	9.0	5.0	4.0	26.0	7.0	176.0	96.0	68.0	29.0	13.0	8.0	114.0	35.0	52.0	22.0	483.0	166.0	17.0	15.0	590.0	175.0	27.0	21.0	13.0	13.0	72.0	32.0	147.0	50.0	207.0	57.0	263.0	63.0	123.0	56.0	270.0	99.0	0.3290635179153094	0.3290635179153094	0.17731403187910505	0.2245637981322996	0.025564545842900577	0.1200640783492897	-0.12618494019330379	0.015564358566279829	-0.27793442622950826	-0.08893536121673003
PMEPA1	MSL2	Ovary-AdenoCA,Breast-AdenoCA	ovary,breast	1	['ovary', 'breast']	36.0	21.0	64.0	31.0	0.0	0.0	13.0	7.0	18.0	10.0	27.0	12.0	49.0	16.0	20.0	11.0	31.0	17.0	6.0	4.0	5.0	4.0	5.0	2.0	5.0	2.0	7.0	3.0	26.0	11.0	0.0	0.0	30.0	16.0	0.0	0.0	86.0	50.0	0.0	0.0	120.0	57.0	0.0	0.0	0.0	0.0	22.0	11.0	20.0	11.0	0.0	0.0	0.0	0.0	47.0	20.0	107.0	48.0	0.08997557003257328	0.08997557003257328	0.046339601021697735	0.06170879071542149	0.00270363201082216	0.033442011398269675	-0.0409323370000534	0.005175232081117875	-0.08456830601092896	-0.02309154723603393
SPAG9	MBTD1	Ovary-AdenoCA,Stomach-AdenoCA	ovary,stomach	1	['ovary']	417.0	97.0	518.0	123.0	378.0	71.0	175.0	47.0	292.0	53.0	198.0	33.0	206.0	37.0	228.0	72.0	542.0	84.0	57.0	12.0	65.0	11.0	44.0	11.0	44.0	12.0	1072.0	634.0	175.0	36.0	49.0	17.0	231.0	46.0	55.0	28.0	999.0	228.0	43.0	24.0	1371.0	258.0	83.0	37.0	35.0	34.0	211.0	57.0	249.0	57.0	229.0	67.0	688.0	68.0	363.0	95.0	722.0	130.0	0.48675081433224754	0.48675081433224754	0.25738824736120747	0.31228378931016837	0.02802568039016748	0.13781676428808926	-0.20133688658087248	-0.03665026073398986	-0.4306994535519126	-0.211117285756069
NDC80	SMCHD1	Bone-Leiomyo,Lymph-BNHL	bone,lymph	1	['bone']	96.0	45.0	155.0	64.0	236.0	68.0	51.0	25.0	67.0	29.0	65.0	24.0	92.0	25.0	76.0	33.0	240.0	52.0	21.0	7.0	14.0	8.0	9.0	2.0	11.0	7.0	216.0	107.0	77.0	25.0	3.0	3.0	77.0	27.0	4.0	4.0	379.0	140.0	7.0	5.0	400.0	154.0	8.0	6.0	12.0	12.0	32.0	16.0	71.0	29.0	77.0	40.0	241.0	54.0	99.0	44.0	223.0	85.0	0.28107491856677524	0.28107491856677524	0.1578963528595077	0.19257644338545	0.03471778715224008	0.10407796820412468	-0.08846077855502749	0.015579493022799401	-0.21163934426229508	-0.07291898215852588
TERT	TRIO	Bone-Leiomyo	bone	1	['bone']	178.0	55.0	234.0	91.0	0.0	0.0	94.0	39.0	109.0	42.0	132.0	31.0	193.0	35.0	146.0	57.0	189.0	60.0	30.0	10.0	29.0	9.0	6.0	3.0	35.0	9.0	96.0	80.0	144.0	32.0	0.0	0.0	158.0	34.0	0.0	0.0	528.0	195.0	0.0	0.0	666.0	192.0	0.0	0.0	61.0	58.0	69.0	29.0	127.0	43.0	0.0	0.0	0.0	0.0	158.0	59.0	320.0	97.0	0.26596091205211725	0.26596091205211725	0.12574117584236666	0.17674400957286976	-0.014478560367383986	0.08752710709362224	-0.15469829657713466	-0.0016897953856252618	-0.2949180327868852	-0.09090669786487278
GNS	NUP107	Bone-Leiomyo,CNS-GBM	bone,headneck	1	['bone', 'headneck']	111.0	41.0	173.0	62.0	0.0	0.0	51.0	24.0	60.0	24.0	48.0	20.0	44.0	19.0	111.0	38.0	142.0	50.0	34.0	9.0	19.0	4.0	8.0	4.0	19.0	5.0	33.0	18.0	59.0	21.0	0.0	0.0	41.0	19.0	0.0	0.0	283.0	113.0	0.0	0.0	300.0	119.0	0.0	0.0	5.0	5.0	57.0	20.0	82.0	28.0	0.0	0.0	0.0	0.0	119.0	43.0	254.0	79.0	0.17576547231270362	0.17576547231270362	0.08392519713070257	0.11832308054338994	-0.007915078051298471	0.06088068877407629	-0.09975535323329952	0.0034382970047626277	-0.19159562841530056	-0.054004094764551036
STAT3	PTRF	Breast-AdenoCA,Lymph-BNHL	breast,lymph	1	['breast']	36.0	20.0	55.0	28.0	222.0	64.0	19.0	10.0	36.0	21.0	24.0	12.0	27.0	11.0	34.0	14.0	42.0	22.0	8.0	5.0	8.0	3.0	1.0	1.0	2.0	1.0	255.0	90.0	20.0	11.0	20.0	12.0	38.0	18.0	59.0	30.0	92.0	54.0	65.0	30.0	236.0	107.0	62.0	32.0	9.0	9.0	19.0	8.0	24.0	13.0	281.0	63.0	389.0	62.0	20.0	11.0	103.0	46.0	0.22503257328990228	0.22503257328990228	0.14211322778163435	0.1581624089086376	0.05919388227336645	0.0912922445273729	-0.023725463234901475	0.024422080146108215	-0.10664480874316938	-0.042448084235156475
VTI1A	TCF7L2	Ovary-AdenoCA,Liver-HCC	ovary,liver	1	['ovary', 'liver']	1594.0	120.0	2225.0	155.0	474.0	71.0	858.0	58.0	835.0	60.0	851.0	40.0	1061.0	40.0	1112.0	97.0	1685.0	94.0	316.0	12.0	299.0	12.0	80.0	13.0	229.0	13.0	718.0	365.0	938.0	45.0	42.0	19.0	968.0	48.0	73.0	29.0	4138.0	276.0	83.0	37.0	4818.0	286.0	125.0	43.0	91.0	84.0	741.0	67.0	1036.0	69.0	478.0	70.0	2064.0	71.0	1492.0	114.0	3116.0	141.0	0.6480944625407166	0.6480944625407166	0.3299369671241167	0.4304164157853269	0.011779471707516753	0.21273836902993712	-0.3063780237090832	-0.004939677725452618	-0.6245355191256831	-0.22261772448084233
CBFA2T2	CHMP4B	Breast-AdenoCA,Liver-HCC	breast,liver,uterus	1	['breast', 'liver']	142.0	62.0	205.0	84.0	157.0	65.0	77.0	38.0	105.0	39.0	83.0	26.0	84.0	31.0	92.0	41.0	224.0	64.0	26.0	10.0	51.0	10.0	10.0	5.0	19.0	9.0	177.0	107.0	80.0	26.0	58.0	15.0	92.0	32.0	102.0	34.0	364.0	146.0	52.0	31.0	531.0	171.0	109.0	38.0	11.0	11.0	64.0	30.0	135.0	38.0	691.0	70.0	501.0	71.0	198.0	72.0	266.0	94.0	0.3727361563517916	0.3727361563517916	0.2075685107064666	0.25624632609683573	0.042400865061141685	0.13975649584188	-0.12276678058418325	0.02326666558692421	-0.2879344262295082	-0.0932231646680316
MPZL1	DCAF6	Breast-AdenoCA	breast	1	['breast']	60.0	28.0	85.0	48.0	82.0	43.0	41.0	19.0	41.0	20.0	49.0	16.0	60.0	18.0	46.0	19.0	110.0	35.0	14.0	6.0	14.0	5.0	6.0	3.0	5.0	1.0	78.0	43.0	46.0	19.0	58.0	16.0	51.0	18.0	34.0	19.0	240.0	108.0	48.0	18.0	339.0	124.0	63.0	28.0	12.0	12.0	30.0	14.0	48.0	21.0	256.0	69.0	483.0	67.0	60.0	29.0	139.0	57.0	0.24804560260586317	0.24804560260586317	0.14382655168117336	0.17310937013222719	0.03960750075648349	0.09817313765859113	-0.06461155016820636	0.023236905184955116	-0.1688306010928962	-0.0516993272886809
MIPOL1	TTC6	Breast-AdenoCA	breast	1	['breast']	3339.0	124.0	4653.0	155.0	214.0	68.0	1972.0	58.0	2202.0	60.0	1987.0	40.0	2255.0	40.0	2319.0	97.0	3650.0	94.0	754.0	12.0	761.0	12.0	210.0	13.0	468.0	13.0	2484.0	1143.0	1871.0	45.0	11.0	7.0	2225.0	48.0	17.0	12.0	10747.0	276.0	39.0	26.0	12339.0	286.0	61.0	29.0	466.0	377.0	1393.0	67.0	2165.0	70.0	157.0	52.0	442.0	63.0	3343.0	114.0	6778.0	142.0	0.7716205211726384	0.7716205211726384	0.38259244005980675	0.48262369740185385	-0.006435641053025076	0.19362687363106912	-0.3954637221658569	-0.0953699501397155	-0.7844918032786885	-0.3843667739105001
TIMM23B	LINC00843			0		2.0	2.0	2.0	2.0	5323.0	72.0	0.0	0.0	1.0	1.0	1.0	1.0	1.0	1.0	0.0	0.0	2.0	2.0	0.0	0.0	0.0	0.0	0.0	0.0	0.0	0.0	1.0	1.0	1.0	1.0	354.0	24.0	0.0	0.0	548.0	38.0	5.0	5.0	964.0	44.0	20.0	12.0	1317.0	53.0	1.0	1.0	1.0	1.0	0.0	0.0	5506.0	70.0	3341.0	71.0	2.0	1.0	0.0	0.0	0.2011644951140065	0.2011644951140065	0.13644714182730816	0.1469753017245075	0.0717297885406098	0.09278610833500851	0.007012435253911466	0.03859691494550952	-0.05770491803278689	-0.015592278443989471
GNG5	CTBS			0		3.0	2.0	4.0	2.0	472.0	68.0	9.0	4.0	1.0	1.0	3.0	3.0	4.0	3.0	0.0	0.0	5.0	2.0	2.0	1.0	1.0	1.0	0.0	0.0	0.0	0.0	4.0	2.0	2.0	1.0	782.0	24.0	3.0	2.0	1387.0	42.0	13.0	9.0	571.0	45.0	20.0	14.0	792.0	53.0	0.0	0.0	0.0	0.0	2.0	1.0	3576.0	67.0	1443.0	71.0	6.0	3.0	6.0	3.0	0.19596091205211724	0.19596091205211724	0.13060183158007155	0.14251397155005607	0.06524275110802583	0.08906703104799486	-0.00011632936401986815	0.035620090545933666	-0.06547540983606558	-0.01782684995612752
SIDT2	TAGLN			0		6.0	2.0	7.0	4.0	3050.0	72.0	1.0	1.0	8.0	2.0	0.0	0.0	0.0	0.0	3.0	1.0	2.0	1.0	0.0	0.0	1.0	1.0	0.0	0.0	2.0	1.0	25.0	16.0	0.0	0.0	134.0	23.0	3.0	1.0	279.0	42.0	7.0	5.0	204.0	40.0	7.0	4.0	267.0	51.0	0.0	0.0	4.0	2.0	3.0	1.0	1717.0	69.0	696.0	68.0	2.0	1.0	13.0	5.0	0.18041530944625409	0.18041530944625409	0.12407924164753208	0.13170223961613248	0.0677431738488101	0.08298916978601092	0.011407106050088114	0.034276099955889344	-0.04492896174863388	-0.014436969874232233
SRGAP2B	SRGAP2C			0																																																																					
STYXL1	TMEM120A			0																																																																					
TTC33	PRKAA1			0		32.0	12.0	20.0	14.0	1575.0	72.0	18.0	13.0	29.0	11.0	15.0	7.0	17.0	9.0	6.0	5.0	76.0	10.0	4.0	2.0	0.0	0.0	1.0	1.0	3.0	1.0	60.0	38.0	12.0	8.0	67.0	21.0	33.0	10.0	131.0	35.0	60.0	45.0	128.0	40.0	242.0	113.0	184.0	45.0	12.0	12.0	8.0	5.0	11.0	6.0	447.0	63.0	913.0	71.0	11.0	10.0	31.0	27.0	0.22851791530944623	0.22851791530944623	0.14731193374984428	0.1635118643849803	0.06610595219024223	0.09850581346051429	-0.015100029369359731	0.033499762536048305	-0.09630601092896175	-0.031506288388417666
EEF1DP3	FRY			0		780.0	115.0	945.0	147.0	190.0	63.0	383.0	55.0	458.0	60.0	389.0	40.0	434.0	40.0	527.0	92.0	873.0	93.0	180.0	12.0	177.0	11.0	29.0	8.0	125.0	13.0	2439.0	1160.0	466.0	45.0	22.0	13.0	507.0	48.0	69.0	24.0	2143.0	263.0	78.0	31.0	2420.0	274.0	74.0	34.0	75.0	68.0	316.0	63.0	458.0	69.0	491.0	48.0	3461.0	70.0	735.0	112.0	1430.0	141.0	0.5607654723127036	0.5607654723127036	0.2880659075132162	0.34091850318158823	0.015366342713728831	0.12107153405047286	-0.2573332220857586	-0.09877543508064246	-0.5300327868852459	-0.31862240421175786
KSR1	LGALS9			0		82.0	33.0	113.0	40.0	277.0	68.0	48.0	17.0	56.0	27.0	37.0	14.0	70.0	21.0	34.0	17.0	82.0	35.0	13.0	6.0	18.0	8.0	6.0	2.0	6.0	4.0	14105.0	2280.0	47.0	19.0	31.0	17.0	53.0	20.0	355.0	41.0	196.0	85.0	38.0	23.0	247.0	101.0	111.0	39.0	5.0	5.0	35.0	19.0	53.0	28.0	468.0	69.0	259.0	57.0	41.0	21.0	130.0	54.0	0.2678990228013029	0.2678990228013029	0.1619679829479717	0.09682730892607225	0.05603694309464052	-0.07424440494915843	-0.04989409675869065	-0.24531611882438908	-0.15582513661202185	-0.41638783269961976
GJC3	AZGP1			0		2.0	1.0	2.0	1.0	1.0	1.0	1.0	1.0	4.0	1.0	0.0	0.0	0.0	0.0	1.0	1.0	0.0	0.0	0.0	0.0	0.0	0.0	0.0	0.0	0.0	0.0	0.0	0.0	0.0	0.0	657.0	23.0	2.0	1.0	97.0	25.0	2.0	2.0	895.0	45.0	4.0	4.0	357.0	36.0	0.0	0.0	0.0	0.0	0.0	0.0	247.0	26.0	291.0	50.0	2.0	1.0	0.0	0.0	0.06722312703583062	0.06722312703583062	0.036045760577419414	0.04657119143071912	0.004868394119008208	0.02591925582560762	-0.026308972339403002	0.005267320220496117	-0.05748633879781421	-0.015384615384615385
RABGGTA	DHRS1			0		0.0	0.0	2.0	1.0	1975.0	72.0	1.0	1.0	0.0	0.0	2.0	1.0	1.0	1.0	0.0	0.0	5.0	2.0	0.0	0.0	0.0	0.0	0.0	0.0	0.0	0.0	3.0	1.0	0.0	0.0	2049.0	24.0	0.0	0.0	2881.0	42.0	1.0	1.0	609.0	45.0	1.0	1.0	1176.0	53.0	1.0	1.0	0.0	0.0	1.0	1.0	14587.0	70.0	1254.0	71.0	0.0	0.0	0.0	0.0	0.17454397394136809	0.17454397394136809	0.11611836296968726	0.12691119777103044	0.05769275199800645	0.07927842160069282	-0.0007328589736743732	0.03164564543035518	-0.05915846994535519	-0.01598713073998245
COLQ	HACL1			0		36.0	19.0	48.0	23.0	351.0	67.0	27.0	17.0	24.0	12.0	22.0	11.0	27.0	14.0	16.0	10.0	46.0	18.0	6.0	4.0	7.0	3.0	1.0	1.0	19.0	5.0	59.0	44.0	16.0	10.0	98.0	20.0	27.0	15.0	59.0	28.0	138.0	72.0	86.0	29.0	180.0	93.0	223.0	45.0	25.0	25.0	17.0	7.0	27.0	15.0	683.0	66.0	1945.0	69.0	39.0	19.0	92.0	49.0	0.24314332247557	0.24314332247557	0.15106787437033872	0.17233189957823353	0.05899242626510741	0.10152047668089702	-0.0330830218401239	0.03070905378356053	-0.12515846994535518	-0.04010236911377596
KANSL1	ARL17B			0		1497.0	116.0	2106.0	151.0	945.0	72.0	796.0	55.0	926.0	56.0	714.0	40.0	726.0	40.0	1013.0	92.0	1613.0	92.0	117.0	12.0	92.0	12.0	48.0	13.0	127.0	13.0	483.0	271.0	496.0	43.0	24.0	14.0	612.0	48.0	46.0	22.0	1337.0	245.0	19.0	14.0	2089.0	276.0	75.0	37.0	668.0	303.0	820.0	63.0	877.0	68.0	222.0	67.0	1159.0	71.0	1256.0	108.0	2776.0	139.0	0.591131921824104	0.591131921824104	0.30977790311671205	0.39734133680534056	0.028423884409319755	0.20355075178657672	-0.2529301342980724	0.009760166767813105	-0.5342841530054645	-0.18403041825095054
ELOVL1	MED8			0		0.0	0.0	0.0	0.0	306.0	62.0	0.0	0.0	0.0	0.0	1.0	1.0	0.0	0.0	0.0	0.0	3.0	1.0	0.0	0.0	0.0	0.0	0.0	0.0	0.0	0.0	0.0	0.0	0.0	0.0	51.0	19.0	1.0	1.0	106.0	33.0	9.0	4.0	74.0	36.0	5.0	2.0	67.0	32.0	0.0	0.0	0.0	0.0	0.0	0.0	789.0	62.0	181.0	51.0	0.0	0.0	0.0	0.0	0.1112214983713355	0.1112214983713355	0.07485055000800983	0.08112378683787572	0.03847960164468415	0.05102607530441593	0.0021086532813584663	0.020928363770956134	-0.03426229508196721	-0.009169347762503655
SLC29A1	HSP90AB1			0		0.0	0.0	0.0	0.0	180.0	57.0	0.0	0.0	4.0	1.0	2.0	1.0	0.0	0.0	0.0	0.0	1.0	1.0	0.0	0.0	0.0	0.0	0.0	0.0	0.0	0.0	16.0	9.0	0.0	0.0	36.0	16.0	0.0	0.0	94.0	30.0	3.0	2.0	25.0	17.0	13.0	7.0	153.0	39.0	0.0	0.0	0.0	0.0	1.0	1.0	900.0	66.0	945.0	70.0	0.0	0.0	3.0	2.0	0.1302442996742671	0.1302442996742671	0.09258486409996262	0.0959780478033751	0.05492542852565814	0.06171179593248306	0.01726599295135366	0.02744554406159105	-0.02039344262295082	-0.006820707809300965
CD27-AS1	VAMP1			0		4.0	2.0	4.0	2.0	775.0	68.0	5.0	3.0	0.0	0.0	5.0	3.0	7.0	3.0	1.0	1.0	5.0	2.0	0.0	0.0	0.0	0.0	0.0	0.0	0.0	0.0	12.0	8.0	1.0	1.0	44.0	18.0	7.0	3.0	64.0	25.0	13.0	10.0	11.0	8.0	4.0	4.0	28.0	20.0	0.0	0.0	3.0	2.0	5.0	3.0	892.0	65.0	90.0	38.0	5.0	3.0	9.0	6.0	0.11270358306188925	0.11270358306188925	0.07730910806144425	0.08229457820018997	0.04191463306099927	0.05188557333849069	0.006520158060554282	0.021476568476791413	-0.02887431693989071	-0.008932436384907868
ADSL	SGSM3			0		6153.0	120.0	5880.0	152.0	18361.0	72.0	1630.0	58.0	3601.0	60.0	1262.0	39.0	2048.0	40.0	5215.0	97.0	7994.0	94.0	1111.0	12.0	1356.0	12.0	2572.0	13.0	3611.0	13.0	188960.0	2504.0	7181.0	45.0	1683.0	24.0	7914.0	48.0	2904.0	42.0	8398.0	276.0	1453.0	45.0	16142.0	286.0	4097.0	53.0	502.0	358.0	3847.0	67.0	3931.0	70.0	16055.0	70.0	7130.0	71.0	10401.0	114.0	16742.0	141.0	0.7399267100977199	0.7399267100977199	0.3281800052508855	0.31116322502722377	-0.08356669959594881	-0.11760026004327223	-0.49531340444278316	-0.5463637451137683	-0.9070601092896176	-0.9751272301842644
C15orf57	CBX3			0		4510.0	107.0	6461.0	135.0	0.0	0.0	2081.0	47.0	2734.0	53.0	1397.0	34.0	1524.0	35.0	4415.0	84.0	6986.0	81.0	612.0	10.0	598.0	11.0	292.0	11.0	434.0	11.0	22.0	11.0	1607.0	35.0	0.0	0.0	1681.0	34.0	0.0	0.0	10722.0	260.0	0.0	0.0	12191.0	266.0	0.0	0.0	1.0	1.0	2746.0	52.0	2922.0	54.0	0.0	0.0	0.0	0.0	5380.0	102.0	11425.0	134.0	0.6061400651465798	0.6061400651465798	0.26102581388725726	0.4023807142591744	-0.08408843737206528	0.19862136337176897	-0.42920268863138794	-0.005137987515636433	-0.7743169398907104	-0.20889733840304187
CIRBP	C19orf24			0		71.0	52.0	75.0	46.0	569.0	70.0	22.0	13.0	46.0	21.0	24.0	7.0	30.0	13.0	114.0	61.0	187.0	69.0	9.0	8.0	22.0	11.0	38.0	11.0	52.0	13.0	7734.0	2350.0	62.0	24.0	120.0	24.0	101.0	36.0	154.0	33.0	57.0	23.0	46.0	25.0	69.0	35.0	208.0	45.0	13.0	13.0	64.0	38.0	87.0	42.0	1392.0	69.0	97.0	43.0	164.0	63.0	318.0	112.0	0.29565960912052114	0.29565960912052114	0.17190590902618325	0.11683464541892263	0.04815220893184527	-0.06199031828267593	-0.07560149116249265	-0.24081528198427452	-0.1993551912568306	-0.419640245685873
HELQ	FAM175A			0		46.0	21.0	45.0	29.0	370.0	69.0	37.0	18.0	52.0	24.0	20.0	12.0	32.0	13.0	40.0	23.0	46.0	27.0	14.0	7.0	11.0	5.0	2.0	2.0	2.0	2.0	26.0	16.0	17.0	10.0	88.0	22.0	28.0	16.0	90.0	30.0	132.0	76.0	30.0	21.0	310.0	144.0	43.0	22.0	20.0	12.0	20.0	10.0	25.0	15.0	298.0	63.0	228.0	57.0	46.0	24.0	98.0	49.0	0.24371335504885996	0.24371335504885996	0.1478341966145138	0.17282742634806642	0.051955038180167695	0.10194149764727292	-0.04392412025417846	0.0310555689464794	-0.13980327868852457	-0.03983035975431413
GALT	IL11RA			0		260.0	80.0	226.0	86.0	10206.0	72.0	44.0	22.0	101.0	31.0	48.0	18.0	62.0	21.0	233.0	87.0	349.0	88.0	39.0	11.0	33.0	12.0	86.0	13.0	129.0	13.0	12735.0	2526.0	286.0	40.0	944.0	24.0	296.0	43.0	1217.0	42.0	260.0	73.0	3148.0	45.0	536.0	146.0	4057.0	52.0	32.0	30.0	176.0	60.0	203.0	63.0	24543.0	69.0	1101.0	70.0	440.0	103.0	714.0	129.0	0.432084690553746	0.432084690553746	0.23153346327050073	0.19763693119404596	0.030982235987255496	-0.03681082816565401	-0.16956899129598976	-0.27125858752535414	-0.370120218579235	-0.505706346885054
KANSL1	ARL17A			0		440.0	98.0	578.0	120.0	65.0	39.0	206.0	52.0	268.0	54.0	245.0	38.0	286.0	38.0	259.0	68.0	432.0	85.0	64.0	12.0	83.0	11.0	23.0	10.0	69.0	11.0	872.0	406.0	215.0	42.0	3.0	3.0	267.0	44.0	1.0	1.0	964.0	218.0	1.0	1.0	983.0	241.0	6.0	6.0	22.0	22.0	199.0	58.0	235.0	60.0	17.0	15.0	108.0	42.0	443.0	99.0	749.0	130.0	0.39899837133550486	0.39899837133550486	0.19539085500436093	0.255972966860798	-0.008216661326783087	0.11294756238609113	-0.21182417765792702	-0.03007784208861572	-0.41543169398907104	-0.1731032465633226
STK40	LSM10			0		26.0	12.0	12.0	8.0	1258.0	72.0	10.0	7.0	72.0	20.0	4.0	2.0	19.0	7.0	4.0	1.0	16.0	9.0	4.0	2.0	1.0	1.0	0.0	0.0	2.0	1.0	13.0	10.0	7.0	4.0	44.0	15.0	39.0	15.0	53.0	29.0	54.0	25.0	24.0	17.0	224.0	82.0	32.0	26.0	5.0	5.0	8.0	5.0	20.0	8.0	270.0	53.0	104.0	45.0	46.0	12.0	62.0	31.0	0.18350162866449513	0.18350162866449513	0.1230606477278795	0.1333530422061806	0.06261966679126396	0.08320445574786617	0.0021786858546483726	0.03305586928955169	-0.05826229508196721	-0.017092717168762796
SLC35A3	HIAT1			0		70.0	32.0	83.0	41.0	559.0	71.0	45.0	21.0	42.0	17.0	20.0	11.0	43.0	17.0	36.0	23.0	83.0	34.0	5.0	3.0	14.0	7.0	5.0	2.0	5.0	3.0	63.0	35.0	34.0	17.0	38.0	18.0	57.0	20.0	75.0	29.0	227.0	95.0	76.0	32.0	352.0	138.0	148.0	40.0	16.0	16.0	28.0	15.0	54.0	25.0	626.0	60.0	640.0	71.0	50.0	27.0	132.0	55.0	0.27942182410423455	0.27942182410423455	0.16739696917107205	0.19695522446893343	0.05537211423790962	0.11448862483363234	-0.056652740695252835	0.032022025198331236	-0.1686775956284153	-0.05044457443696987
TIMM23	LINC00843			0		1.0	1.0	7.0	4.0	21.0	14.0	3.0	3.0	1.0	1.0	4.0	2.0	5.0	2.0	1.0	1.0	3.0	2.0	5.0	3.0	0.0	0.0	0.0	0.0	2.0	1.0	15.0	10.0	0.0	0.0	1.0	1.0	0.0	0.0	1.0	1.0	13.0	8.0	4.0	4.0	35.0	19.0	4.0	4.0	0.0	0.0	0.0	0.0	2.0	2.0	18.0	11.0	16.0	12.0	4.0	3.0	7.0	5.0	0.03275244299674267	0.03275244299674267	0.020914059023513287	0.023210866321847733	0.009075675050283902	0.013669289646952791	-0.0027627089229454796	0.004127712972057851	-0.014601092896174863	-0.005413863702837087
CLSTN1	CTNNBIP1			0		250.0	83.0	335.0	106.0	426.0	72.0	145.0	49.0	187.0	51.0	146.0	30.0	189.0	35.0	158.0	56.0	319.0	70.0	50.0	12.0	40.0	10.0	27.0	9.0	36.0	12.0	367.0	233.0	166.0	41.0	30.0	16.0	196.0	43.0	72.0	30.0	738.0	209.0	23.0	20.0	922.0	235.0	54.0	30.0	67.0	65.0	108.0	41.0	159.0	50.0	510.0	67.0	760.0	70.0	246.0	76.0	502.0	117.0	0.44468241042345275	0.44468241042345275	0.24010470399245298	0.29972707543970134	0.03552699756145314	0.15477174045594982	-0.1690507088695466	0.009816405472198364	-0.37362841530054647	-0.1351389295115531
RAB38	CTSC			0		20.0	11.0	57.0	31.0	42.0	30.0	12.0	8.0	10.0	6.0	33.0	13.0	19.0	9.0	22.0	12.0	41.0	20.0	14.0	6.0	12.0	6.0	2.0	1.0	4.0	2.0	29.0	11.0	28.0	10.0	67.0	20.0	43.0	15.0	264.0	35.0	138.0	59.0	33.0	17.0	111.0	60.0	101.0	32.0	3.0	3.0	20.0	8.0	24.0	13.0	410.0	62.0	550.0	66.0	43.0	20.0	63.0	34.0	0.18567589576547228	0.18567589576547228	0.11280336991153593	0.13175399699228207	0.03993084405759953	0.0778320982190918	-0.03294168179633683	0.02391019944590156	-0.10581420765027322	-0.030011699327288678
DUS4L	BCAP29			0		25.0	6.0	1.0	1.0	226.0	55.0	3.0	3.0	5.0	3.0	8.0	2.0	8.0	3.0	3.0	2.0	7.0	3.0	1.0	1.0	0.0	0.0	0.0	0.0	0.0	0.0	37.0	21.0	4.0	2.0	63.0	20.0	35.0	10.0	70.0	29.0	22.0	11.0	20.0	16.0	113.0	46.0	51.0	28.0	3.0	3.0	5.0	2.0	10.0	5.0	258.0	55.0	292.0	59.0	4.0	2.0	24.0	13.0	0.13517915309446255	0.13517915309446255	0.09179966536729499	0.09802446426512886	0.048420177640127446	0.06086977543579518	0.005040689912959903	0.023715086606461495	-0.03833879781420765	-0.013439602222872183
GKAP1	KIF27			0		32.0	23.0	29.0	21.0	82.0	48.0	40.0	19.0	32.0	22.0	20.0	16.0	22.0	13.0	21.0	18.0	39.0	24.0	5.0	3.0	6.0	3.0	1.0	1.0	1.0	1.0	142.0	115.0	12.0	9.0	3.0	3.0	14.0	12.0	11.0	9.0	116.0	84.0	6.0	6.0	238.0	122.0	16.0	13.0	43.0	40.0	12.0	10.0	35.0	15.0	61.0	33.0	42.0	22.0	39.0	29.0	68.0	38.0	0.1669055374592834	0.1669055374592834	0.09414909844965381	0.112566547069309	0.021392659440024206	0.058227556679334595	-0.05136377956960537	0.0038885662893601916	-0.124120218579235	-0.05045042410061422
NOTCH2NL	NBPF10			0		3576.0	122.0	4115.0	154.0	9300.0	72.0	1209.0	58.0	2006.0	60.0	933.0	40.0	1325.0	40.0	3007.0	97.0	5687.0	94.0	522.0	12.0	653.0	12.0	981.0	13.0	1579.0	13.0	20530.0	2504.0	3690.0	45.0	155.0	22.0	4044.0	48.0	357.0	38.0	6487.0	276.0	501.0	43.0	12384.0	286.0	692.0	47.0	475.0	292.0	2160.0	67.0	3572.0	70.0	3406.0	70.0	6297.0	71.0	5570.0	114.0	9405.0	142.0	0.8076302931596091	0.8076302931596091	0.4077172553888324	0.44617314397032093	0.007804217618055886	0.08471599478103303	-0.39210882015272075	-0.27674115440825514	-0.7920218579234973	-0.638198303597543
POLA2	CDC42EP2			0		6.0	4.0	12.0	7.0	565.0	68.0	6.0	3.0	13.0	8.0	5.0	3.0	4.0	3.0	8.0	4.0	9.0	6.0	2.0	2.0	3.0	2.0	0.0	0.0	1.0	1.0	37.0	17.0	8.0	5.0	36.0	17.0	4.0	4.0	38.0	21.0	34.0	22.0	22.0	16.0	90.0	41.0	65.0	34.0	3.0	3.0	3.0	2.0	3.0	1.0	821.0	65.0	214.0	56.0	5.0	4.0	31.0	17.0	0.15124592833876221	0.15124592833876221	0.10186340800270553	0.10968919910578268	0.052480887666648865	0.06813246987280316	0.003098367330592197	0.026575740639823632	-0.04628415300546448	-0.014980988593155893
RPL11	TCEB3			0		4.0	3.0	0.0	0.0	417.0	68.0	2.0	1.0	5.0	2.0	5.0	3.0	8.0	3.0	5.0	3.0	2.0	2.0	1.0	1.0	0.0	0.0	0.0	0.0	0.0	0.0	2.0	2.0	4.0	2.0	105.0	22.0	3.0	1.0	178.0	38.0	12.0	7.0	66.0	31.0	6.0	3.0	95.0	41.0	0.0	0.0	3.0	1.0	0.0	0.0	1583.0	70.0	374.0	59.0	4.0	2.0	8.0	3.0	0.13989413680781757	0.13989413680781757	0.09396158621242057	0.10191314428471666	0.04802903561702354	0.06393215176161571	0.002096485021626522	0.02595115923851479	-0.04383606557377049	-0.012029833284586136
SEPTIN7P2	PSPH			0		7.0	7.0	13.0	11.0	0.0	0.0	10.0	6.0	7.0	5.0	4.0	3.0	4.0	4.0	9.0	7.0	9.0	7.0	1.0	1.0	0.0	0.0	0.0	0.0	0.0	0.0	25159.0	1833.0	3.0	3.0	0.0	0.0	2.0	1.0	0.0	0.0	34.0	31.0	0.0	0.0	46.0	35.0	0.0	0.0	6.0	6.0	2.0	2.0	1.0	1.0	0.0	0.0	0.0	0.0	3.0	3.0	24.0	16.0	0.03343648208469055	0.03343648208469055	0.01627135063455617	-0.06269099175616619	-0.0008937808155782233	-0.15881846559702295	-0.018058912265712608	-0.25494593943787963	-0.035224043715846996	-0.3510734132787364
SRGAP2B	SRGAP2			0		13.0	6.0	9.0	7.0	19.0	17.0	5.0	2.0	8.0	7.0	8.0	2.0	4.0	4.0	9.0	4.0	6.0	3.0	2.0	2.0	1.0	1.0	0.0	0.0	2.0	1.0	19.0	13.0	8.0	5.0	2.0	2.0	10.0	5.0	4.0	4.0	35.0	20.0	3.0	3.0	34.0	27.0	8.0	7.0	3.0	3.0	4.0	3.0	4.0	3.0	24.0	19.0	148.0	36.0	5.0	2.0	24.0	14.0	0.0655944625407166	0.0655944625407166	0.04197180318969046	0.046773354948824966	0.018349143838664317	0.027952247356933323	-0.005273515512361833	0.009131139765041683	-0.028896174863387972	-0.009689967826849954
UBA2	WTIP			0		31.0	19.0	58.0	23.0	160.0	63.0	20.0	11.0	31.0	13.0	25.0	12.0	14.0	9.0	41.0	17.0	32.0	18.0	4.0	3.0	13.0	5.0	2.0	2.0	0.0	0.0	20.0	10.0	16.0	10.0	23.0	15.0	23.0	10.0	52.0	20.0	104.0	56.0	17.0	13.0	349.0	137.0	50.0	27.0	10.0	10.0	23.0	11.0	32.0	13.0	382.0	60.0	135.0	48.0	45.0	20.0	85.0	38.0	0.20859934853420192	0.20859934853420192	0.1296708228760613	0.14890271409149675	0.050742297217920625	0.08920607964879151	-0.02818622844022002	0.02950944520608631	-0.10711475409836067	-0.030187189236618894
LINC00680	GUSBP4			0																																																																					
SURF6	MED22			0		14.0	4.0	3.0	1.0	1677.0	72.0	0.0	0.0	4.0	4.0	0.0	0.0	4.0	1.0	0.0	0.0	0.0	0.0	0.0	0.0	0.0	0.0	0.0	0.0	0.0	0.0	3.0	1.0	0.0	0.0	30.0	15.0	0.0	0.0	54.0	25.0	0.0	0.0	27.0	18.0	21.0	9.0	78.0	32.0	4.0	1.0	0.0	0.0	4.0	1.0	568.0	63.0	73.0	32.0	8.0	3.0	0.0	0.0	0.11796416938110747	0.11796416938110747	0.08279279916697814	0.08691419167461387	0.04762142895284882	0.055864213968120274	0.012450058738719488	0.02481423626162668	-0.022721311475409834	-0.006235741444866921
FAM53B	METTL10			0		126.0	44.0	172.0	60.0	1032.0	72.0	65.0	24.0	57.0	26.0	91.0	21.0	82.0	28.0	75.0	29.0	118.0	43.0	21.0	8.0	15.0	9.0	0.0	0.0	9.0	3.0	42.0	21.0	64.0	24.0	112.0	23.0	99.0	29.0	172.0	40.0	212.0	78.0	70.0	34.0	308.0	123.0	179.0	46.0	11.0	11.0	60.0	26.0	56.0	25.0	1061.0	68.0	888.0	71.0	98.0	44.0	214.0	72.0	0.32745928338762215	0.32745928338762215	0.19438134778661825	0.23109022153457448	0.06130341218561436	0.1347211596815268	-0.07177452341538955	0.03835209782847909	-0.20485245901639343	-0.05801696402456858
NFYA	ADCY10P1			0		93.0	16.0	7.0	5.0	3710.0	72.0	18.0	11.0	29.0	16.0	2.0	2.0	16.0	11.0	9.0	4.0	7.0	5.0	5.0	3.0	4.0	1.0	2.0	2.0	2.0	2.0	35.0	21.0	2.0	2.0	53.0	15.0	7.0	4.0	161.0	36.0	47.0	33.0	119.0	35.0	142.0	77.0	323.0	43.0	7.0	7.0	1.0	1.0	7.0	3.0	1041.0	63.0	218.0	62.0	10.0	9.0	28.0	17.0	0.2144299674267101	0.2144299674267101	0.14166673786511452	0.15490261596196003	0.06890350830351899	0.09537526449720998	-0.0038597212580765705	0.03584791303245992	-0.07662295081967213	-0.023679438432290142
NSUN4	FAAH			0		18.0	12.0	15.0	9.0	1165.0	72.0	16.0	13.0	12.0	8.0	9.0	6.0	28.0	11.0	13.0	8.0	18.0	9.0	1.0	1.0	3.0	1.0	0.0	0.0	0.0	0.0	13.0	8.0	13.0	6.0	27.0	15.0	21.0	8.0	214.0	36.0	84.0	40.0	121.0	41.0	82.0	46.0	125.0	41.0	5.0	5.0	3.0	2.0	5.0	5.0	857.0	65.0	218.0	55.0	15.0	8.0	29.0	19.0	0.17949511400651466	0.17949511400651466	0.1129819912425909	0.12852817961134985	0.04646886847866716	0.07756124521618508	-0.020044254285256573	0.026594310821020303	-0.08655737704918035	-0.024372623574144485
TNFRSF1A	SCNN1A			0		25.0	12.0	23.0	12.0	18.0	14.0	4.0	3.0	16.0	9.0	14.0	6.0	32.0	13.0	12.0	7.0	46.0	14.0	1.0	1.0	4.0	2.0	0.0	0.0	3.0	1.0	32.0	17.0	8.0	4.0	158.0	23.0	16.0	8.0	94.0	28.0	50.0	31.0	57.0	32.0	97.0	38.0	99.0	32.0	0.0	0.0	7.0	5.0	8.0	6.0	7592.0	70.0	2345.0	70.0	17.0	8.0	24.0	15.0	0.15818403908794787	0.15818403908794787	0.09964076155639807	0.11290901498428499	0.04109748402484825	0.06763399088062208	-0.017445793506701557	0.022358966776959182	-0.07598907103825137	-0.022916057326703713
SFT2D2	TBX19			0		8.0	4.0	18.0	8.0	1117.0	71.0	7.0	4.0	6.0	4.0	6.0	2.0	7.0	3.0	13.0	5.0	4.0	2.0	2.0	1.0	5.0	2.0	0.0	0.0	1.0	1.0	17.0	11.0	2.0	1.0	38.0	18.0	7.0	3.0	214.0	35.0	25.0	13.0	44.0	23.0	43.0	24.0	145.0	38.0	2.0	2.0	1.0	1.0	3.0	2.0	1596.0	66.0	352.0	68.0	11.0	6.0	23.0	13.0	0.16727198697068404	0.16727198697068404	0.11436929077446113	0.12207288464158426	0.06146659457823819	0.07687378231248446	0.008563898382015274	0.031674679983384676	-0.04433879781420765	-0.01352442234571512
CRTC2	SLC39A1			0		52.0	14.0	15.0	13.0	323.0	63.0	6.0	6.0	6.0	4.0	2.0	2.0	4.0	4.0	14.0	12.0	81.0	24.0	1.0	1.0	1.0	1.0	4.0	1.0	0.0	0.0	1683.0	1221.0	11.0	5.0	20.0	12.0	5.0	4.0	143.0	36.0	29.0	13.0	61.0	29.0	31.0	15.0	198.0	44.0	5.0	5.0	9.0	7.0	9.0	7.0	1488.0	64.0	440.0	65.0	45.0	31.0	98.0	49.0	0.18315960912052115	0.18315960912052115	0.1185063188622488	0.08645057844027389	0.05385302860397642	-0.010258452239973403	-0.010800261654295942	-0.1069674829202207	-0.0754535519125683	-0.20367651360046796
PAQR6	SMG5			0		17.0	4.0	2.0	1.0	563.0	66.0	0.0	0.0	6.0	3.0	2.0	2.0	6.0	3.0	1.0	1.0	5.0	4.0	0.0	0.0	0.0	0.0	2.0	1.0	0.0	0.0	139.0	80.0	2.0	2.0	130.0	19.0	1.0	1.0	368.0	37.0	12.0	7.0	166.0	36.0	32.0	11.0	692.0	47.0	0.0	0.0	2.0	1.0	2.0	2.0	2414.0	64.0	191.0	42.0	4.0	2.0	10.0	6.0	0.15180781758957657	0.15180781758957657	0.1026864642850786	0.10784021534193382	0.05356511098058064	0.06387261309429106	0.004443757676082669	0.01990501084664831	-0.04467759562841529	-0.024062591400994447
SMURF2P1	LRRC37BP1			0		0.0	0.0	2.0	1.0	5569.0	72.0	1.0	1.0	2.0	2.0	1.0	1.0	1.0	1.0	0.0	0.0	3.0	3.0	0.0	0.0	0.0	0.0	0.0	0.0	0.0	0.0	3.0	1.0	0.0	0.0	1261.0	24.0	7.0	3.0	2332.0	42.0	3.0	3.0	485.0	45.0	21.0	18.0	1434.0	53.0	0.0	0.0	2.0	1.0	0.0	0.0	6747.0	70.0	4069.0	71.0	1.0	1.0	6.0	5.0	0.20609934853420195	0.20609934853420195	0.13956631467933997	0.15051923207921244	0.07303328082447802	0.09493911562422294	0.006500246969616069	0.03935899916923344	-0.06003278688524591	-0.016221117285756072
DDX56	TMED4			0		9.0	3.0	2.0	1.0	1231.0	72.0	2.0	2.0	8.0	4.0	0.0	0.0	0.0	0.0	0.0	0.0	3.0	3.0	0.0	0.0	0.0	0.0	0.0	0.0	0.0	0.0	13.0	7.0	0.0	0.0	385.0	20.0	5.0	2.0	274.0	38.0	9.0	5.0	34.0	17.0	50.0	20.0	107.0	39.0	1.0	1.0	0.0	0.0	1.0	1.0	1129.0	66.0	140.0	43.0	13.0	4.0	14.0	9.0	0.14547231270358307	0.14547231270358307	0.10090204873533755	0.10664371975728658	0.05633178476709208	0.06781512681099014	0.011761520798846587	0.028986533864693662	-0.03280874316939891	-0.009842059081602808
VPS45	PLEKHO1			0		31.0	15.0	30.0	16.0	585.0	72.0	15.0	9.0	17.0	10.0	12.0	6.0	11.0	5.0	16.0	7.0	25.0	12.0	8.0	4.0	3.0	2.0	1.0	1.0	0.0	0.0	52.0	33.0	7.0	5.0	52.0	20.0	9.0	7.0	163.0	38.0	63.0	30.0	68.0	29.0	174.0	78.0	209.0	47.0	7.0	7.0	7.0	6.0	8.0	5.0	521.0	67.0	113.0	48.0	27.0	12.0	45.0	24.0	0.19106677524429963	0.19106677524429963	0.12278915247147609	0.13656638737063334	0.05451152969865254	0.08206599949696701	-0.013766093074170989	0.027565611623300703	-0.08204371584699455	-0.026934776250365604
WRB	SH3BGR			0		51.0	24.0	116.0	45.0	84.0	36.0	43.0	19.0	50.0	21.0	33.0	15.0	46.0	21.0	44.0	19.0	53.0	35.0	7.0	4.0	7.0	5.0	6.0	3.0	6.0	2.0	41.0	21.0	47.0	19.0	112.0	23.0	57.0	23.0	256.0	38.0	180.0	82.0	29.0	19.0	188.0	86.0	102.0	36.0	2.0	2.0	29.0	15.0	35.0	20.0	607.0	64.0	236.0	56.0	62.0	32.0	123.0	51.0	0.23547231270358304	0.23547231270358304	0.13741570993752333	0.16531877094184347	0.03935910717146364	0.0951652291801039	-0.05869749559459604	0.02501168741836432	-0.15675409836065576	-0.04514185434337527
