gene_left	gene_right	projects	tissues	tissue_w_data	reads_blood_normal_dna	samples_blood_normal_dna	reads_blood_tumor_dna	samples_blood_tumor_dna	reads_blood_tumor_rna	samples_blood_tumor_rna	reads_bone_normal_dna	samples_bone_normal_dna	reads_bone_tumor_dna	samples_bone_tumor_dna	reads_breast_normal_dna	samples_breast_normal_dna	reads_breast_tumor_dna	samples_breast_tumor_dna	reads_esophagus_normal_dna	samples_esophagus_normal_dna	reads_esophagus_tumor_dna	samples_esophagus_tumor_dna	reads_gallbladder_normal_dna	samples_gallbladder_normal_dna	reads_gallbladder_tumor_dna	samples_gallbladder_tumor_dna	reads_headneck_normal_dna	samples_headneck_normal_dna	reads_headneck_tumor_dna	samples_headneck_tumor_dna	reads_high_coverage_1000g_dna	samples_high_coverage_1000g_dna	reads_kidney_normal_dna	samples_kidney_normal_dna	reads_kidney_normal_rna	samples_kidney_normal_rna	reads_kidney_tumor_dna	samples_kidney_tumor_dna	reads_kidney_tumor_rna	samples_kidney_tumor_rna	reads_liver_normal_dna	samples_liver_normal_dna	reads_liver_normal_rna	samples_liver_normal_rna	reads_liver_tumor_dna	samples_liver_tumor_dna	reads_liver_tumor_rna	samples_liver_tumor_rna	reads_low_coverage_1000g_dna	samples_low_coverage_1000g_dna	reads_ovary_normal_dna	samples_ovary_normal_dna	reads_ovary_tumor_dna	samples_ovary_tumor_dna	reads_ovary_tumor_rna	samples_ovary_tumor_rna	reads_pancreas_tumor_rna	samples_pancreas_tumor_rna	reads_prostate_normal_dna	samples_prostate_normal_dna	reads_prostate_tumor_dna	samples_prostate_tumor_dna	score_as_positive-wnormal_0.25	score_as_positive-w_1000g-wnormal_0.25	score_as_negative-tissue_pancreas-wnormal_0.25	score_as_negative-tissue_pancreas-w_1000g-wnormal_0.25	score_as_negative-tissue_bone-wnormal_0.25	score_as_negative-tissue_bone-w_1000g-wnormal_0.25	score_as_negative-tissue_breast-wnormal_0.25	score_as_negative-tissue_breast-w_1000g-wnormal_0.25	score_as_negative-tissue_kidney-wnormal_0.25	score_as_negative-tissue_kidney-w_1000g-wnormal_0.25	score_as_negative-tissue_gallbladder-wnormal_0.25	score_as_negative-tissue_gallbladder-w_1000g-wnormal_0.25	score_as_negative-tissue_prostate-wnormal_0.25	score_as_negative-tissue_prostate-w_1000g-wnormal_0.25	score_as_negative-tissue_esophagus-wnormal_0.25	score_as_negative-tissue_esophagus-w_1000g-wnormal_0.25	score_as_negative-tissue_liver-wnormal_0.25	score_as_negative-tissue_liver-w_1000g-wnormal_0.25	score_as_negative-tissue_blood-wnormal_0.25	score_as_negative-tissue_blood-w_1000g-wnormal_0.25	score_as_negative-tissue_ovary-wnormal_0.25	score_as_negative-tissue_ovary-w_1000g-wnormal_0.25	score_as_positive-wnormal_0.5	score_as_positive-w_1000g-wnormal_0.5	score_as_negative-tissue_pancreas-wnormal_0.5	score_as_negative-tissue_pancreas-w_1000g-wnormal_0.5	score_as_negative-tissue_bone-wnormal_0.5	score_as_negative-tissue_bone-w_1000g-wnormal_0.5	score_as_negative-tissue_breast-wnormal_0.5	score_as_negative-tissue_breast-w_1000g-wnormal_0.5	score_as_negative-tissue_kidney-wnormal_0.5	score_as_negative-tissue_kidney-w_1000g-wnormal_0.5	score_as_negative-tissue_gallbladder-wnormal_0.5	score_as_negative-tissue_gallbladder-w_1000g-wnormal_0.5	score_as_negative-tissue_prostate-wnormal_0.5	score_as_negative-tissue_prostate-w_1000g-wnormal_0.5	score_as_negative-tissue_esophagus-wnormal_0.5	score_as_negative-tissue_esophagus-w_1000g-wnormal_0.5	score_as_negative-tissue_liver-wnormal_0.5	score_as_negative-tissue_liver-w_1000g-wnormal_0.5	score_as_negative-tissue_blood-wnormal_0.5	score_as_negative-tissue_blood-w_1000g-wnormal_0.5	score_as_negative-tissue_ovary-wnormal_0.5	score_as_negative-tissue_ovary-w_1000g-wnormal_0.5	score_as_positive-wnormal_0.75	score_as_positive-w_1000g-wnormal_0.75	score_as_negative-tissue_pancreas-wnormal_0.75	score_as_negative-tissue_pancreas-w_1000g-wnormal_0.75	score_as_negative-tissue_bone-wnormal_0.75	score_as_negative-tissue_bone-w_1000g-wnormal_0.75	score_as_negative-tissue_breast-wnormal_0.75	score_as_negative-tissue_breast-w_1000g-wnormal_0.75	score_as_negative-tissue_kidney-wnormal_0.75	score_as_negative-tissue_kidney-w_1000g-wnormal_0.75	score_as_negative-tissue_gallbladder-wnormal_0.75	score_as_negative-tissue_gallbladder-w_1000g-wnormal_0.75	score_as_negative-tissue_prostate-wnormal_0.75	score_as_negative-tissue_prostate-w_1000g-wnormal_0.75	score_as_negative-tissue_esophagus-wnormal_0.75	score_as_negative-tissue_esophagus-w_1000g-wnormal_0.75	score_as_negative-tissue_liver-wnormal_0.75	score_as_negative-tissue_liver-w_1000g-wnormal_0.75	score_as_negative-tissue_blood-wnormal_0.75	score_as_negative-tissue_blood-w_1000g-wnormal_0.75	score_as_negative-tissue_ovary-wnormal_0.75	score_as_negative-tissue_ovary-w_1000g-wnormal_0.75	score_as_negative-tissue_headneck-wnormal_0.25	score_as_negative-tissue_headneck-w_1000g-wnormal_0.25	score_as_negative-tissue_headneck-wnormal_0.5	score_as_negative-tissue_headneck-w_1000g-wnormal_0.5	score_as_negative-tissue_headneck-wnormal_0.75	score_as_negative-tissue_headneck-w_1000g-wnormal_0.75
TACC3	FGFR3	CNS-GBM,Bladder-TCC,Head-SCC	brain,bladder,headneck	['headneck']	11	7	17	9	35	23	6	4	7	5	15	9	4	2	1	1	13	8	4	3	1	1	1	1	1	1	5	2	3	3	9	8	3	1	7	7	32	18	9	7	26	17	43	18	2	2	11	4	8	6	85	36	25	15	14	7	33	17	0.019615384615384618	0.029268130558357024	0.0818661971830986	0.08176136491472799	0.023245689655172416	0.031821526151444186	-0.009562499999999998	0.01893985849056604	0.013804347826086954	0.03351859049099624	-0.0002083333333333312	0.03161764705882353	0.038654867803311094	0.04618946298109512	0.03163769466988374	0.03280218532970133	0.03018884569790202	0.03900796460176991	0.04730327199090522	0.054138194905423806	0.10960900852878463	0.11717486942268154	0.0	0.019305491885944808	0.05457746478873239	0.05436780025199118	0.0036580459770114947	0.020809718969555035	-0.045125	0.011879716981132077	-0.017946859903381646	0.021481625426436928	-0.042916666666666665	0.020735294117647057	0.015126637015072893	0.030195827370640957	0.019339219127001532	0.021668200446636726	0.006719874286659502	0.02435811209439528	0.021831213585334665	0.03550105941437183	0.06257515991471213	0.07770688170250596	-0.019615384615384618	0.009342853213532594	0.027288732394366196	0.026974235589254374	-0.015929597701149427	0.009797911787665887	-0.0806875	0.004819575471698114	-0.049698067632850236	0.009444660361877617	-0.085625	0.009852941176470587	-0.00840159377316531	0.014202191760186788	0.007040743584119324	0.010534215563572112	-0.016749097124583015	0.00970825958702065	-0.003640844820235894	0.016863923923319857	0.01554131130063965	0.03823889398233038						
ERG	TMPRSS2	Prost-AdenoCA	prostate	['prostate']	231	77	320	103	0	0	101	39	141	48	212	35	174	31	172	61	214	66	56	12	37	10	8	4	28	9	646	372	147	39	0	0	158	38	0	0	616	188	0	0	715	199	0	0	14	14	96	38	145	47	0	0	0	0	221	77	6071	129	0.5720441067457375	0.6390543797544626	0.0	-0.01921525559105431	0.22921982758620696	0.2968433840749415	0.200625	0.3024088050314465	0.09552173913043477	0.1507625340069957	0.19895833333333335	0.31584956279809223			0.19733110331212989	0.2587768002486769	0.15794509690403333	0.2100557522123894	0.0984486464402444	0.15853604271853772	0.059183102345415795	0.11300532727676837	0.26232765011119347	0.39634819612864347	0.0	-0.03843051118210862	0.03493965517241382	0.17018676814988293	-0.02975	0.1738176100628931	-0.037623188405797106	0.07285840134732478	-0.04958333333333331	0.18419912559618443			0.020832419390217183	0.14372381326331118	0.0012884238965621964	0.10550973451327436	-0.04407187011510587	0.07610292244148077	-0.05984808102345415	0.047796368839250994	-0.04738880652335059	0.15364201250282444	0.0	-0.05764576677316293	-0.15934051724137932	0.04353015222482438	-0.260125	0.045226415094339625	-0.170768115942029	-0.005045731312346161	-0.298125	0.05254868839427665			-0.15566626453169552	0.028670826277945483	-0.1553682491109089	0.0009637168141593128	-0.18659238667045616	-0.006330197835576194	-0.1788792643923241	-0.017412589598266373	0.23576923076923076	0.2564466244919165	0.10384615384615385	0.14520094129152533	-0.02807692307692307	0.03395525809113415
RET	CCDC6	Lung-AdenoCA,Panc-AdenoCA,Thy-AdenoCA	lung,pancreas,thyroid	['pancreas']	241	63	325	85	0	0	94	34	81	30	213	32	194	33	122	56	203	69	40	10	29	8	15	6	27	7	74	50	141	34	0	0	201	36	0	0	586	166	0	0	648	176	0	0	12	12	102	34	100	42	0	0	0	0	205	59	405	104	0.0	-0.0025698881789137378			0.12029741379310345	0.19336270491803279	0.2324375	0.3414388757861635	0.10004710144927538	0.16246026039642442	0.155625	0.26503080286168523	0.22685013590313816	0.290567953173587	0.21615348760693134	0.2861801823357628	0.13982094119593086	0.19888495575221238	0.08278945218132724	0.14548192038970353	0.0506183368869936	0.11360198922042562	0.0	-0.0051397763578274755			-0.022905172413793085	0.12322540983606559	0.003874999999999962	0.22187775157232703	-0.022239130434782595	0.10258718745951548	-0.04625000000000001	0.17256160572337043	0.058981961947121325	0.18641759648801903	0.04368995393726696	0.18374334339492995	0.0009398174951065763	0.11906784660766964	-0.03596294585760977	0.08942199055914281	-0.05590618336886993	0.0700611212979941	0.0	-0.007709664536741214			-0.1661077586206896	0.053088114754098366	-0.2246875	0.10231662735849056	-0.14452536231884056	0.04271411452260655	-0.24812500000000004	0.08009240858505565	-0.10888621200889549	0.08226723980245107	-0.12877357973239745	0.08130650445409704	-0.1379413062057177	0.03925073746312685	-0.15471534389654681	0.03336206072858206	-0.16243070362473347	0.026520253375562595	0.1569230769230769	0.21463051251489865	0.023846153846153822	0.13926102502979737	-0.10923076923076926	0.06389153754469606
VMP1	RPS6KB1	Breast-AdenoCA,Uterus-AdenoCA	breast,uterus	['breast']	180	67	290	96	376	72	110	38	124	40	79	28	134	32	99	45	291	66	31	7	51	10	14	4	22	12	162	85	120	35	17	11	115	38	53	27	482	163	52	27	771	219	89	38	17	17	96	40	163	47	396	69	365	63	186	60	349	115	0.2326875	0.3193358883647799	0.37130281690140843	0.36689786482473113	0.1788620689655172	0.2592334113973458			0.196536231884058	0.27817865008420783	0.265	0.339612480127186	0.25226186063750927	0.3148747431110729	0.22597472033340646	0.2800174953168585	0.22517216662531359	0.29053451327433627	0.22836809009521103	0.29198226989586895	0.2624517590618337	0.3343324373506696	0.031875000000000014	0.20517177672955975	0.24753521126760564	0.238725307114251	0.003724137931034488	0.16446682279469163			0.013294685990338145	0.17657952239063782	0.07083333333333333	0.22005829358770534	0.07501667902149742	0.2002424439686246	0.06992816407106822	0.1780137140379723	0.04591955448956525	0.17664424778761062	0.057352920278527786	0.18458127987984363	0.07068923240938169	0.2144505889870534	-0.16893749999999996	0.09100766509433962	0.12376760563380282	0.11055274940377087	-0.17141379310344826	0.06970023419203747			-0.16994685990338165	0.07498039469706784	-0.12333333333333334	0.1005041070482247	-0.10222850259451445	0.08561014482617632	-0.08611839219127002	0.07600993275908612	-0.13333305764618308	0.06275398230088496	-0.11366224953815546	0.07718028986381832	-0.12107329424307033	0.09456874062343724	0.3176923076923077	0.35425139818465207	0.15692307692307694	0.23004125790776567	-0.0038461538461538602	0.10583111763087927
NUMB	HEATR4	Ovary-AdenoCA,Lymph-BNHL,Uterus-AdenoCA	ovary,lymph,uterus	['ovary']	703	109	931	146	650	71	425	57	502	58	258	38	356	38	530	91	852	91	124	12	114	12	64	12	135	13	596	334	367	43	75	20	421	47	62	30	1752	268	123	40	2141	277	118	46	67	66	432	64	586	70	252	67	666	70	763	106	1411	140	0.2763347547974414	0.39150708451408567	0.4400704225352113	0.42280205192818254	0.28408620689655173	0.40517681498829033	0.28812499999999996	0.40388246855345905	0.23093840579710143	0.3407879582847519	0.29541666666666666	0.42834459459459456	0.3112824314306894	0.4219368080138586	0.30008280324632597	0.4095035256488912	0.2727382626195793	0.3766849557522124	0.2866634396759983	0.38840897166401817			0.0035266524520256026	0.23387131188531424	0.29338028169014085	0.2588435404760833	0.001172413793103455	0.24335362997658078	0.012249999999999983	0.2437649371069182	-0.019567632850241545	0.20013147212505938	-0.004166666666666652	0.26168918918918915	0.030240919199406968	0.25154967236574527	0.025484755428822115	0.24432620023395257	0.0024381771565627486	0.2103315634218289	0.025705733977547274	0.22919679795358694			-0.26928144989339015	0.07623553925654275	0.14669014084507043	0.09488502902398416	-0.28174137931034476	0.08153044496487118	-0.263625	0.08364740566037734	-0.27007367149758454	0.059474985965366836	-0.30374999999999996	0.09503378378378377	-0.25080059303187546	0.08116253671763199	-0.24911329238868177	0.07914887481901396	-0.26786190830645384	0.04397817109144542	-0.2352519717209038	0.06998462424315573			0.32519230769230767	0.43504591852327246	0.04653846153846153	0.26624568320039116	-0.23211538461538464	0.09744544787750983
CCDC170	ESR1	Ovary-AdenoCA,Breast-AdenoCA	ovary,breast	['ovary', 'breast']	232	78	407	109	181	64	158	51	202	52	179	33	165	36	126	53	273	69	64	11	53	10	19	7	44	12	314	175	147	36	8	6	169	42	22	15	787	216	37	25	966	234	41	28	78	77	108	43	242	52	319	66	169	49	274	74	525	119	0.25559267912772593	0.33849141452827786	0.2766549295774648	0.2676054088106916	0.23352586206896553	0.3387628805620609			0.17171376811594202	0.2424188042492551	0.21770833333333336	0.3360085453100159	0.2548403138127008	0.32953909284584515	0.2255014805878482	0.28566763397056777	0.21183697240371624	0.292687610619469	0.2219138127042774	0.2926669918666479			0.04307424714434063	0.2088717179454445	0.18443661971830985	0.16633757818476352	5.1724137931058456e-05	0.2105257611241218			0.005538647342995168	0.14694871960962128	-0.025416666666666615	0.21118375728669847	0.053694712132443784	0.2030922701987325	0.0549391313884624	0.17527143815390153	0.007538251592093342	0.16923952802359885	0.03686727298564729	0.1783736313103883			-0.1694441848390446	0.07925202136261118	0.09221830985915493	0.06506974755883543	-0.2334224137931034	0.08228864168618268			-0.1606364734299517	0.051478634969987475	-0.26854166666666657	0.08635896926338103	-0.1474508895478132	0.07664544755161988	-0.1156232178109234	0.06487524233723527	-0.19676046921952967	0.045791445427728616	-0.14817926673298282	0.0640802707541287			0.30057692307692313	0.36216917270254584	0.10576923076923078	0.22895373002047617	-0.08903846153846154	0.09573828733840653
FBF1	AFM	Liver-HCC	liver	['liver']	35	17	27	14	73	38	19	8	18	7	22	11	17	9	35	15	26	12	1	1	0	0	2	1	1	1	13	6	18	10	1	1	23	9	4	3	55	30	2	2	54	35	5	5	0	0	10	5	19	9	35	20	7	7	34	16	47	21	0.03264811292145674	0.04380973451327434	0.0377112676056338	0.0373987676056338	0.027939655172413792	0.04528571428571428	0.0518125	0.08669280660377358	0.0316340579710145	0.051393023707734166	-0.010624999999999999	-0.0003616852146263911	0.039650667160859895	0.05684483908800396	0.029714849747751692	0.048891445188838985			0.07136430652266591	0.08806739853425329	0.07086993603411514	0.0800142523753959	0.004558762716069812	0.026882005899705023	0.025140845070422534	0.024515845070422534	-0.005454022988505745	0.02923809523809524	-0.013125000000000005	0.056635613207547175	-0.006398550724637679	0.033119380748801656	-0.021249999999999998	-0.0007233704292527822	0.002047813194959232	0.03643615704924736	-0.007166045185347671	0.03118714569682691			0.023785881767798778	0.057192065790973516	0.03431130063965885	0.05259993332222037	-0.02353058748931712	0.009954277286135696	0.012570422535211267	0.011632922535211268	-0.03884770114942529	0.013190476190476192	-0.0780625	0.026578419811320756	-0.044431159420289856	0.014845737789869154	-0.031875	-0.0010850556438791732	-0.03555504077094144	0.016027475010490753	-0.04404694011844704	0.013482846204814838			-0.023792542987068354	0.02631673304769376	-0.00224733475479744	0.02518561426904484	0.019423076923076925	0.029060542159469457	-0.00038461538461538256	0.018890315088169678	-0.02019230769230769	0.008720088016869902
GTF2IRD1	GTF2I	Breast-AdenoCA,Liver-HCC,Uterus-AdenoCA	breast,liver,uterus	['breast', 'liver']	197	73	272	103	812	72	162	49	163	48	117	33	150	33	124	54	218	78	22	10	47	12	16	7	24	11	441	307	93	34	45	17	117	41	90	33	603	216	60	28	904	240	181	43	122	117	95	38	106	47	589	70	1099	70	201	73	379	117	0.2357884321621997	0.3105588464177338	0.4858098591549296	0.4700440843945462	0.20778879310344828	0.302417349726776			0.22819202898550725	0.3076286112190698	0.295625	0.3881657392686805	0.24454472448727455	0.31023979438126087	0.25578032463259487	0.31067167292448894			0.24735141040215997	0.30623038742381264	0.2761847014925373	0.333330173084403	0.022104568809887537	0.1716453973209558	0.3238732394366197	0.29234168991585296	-0.011589080459770112	0.17766803278688525			0.022272946859903386	0.18114611132702854	0.05208333333333334	0.23716481187069424	0.05042747714356313	0.18181761693153575	0.073475542882211	0.18325823946599917			0.061486961773483034	0.1792449158167884	0.08486940298507464	0.19916034616880593	-0.19157929454242473	0.032731948224177715	0.16193661971830986	0.1146392954371597	-0.2309669540229885	0.052918715846994556			-0.1836461352657005	0.05466361143498726	-0.1914583333333333	0.08616388447270801	-0.14368977020014828	0.05339543948181066	-0.10882923886817286	0.055844806007509386			-0.12437748685519395	0.05225944420976406	-0.10644589552238803	0.06499051925320888	0.26076923076923075	0.3151059717001314	0.08000000000000002	0.1886734818618013	-0.10076923076923075	0.06224099202347117
ACTG2	DGUOK	Bone-Leiomyo,Bladder-TCC	bone,bladder	['bone']	14	9	19	9	28	23	19	11	32	17	17	10	14	8	16	9	27	16	0	0	6	2	4	2	0	0	72	50	7	4	2	2	33	14	3	2	70	41	2	2	208	93	3	2	5	5	16	9	9	6	40	24	21	13	23	9	53	25	0.08572413793103448	0.10718501170960186	0.07088028169014085	0.06831239031633893			0.0453125	0.07458942610062894	0.058471014492753624	0.06686740510428812	0.06625	0.06369435612082672	0.058447615517667396	0.06591266852451606	0.053973733274840965	0.06306401179579049	0.09245134121798582	0.10551415929203538	0.04506146084979394	0.051528171705590084	0.06559408315565032	0.0800280393954548	0.024448275862068963	0.06737002341920374	0.04725352112676057	0.042117738379156736			-0.012874999999999998	0.045678852201257863	0.024053140096618356	0.040845921319687346	0.04416666666666667	0.03905537890832009	0.025134667655053122	0.04006477366875047	0.019968743145426626	0.03814930018732566	0.03856049954511619	0.06468613569321532	0.017567855620292738	0.03050127733188502	0.0205453091684435	0.04941322164805246	-0.03682758620689656	0.027555035128805618	0.023626760563380284	0.015923086441974533			-0.0710625	0.016768278301886794	-0.010364734299516905	0.01482443753508658	0.022083333333333333	0.014416401695813461	-0.008178280207561159	0.014216878812984859	-0.014036246983987716	0.01323458857886083	-0.015330342127753423	0.023858112094395274	-0.009925749609208473	0.009474382958179954	-0.024503464818763324	0.01879840390065011	-0.02	-0.0026579261025029798	-0.04	-0.0053158522050059595	-0.06	-0.00797377830750894
AKIRIN1	MACF1	Ovary-AdenoCA,Uterus-AdenoCA	ovary,uterus	['ovary']	276	87	325	100	504	70	182	49	214	48	184	33	148	30	188	63	285	79	62	11	48	10	18	8	30	13	136	87	122	34	38	19	155	43	46	26	795	221	60	28	905	228	86	37	71	70	155	44	133	47	489	69	359	61	292	79	606	121	0.2561625799573561	0.33738363338334165	0.3601056338028169	0.3556267999370022	0.21330172413793108	0.3198042544886808	0.19437500000000002	0.3027893081761006	0.20243840579710148	0.2971609988340459	0.21500000000000002	0.3374344197138315	0.2585229799851742	0.3432146892047472	0.2518680083351612	0.33037875162580677	0.21144487635431314	0.2993221238938053	0.21496074321443798	0.29955868351001413			0.053610874200426456	0.21605298105239765	0.24007042253521127	0.23111275480358187	-0.009063218390804595	0.2039418423106948	-0.023249999999999993	0.19357861635220125	-0.0007898550724637354	0.18865533100142506	-0.026666666666666672	0.2182021727609963	0.048313565604151204	0.2176969840432972	0.053204101776705426	0.21022558835799654	0.0028012571334050385	0.1785557522123894	0.01895232343328121	0.18814820402443358			-0.1489408315565032	0.09472232872145359	0.12003521126760563	0.10659870967016155	-0.23142816091954027	0.08807943013270883	-0.240875	0.08436792452830189	-0.20401811594202895	0.08014966316880426	-0.2683333333333333	0.09896992580816111	-0.1618958487768718	0.09217927888184724	-0.14545980478175036	0.09007242509018626	-0.20584236208750312	0.05778938053097345	-0.17705609634787556	0.07673772453885302			0.31192307692307697	0.3874368142782923	0.10076923076923078	0.2517967054796614	-0.11038461538461539	0.11615659668103054
AKAP12	ESR1	Ovary-AdenoCA,Breast-AdenoCA	ovary,breast	['ovary', 'breast']	427	112	572	139	193	67	264	53	302	56	259	39	299	39	302	82	579	89	62	12	84	10	39	10	82	12	518	278	284	44	47	18	317	47	143	38	1249	260	66	29	1436	267	71	34	62	58	216	58	395	65	694	68	468	63	481	102	971	133	0.2917507788161994	0.39726298991446446	0.3821830985915493	0.3677881305404311	0.262146551724138	0.3708374316939891			0.26818840579710146	0.37515740380878354	0.22708333333333333	0.35001589825119234	0.2801272547566098	0.3834200120509151	0.2877963917525773	0.38316080353710114	0.24352493590273758	0.3395946902654867	0.244071603666335	0.3461344995272866			0.028612668743509873	0.23963709094004	0.2547887323943662	0.2259987962921298	0.007293103448275884	0.22467486338797815			0.013043478260869545	0.2269814742842337	-0.03249999999999997	0.2133651298357181	0.023564368668149233	0.23014988325675978	0.04059278350515466	0.23132160707420224	-0.0013572078405424959	0.19078230088495574	0.00069827341196535	0.20482406513386842			-0.2345254413291796	0.08201119196561556	0.1273943661971831	0.08420946204382848	-0.24756034482758618	0.07851229508196722			-0.24210144927536234	0.07880554475968388	-0.29208333333333325	0.07671436142024378	-0.23299851742031136	0.07687975446260449	-0.20661082474226802	0.07948241061130334	-0.24623935158382262	0.04196991150442478	-0.2426750568424044	0.06351363074045019			0.28980769230769227	0.3786055591210537	0.05499999999999999	0.2325957336267229	-0.1798076923076923	0.08658590813239203
AHCY	ITCH	Ovary-AdenoCA,Bladder-TCC	ovary,bladder	['ovary']	108	39	123	47	185	59	30	18	56	23	49	17	72	24	62	31	106	45	14	7	21	10	5	3	10	4	88	54	38	17	57	18	81	23	26	22	286	116	35	24	358	129	71	30	5	5	34	15	74	29	261	62	283	62	90	40	204	73	0.23244269722814498	0.25822307190087235	0.3573591549295775	0.3545756086036989	0.11066379310344826	0.147121975019516	0.1823125	0.23487676886792452	0.12956884057971016	0.19191511206114784	0.24979166666666672	0.3224930445151034	0.1577230046948357	0.19889820204650363	0.146432331651678	0.18374958076680817	0.12835897223830395	0.1764300884955752	0.14379440812846384	0.1806763740537351			0.11595682302771854	0.1675175723731733	0.2382394366197183	0.2326723439679611	0.02032758620689655	0.09324395003903202	0.046625	0.15175353773584907	-0.002751207729468602	0.12194133523340675	0.06541666666666668	0.21081942236354004	0.044037558685446024	0.1263879533887819	0.042226365431015586	0.11686086366127595	0.009549802883687605	0.10569203539823009	0.04054035810714793	0.11430428995769047			-0.0005290511727078923	0.07681207284547424	0.11911971830985915	0.11076907933222337	-0.07000862068965517	0.03936592505854801	-0.0890625	0.06863030660377359	-0.13507125603864734	0.05196755840566567	-0.11895833333333333	0.09914580021197669	-0.06964788732394364	0.05387770473106016	-0.06197960078964683	0.0499721465557437	-0.10925936647092876	0.03495398230088496	-0.06271369191416797	0.047932205861645844			0.09134615384615385	0.11823072338864951	0.021153846153846155	0.07492298523883745	-0.04903846153846154	0.0316152470890254
TRAF3IP2	FYN	Ovary-AdenoCA,Lymph-BNHL	ovary,lymph	['ovary']	79	35	102	56	61	35	49	21	79	35	43	19	55	24	55	33	88	42	9	6	9	7	5	2	23	11	1311	948	47	19	6	5	60	26	34	23	317	145	11	9	282	136	19	18	35	33	41	21	116	21	117	52	189	56	84	40	156	61	0.16730890191897654	0.1595911749180419	0.31573943661971826	0.2671062497187598	0.1812543103448276	0.1800203942232631	0.17325	0.18646816037735847	0.16660144927536233	0.16345355616012439	0.16000000000000003	0.17566673290938	0.12362923152952804	0.12082544733642497	0.1306311691160342	0.1261161828102121	0.11448990985030189	0.12680176991150444	0.11884085903083698	0.10763747242505313			0.05726066098081023	0.041825206978940946	0.21049295774647886	0.11322658394456193	0.05767528735632184	0.05520745511319283	0.03274999999999999	0.059186320754716984	0.05053623188405797	0.04424044565358208	0.020833333333333343	0.052166799152093296	0.021483815171732146	0.015876246785526002	0.028496380785259914	0.01946640817361571	-0.007037879414440493	0.01758584070796461	0.030060572687224646	0.007653799475656947			-0.052787579957356084	-0.07594076096016003	0.10524647887323943	-0.04065308182963595	-0.06590373563218392	-0.0696054839968774	-0.10775000000000001	-0.0680955188679245	-0.06552898550724638	-0.07497266485296024	-0.11833333333333332	-0.07133313460519342	-0.08066160118606375	-0.08907295376537297	-0.07363840754551437	-0.08718336646298067	-0.12856566867918284	-0.09163008849557522	-0.05871971365638769	-0.09232987347373922			0.31038461538461537	0.2820906298707252	0.18	0.12341202897221967	0.0496153846153846	-0.035266571926285864
SMCO2	PPFIBP1	Ovary-AdenoCA,Uterus-AdenoCA	ovary,uterus	['ovary']	155	60	238	86	23	15	73	30	101	34	66	27	103	29	115	45	164	59	41	12	34	9	5	4	26	7	176	96	68	29	13	8	114	35	52	22	483	166	17	15	590	175	27	21	13	13	72	32	147	50	207	57	263	63	123	56	270	99	0.24318336886993608	0.2991070178363061	0.3605281690140845	0.35556011789587366	0.15732327586206893	0.21873448477751753	0.20268749999999996	0.28490605345911946	0.18136956521739128	0.24462229563414947	0.16895833333333332	0.29691872019077903	0.21160334815913018	0.26816125361796445	0.18750383856108793	0.24140150678544256	0.15608765472941308	0.21760973451327434	0.11186469731419636	0.1677385987233386			0.07893816631130067	0.1907854642440407	0.24035211267605636	0.23041601043963464	0.014479885057471248	0.13730230288836845	0.017124999999999974	0.18156210691823899	0.02762801932367151	0.15413348015718792	-0.06541666666666668	0.19050410704822468	0.05560106251544353	0.168716873433112	0.04373108137749504	0.15152641782620432	0.004889173765610794	0.12793333333333334	-0.010235363080858345	0.10151243973742614			-0.08530703624733474	0.0824639106517753	0.12017605633802818	0.10527190298339559	-0.12836350574712646	0.055870120999219355	-0.16843750000000002	0.07821816037735849	-0.12611352657004832	0.06364466468022628	-0.2997916666666667	0.08408949390567037	-0.10040122312824312	0.0692724932482596	-0.10004167580609785	0.06165132886696605	-0.14630930719819146	0.03825693215339233	-0.13233542347591307	0.03528628075151368			0.17750000000000002	0.21177706977170627	0.06576923076923077	0.13432337031264327	-0.045961538461538456	0.05686967085358027
PMEPA1	MSL2	Ovary-AdenoCA,Breast-AdenoCA	ovary,breast	['ovary', 'breast']	36	21	64	31	0	0	13	7	18	10	27	12	49	16	20	11	31	17	6	4	5	4	5	2	5	2	7	3	26	11	0	0	30	16	0	0	86	50	0	0	120	57	0	0	0	0	22	11	20	11	0	0	0	0	47	20	107	48	0.03111098130841123	0.05782664687859059	0.0	-0.00015674920127795527	0.04910344827586207	0.06424258391881343			0.04829710144927536	0.0684544630133437	0.08520833333333333	0.12776430842607311	0.10945144551519644	0.13126223921066504	0.05560183154200482	0.06959378348752934	0.045567777685882056	0.06328053097345132	0.03143082989910473	0.052143533046352726			-0.016611370716510893	0.036819960423847824	0.0	-0.00031349840255591053	0.011873563218390802	0.04215183450429352			0.004371980676328498	0.04468670380446517	-0.0004166666666666624	0.08469528351881293	0.042353595255745	0.08597518264668223	0.017480258828690504	0.04546416271973955	0.003524935902737572	0.0389504424778761	-0.008239661787693614	0.03318574450680238			-0.06433372274143301	0.01581327396910507	0.0	-0.0004702476038338658	-0.025356321839080462	0.020061085089773615			-0.03955314009661837	0.020918944595586648	-0.08604166666666667	0.04162625861155273	-0.024744255003706445	0.04068812608269941	-0.020641313884623817	0.02133454195194974	-0.03851790588040691	0.014620353982300882	-0.04791015347449196	0.014227955967252027			0.040384615384615394	0.06031669264386786	0.0	0.03986415451850494	-0.040384615384615394	0.01941161639314202
SPAG9	MBTD1	Ovary-AdenoCA,Stomach-AdenoCA	ovary,stomach	['ovary']	417	97	518	123	378	71	175	47	292	53	198	33	206	37	228	72	542	84	57	12	65	11	44	11	44	12	1072	634	175	36	49	17	231	46	55	28	999	228	43	24	1371	258	83	37	35	34	211	57	249	57	229	67	688	68	363	95	722	130	0.24353358208955225	0.3229065538700895	0.43183098591549296	0.39911133735319265	0.25891379310344825	0.3333071818891491	0.27	0.35147877358490565	0.22803623188405797	0.29753199896359633	0.24749999999999997	0.35115858505564385	0.26931646898937484	0.34526623645617016	0.2796912700153542	0.34317228643647696	0.2522494693022358	0.3174212389380531	0.24389858959783994	0.31390184240875957			0.010067164179104499	0.16881310774017894	0.28788732394366195	0.22244802681906134	0.02749425287356322	0.17628103044496485	0.026000000000000023	0.18895754716981134	0.013183574879227056	0.15217510903830375	-0.017500000000000016	0.18981717011128774	0.03004138868297504	0.18194092361656572	0.054914454924325506	0.18187648776657095	0.02650483830948641	0.15684837758112094	0.021013038226516983	0.16101954384835626			-0.22339925373134323	0.0147196616102684	0.14394366197183098	0.04578471628493003	-0.20392528735632182	0.019254879000780656	-0.21799999999999997	0.02643632075471701	-0.20166908212560392	0.006818219113011184	-0.28250000000000003	0.02847575516693164	-0.20923369162342476	0.01861561077696125	-0.1698623601667032	0.020580689096664953	-0.19923979268326297	-0.0037244837758111937	-0.201872513144806	0.008137245287952871			0.25730769230769235	0.3383978179151005	0.019230769230769246	0.18141102044558544	-0.21884615384615383	0.024424222976070442
NDC80	SMCHD1	Bone-Leiomyo,Lymph-BNHL	bone,lymph	['bone']	96	45	155	64	236	68	51	25	67	29	65	24	92	25	76	33	240	52	21	7	14	8	9	2	11	7	216	107	77	25	3	3	77	27	4	4	379	140	7	5	400	154	8	6	12	12	32	16	71	29	77	40	241	54	99	44	223	85	0.13354741379310348	0.18292418032786886	0.31066901408450703	0.30511190545830896			0.1725625	0.24491214622641508	0.08229347826086955	0.12907057261303276	0.1814583333333333	0.2528507551669316	0.18583333333333335	0.22873949579831934	0.18211120859837682	0.21958690192806368	0.1265472941306206	0.1743345132743363	0.18368178911467953	0.22345353998618736	0.16170522388059702	0.18652868533644495	0.014261494252873583	0.11301502732240438	0.207112676056338	0.19599845880394184			0.009625000000000022	0.1543242924528302	-0.0166352657004831	0.07691892300384333	0.017916666666666636	0.16070151033386326	0.05666666666666667	0.14247899159663865	0.062094757622285585	0.13704614428165926	0.005070989441182158	0.10064542772861357	0.059390009947420774	0.13893351169043644	0.06641044776119404	0.11605737067288993	-0.10502442528735631	0.04310587431693989	0.103556338028169	0.08688501214957475			-0.1533125	0.06373643867924529	-0.11556400966183576	0.024767273394653885	-0.14562500000000003	0.0685522655007949	-0.0725	0.05621848739495798	-0.057921693353805676	0.05450538663525485	-0.11640531524825626	0.026956342182890856	-0.06490176921983801	0.054413483394685505	-0.02888432835820895	0.045586056009334894	0.1873076923076923	0.2026325601295804	0.09692307692307692	0.1275728125668531	0.006538461538461535	0.05251306500412579
TERT	TRIO	Bone-Leiomyo	bone	['bone']	178	55	234	91	0	0	94	39	109	42	132	31	193	35	146	57	189	60	30	10	29	9	6	3	35	9	96	80	144	32	0	0	158	34	0	0	528	195	0	0	666	192	0	0	61	58	69	29	127	43	0	0	0	0	158	59	320	97	0.18802155172413787	0.27013358704137386	0.0	-0.004089456869009585			0.2591875	0.3586344339622642	0.09164492753623191	0.14915902318953234	0.18895833333333334	0.29477841812400635	0.20490548554484803	0.2661840831082753	0.1772249945163413	0.24762488036516234	0.1470771648333471	0.21440353982300883	0.0990294159442944	0.15137978664199164	0.06530303837953091	0.11652220508973718	0.00787643678160918	0.17210050741608118	0.0	-0.00817891373801917			0.032625000000000015	0.2315188679245283	-0.02315458937198067	0.09187360193462019	-0.02125000000000002	0.19039016958134605	0.045726464047442544	0.16828365917429713	0.015194669883746431	0.1559944415813885	-0.00867752874038541	0.12597522123893806	-0.012690066789825219	0.09201067460556929	-0.0320367803837953	0.07040155303661721	-0.17226867816091954	0.07406742779078844	0.0	-0.012268370607028754			-0.19393749999999996	0.10440330188679245	-0.13795410628019322	0.03458818067970808	-0.23145833333333338	0.08600192103868574	-0.11345255744996295	0.07038323524031892	-0.14683565474884847	0.06436400279761467	-0.16443222231411792	0.03754690265486726	-0.12440954952394487	0.032641562569146895	-0.12937659914712152	0.02428090098349725	0.24980769230769231	0.2755844106231472	0.12653846153846154	0.17809189816937135	0.0032692307692307604	0.0805993857155955
GNS	NUP107	Bone-Leiomyo,CNS-GBM	bone,headneck	['bone', 'headneck']	111	41	173	62	0	0	51	24	60	24	48	20	44	19	111	38	142	50	34	9	19	4	8	4	19	5	33	18	59	21	0	0	41	19	0	0	283	113	0	0	300	119	0	0	5	5	57	20	82	28	0	0	0	0	119	43	254	79	0.10571580165927069	0.15476671099880304	0.0	-0.0009315095846645367			0.12087500000000001	0.18442826257861636	0.04240217391304349	0.08059926803990156	0.036041666666666666	0.13546701112877582	0.17228348159130222	0.21898457590462564	0.158967975433209	0.20796819144846088	0.09206717117415156	0.13219823008849557	0.06457021813272701	0.10519546362789076	0.03995255863539446	0.07745781241317998	0.0019795485240208383	0.10008136720308553	0.0	-0.0018630191693290734			-0.006750000000000006	0.1203565251572327	-0.025306763285024153	0.051087424968691966	-0.11041666666666666	0.08843402225755166	0.0485106251544354	0.14191281378108223	0.03687212107918403	0.13487255310968777	-0.00023143936261130205	0.0800306784660767	-0.015044585760977683	0.0662059052293498	-0.025952025586353934	0.04905848196921709	-0.10175670461122902	0.045396023407368	0.0	-0.00279452875399361			-0.13437500000000002	0.05628478773584906	-0.09301570048309178	0.0215755818974824	-0.25687499999999996	0.0414010333863275	-0.07526223128243144	0.06484105165753883	-0.08522373327484097	0.061776914770914626	-0.09253004989937419	0.02786312684365782	-0.09465938965468237	0.027216346830808844	-0.09185660980810233	0.02065915152525421						
STAT3	PTRF	Breast-AdenoCA,Lymph-BNHL	breast,lymph	['breast']	36	20	55	28	222	64	19	10	36	21	24	12	27	11	34	14	42	22	8	5	8	3	1	1	2	1	255	90	20	11	20	12	38	18	59	30	92	54	65	30	236	107	62	32	9	9	19	8	24	13	281	63	389	62	20	11	103	46	0.06918750000000001	0.10290153301886794	0.368556338028169	0.3638089338748144	0.11337931034482757	0.1306036299765808			0.1649673913043478	0.2023070022023578	0.04499999999999999	0.09376887917329092	0.11441901408450704	0.12183402554363615	0.07219949550339988	0.08584116583638045	0.1264209604940314	0.15229026548672567	0.14024726445928665	0.15562541907214075	0.20427638592750533	0.21487959798855366	-0.005874999999999991	0.06155306603773586	0.24570422535211267	0.2362094170454034	0.045758620689655166	0.0802072599531616			0.052490338164251193	0.12716955996027118	-0.04166666666666667	0.055871091679915205	0.059612676056338035	0.07444269897459624	0.022909629304672087	0.05019296997063323	0.039036611253549486	0.09077522123893805	0.06564871394059968	0.09640502316630793	0.11533848614072495	0.13654491026282156	-0.0809375	0.020204599056603777	0.12285211267605634	0.10860990021599244	-0.021862068965517248	0.029810889929742387			-0.05998671497584539	0.05203211771818456	-0.12833333333333335	0.017973304186539474	0.004806338028169016	0.027051372405556332	-0.026380236894055702	0.01454477410488601	-0.0483477379869324	0.029260176991150442	-0.008949836578087247	0.037184627260475125	0.026400586353944558	0.05821022253708951	0.02019230769230769	0.025226460071513704	0.00038461538461538256	0.010452920143027412	-0.019423076923076925	-0.00432061978545888
VTI1A	TCF7L2	Ovary-AdenoCA,Liver-HCC	ovary,liver	['ovary', 'liver']	1594	120	2225	155	474	71	858	58	835	60	851	40	1061	40	1112	97	1685	94	316	12	299	12	80	13	229	13	718	365	938	45	42	19	968	48	73	29	4138	276	83	37	4818	286	125	43	91	84	741	67	1036	69	478	70	2064	71	1492	114	3116	141	0.3130952316897316	0.4303785657360164	0.5930281690140844	0.5740904693335732	0.3173922413793103	0.4571989656518345	0.39575	0.5524958726415095	0.25613405797101446	0.38509207798937684	0.3710416666666667	0.5421174483306836	0.3792173214726958	0.5119557182668202	0.35578169554726913	0.4854795516454391			0.30941718772204063	0.4372537615915354			0.0028710479306114367	0.23743771602318106	0.3953521126760563	0.35747671331503394	-0.004382183908046011	0.2752312646370023	0.026249999999999996	0.33974174528301887	-0.031176328502415473	0.22673971153430927	-0.00708333333333333	0.3350682299947006	0.042519149987645166	0.3079959435758939	0.03230807194560209	0.2917037841419421			0.002138340201790545	0.25781148794078007			-0.30735313582850865	0.04449686631034572	0.19767605633802815	0.14086295729649462	-0.32615660919540235	0.09326356362217018	-0.34325000000000006	0.12698761792452828	-0.3184867149758454	0.06838734507924168	-0.3852083333333334	0.12801901165871754	-0.2941790214974055	0.10403616888496757	-0.29116555165606495	0.09792801663844511			-0.3051405073184596	0.07836921429002476			0.36673076923076925	0.4875504263317136	0.05730769230769228	0.29894700650958095	-0.25211538461538463	0.11034358668744843
CBFA2T2	CHMP4B	Breast-AdenoCA,Liver-HCC	breast,liver,uterus	['breast', 'liver']	142	62	205	84	157	65	77	38	105	39	83	26	84	31	92	41	224	64	26	10	51	10	10	5	19	9	177	107	80	26	58	15	92	32	102	34	364	146	52	31	531	171	109	38	11	11	64	30	135	38	691	70	501	71	198	72	266	94	0.17804765785453772	0.2376790120045863	0.42792253521126766	0.4224043642847501	0.1716594827586207	0.2495525956284153			0.2118913043478261	0.2836705531804638	0.23479166666666665	0.33836049284578695	0.17899925871015565	0.2533840341514326	0.2179853037946918	0.265820285978388			0.19274282364644024	0.24976383189507775	0.2751775053304904	0.32664053731177417	0.020369722041529315	0.13963243034162648	0.2852816901408451	0.27424534828780994	0.0008189655172413934	0.15660519125683062			0.03556038647342996	0.17911888413870536	0.010416666666666657	0.21755431902490727	0.00828020756115641	0.15704975844371039	0.07171528844044746	0.16738525280783986			0.041344678129884904	0.15538669462715993	0.1056407249466951	0.20856678890926267	-0.13730821377147912	0.041585848678666645	0.14264084507042255	0.12608633229086982	-0.1700215517241379	0.06365778688524591			-0.14077053140096618	0.07456721509694693	-0.2139583333333333	0.09674814520402755	-0.16243884358784283	0.06071548273598812	-0.07455472691379689	0.06895021963729171			-0.11005346738667046	0.06100955735924206	-0.06389605543710022	0.09049304050675112	0.22057692307692311	0.26482900889337124	0.08038461538461539	0.1688887870175117	-0.059807692307692326	0.07294856514165216
MPZL1	DCAF6	Breast-AdenoCA	breast	['breast']	60	28	85	48	82	43	41	19	41	20	49	16	60	18	46	19	110	35	14	6	14	5	6	3	5	1	78	43	46	19	58	16	51	18	34	19	240	108	48	18	339	124	63	28	12	12	30	14	48	21	256	69	483	67	60	29	139	57	0.12693749999999998	0.1769762185534591	0.4048943661971831	0.4026699253026144	0.08740948275862068	0.12698389929742387			0.09407608695652175	0.157283812670035	0.09958333333333334	0.16247416534181242	0.12475568322213987	0.15430019959328162	0.12273415222636541	0.14530544716843766	0.12572698701513524	0.1692336283185841	0.12641253375017764	0.15233964623606164	0.23011833688699365	0.25448083013835643	0.013874999999999985	0.11395243710691823	0.26992957746478874	0.26548069567565136	0.00131896551724138	0.08046779859484776			-0.026847826086956503	0.09956762534006995	-0.02083333333333333	0.1049483306836248	0.03901840869780085	0.09810744144008436	0.047595964027198935	0.09273855391134342	0.015406776390152463	0.10242005899705015	0.045027710672161436	0.0968819356439295	0.11709381663113008	0.16581880313385566	-0.09918750000000001	0.05092865566037735	0.13496478873239437	0.1282914660486883	-0.08477155172413792	0.03395169789227166			-0.1477717391304348	0.041851438010104935	-0.14125	0.0474224960254372	-0.046718865826538176	0.041914683286887106	-0.02754222417196755	0.04017166065424918	-0.0949134342348303	0.035606489675516224	-0.03635711240585476	0.04142422505179732	0.00406929637526654	0.0771567761293549	0.0017307692307692267	0.029362870939152224	-0.03884615384615385	0.016418049570612145	-0.07942307692307693	0.003473228202072064
MIPOL1	TTC6	Breast-AdenoCA	breast	['breast']	3339	124	4653	155	214	68	1972	58	2202	60	1987	40	2255	40	2319	97	3650	94	754	12	761	12	210	13	468	13	2484	1143	1871	45	11	7	2225	48	17	12	10747	276	39	26	12339	286	61	29	466	377	1393	67	2165	70	157	52	442	63	3343	114	6778	142	0.45299999999999996	0.6396668632075472	0.3794366197183099	0.3198978816991406	0.44025	0.5873050351288056			0.2744420289855073	0.37453640367923313	0.39937500000000004	0.5889278616852147	0.534681554237707	0.6674114069443399	0.4814553630182058	0.6020144461622781	0.42118324924875256	0.5471061946902656	0.33687748685519386	0.4633921920155022	0.27420095948827294	0.3885793882313719	-0.03025	0.3430837264150943	0.25295774647887326	0.1338802704405346	0.013499999999999956	0.3076100702576112			-0.033560386473429904	0.16662836291402172	-0.06708333333333333	0.3120223900370959	0.0920391648134421	0.3574988702267079	0.07461285369598597	0.3157310199841305	0.011983017671546359	0.2638289085545723	-0.0318397399459997	0.221189670374617	-0.05316950959488276	0.1755873478913152	-0.5135000000000001	0.04650058962264153	0.12647887323943663	-0.052137340818071365	-0.4132500000000001	0.027915105386416866			-0.34156280193236715	-0.04127967785118969	-0.5335416666666667	0.035116918388977236	-0.35060322461082283	0.047586333509075845	-0.3322296556262338	0.02944759380598297	-0.3972172139056598	-0.019448377581120918	-0.4005569667471933	-0.021012851266268368	-0.38053997867803846	-0.03740469244874145	0.47961538461538467	0.5849145808502185	0.09923076923076923	0.30982916170043706	-0.2811538461538462	0.03474374255065554
