ftp_host	ftp_path	out_path
ftp.sra.ebi.ac.uk	/vol1/fastq/SRR197/096/SRR19762196/SRR19762196_2.fastq.gz	output/SRR19762196_2.fastq.gz
ftp.sra.ebi.ac.uk	/vol1/fastq/SRR197/012/SRR19762312/SRR19762312_2.fastq.gz	output/SRR19762312_2.fastq.gz
ftp.sra.ebi.ac.uk	/vol1/fastq/SRR197/043/SRR19762743/SRR19762743_1.fastq.gz	output/SRR19762743_1.fastq.gz
ftp.sra.ebi.ac.uk	/vol1/fastq/SRR197/069/SRR19762769/SRR19762769_1.fastq.gz	output/SRR19762769_1.fastq.gz
ftp.sra.ebi.ac.uk	/vol1/fastq/SRR197/069/SRR19762769/SRR19762769_2.fastq.gz	output/SRR19762769_2.fastq.gz
ftp.sra.ebi.ac.uk	/vol1/fastq/SRR197/070/SRR19762770/SRR19762770_1.fastq.gz	output/SRR19762770_1.fastq.gz
ftp.sra.ebi.ac.uk	/vol1/fastq/SRR197/070/SRR19762770/SRR19762770_2.fastq.gz	output/SRR19762770_2.fastq.gz
ftp.sra.ebi.ac.uk	/vol1/fastq/SRR197/071/SRR19762771/SRR19762771_1.fastq.gz	output/SRR19762771_1.fastq.gz
ftp.sra.ebi.ac.uk	/vol1/fastq/SRR197/072/SRR19762772/SRR19762772_1.fastq.gz	output/SRR19762772_1.fastq.gz
ftp.sra.ebi.ac.uk	/vol1/fastq/SRR197/072/SRR19762772/SRR19762772_2.fastq.gz	output/SRR19762772_2.fastq.gz
ftp.sra.ebi.ac.uk	/vol1/fastq/SRR197/074/SRR19762774/SRR19762774_1.fastq.gz	output/SRR19762774_1.fastq.gz
ftp.sra.ebi.ac.uk	/vol1/fastq/SRR197/074/SRR19762774/SRR19762774_2.fastq.gz	output/SRR19762774_2.fastq.gz
ftp.sra.ebi.ac.uk	/vol1/fastq/SRR197/076/SRR19762776/SRR19762776_1.fastq.gz	output/SRR19762776_1.fastq.gz
ftp.sra.ebi.ac.uk	/vol1/fastq/SRR197/076/SRR19762776/SRR19762776_2.fastq.gz	output/SRR19762776_2.fastq.gz
ftp.sra.ebi.ac.uk	/vol1/fastq/SRR197/077/SRR19762777/SRR19762777_1.fastq.gz	output/SRR19762777_1.fastq.gz
ftp.sra.ebi.ac.uk	/vol1/fastq/SRR197/077/SRR19762777/SRR19762777_2.fastq.gz	output/SRR19762777_2.fastq.gz
ftp.sra.ebi.ac.uk	/vol1/fastq/SRR197/079/SRR19762779/SRR19762779_1.fastq.gz	output/SRR19762779_1.fastq.gz
ftp.sra.ebi.ac.uk	/vol1/fastq/SRR197/079/SRR19762779/SRR19762779_2.fastq.gz	output/SRR19762779_2.fastq.gz
ftp.sra.ebi.ac.uk	/vol1/fastq/SRR197/081/SRR19762781/SRR19762781_1.fastq.gz	output/SRR19762781_1.fastq.gz
ftp.sra.ebi.ac.uk	/vol1/fastq/SRR197/081/SRR19762781/SRR19762781_2.fastq.gz	output/SRR19762781_2.fastq.gz
ftp.sra.ebi.ac.uk	/vol1/fastq/SRR197/082/SRR19762782/SRR19762782_1.fastq.gz	output/SRR19762782_1.fastq.gz
ftp.sra.ebi.ac.uk	/vol1/fastq/SRR197/082/SRR19762782/SRR19762782_2.fastq.gz	output/SRR19762782_2.fastq.gz
ftp.sra.ebi.ac.uk	/vol1/fastq/SRR197/084/SRR19762784/SRR19762784_1.fastq.gz	output/SRR19762784_1.fastq.gz
ftp.sra.ebi.ac.uk	/vol1/fastq/SRR197/084/SRR19762784/SRR19762784_2.fastq.gz	output/SRR19762784_2.fastq.gz
ftp.sra.ebi.ac.uk	/vol1/fastq/SRR197/086/SRR19762786/SRR19762786_1.fastq.gz	output/SRR19762786_1.fastq.gz
ftp.sra.ebi.ac.uk	/vol1/fastq/SRR197/086/SRR19762786/SRR19762786_2.fastq.gz	output/SRR19762786_2.fastq.gz
ftp.sra.ebi.ac.uk	/vol1/fastq/SRR197/089/SRR19762789/SRR19762789_1.fastq.gz	output/SRR19762789_1.fastq.gz
ftp.sra.ebi.ac.uk	/vol1/fastq/SRR197/089/SRR19762789/SRR19762789_2.fastq.gz	output/SRR19762789_2.fastq.gz
ftp.sra.ebi.ac.uk	/vol1/fastq/SRR197/091/SRR19762791/SRR19762791_1.fastq.gz	output/SRR19762791_1.fastq.gz
ftp.sra.ebi.ac.uk	/vol1/fastq/SRR197/091/SRR19762791/SRR19762791_2.fastq.gz	output/SRR19762791_2.fastq.gz
ftp.sra.ebi.ac.uk	/vol1/fastq/SRR197/094/SRR19762794/SRR19762794_1.fastq.gz	output/SRR19762794_1.fastq.gz
ftp.sra.ebi.ac.uk	/vol1/fastq/SRR197/094/SRR19762794/SRR19762794_2.fastq.gz	output/SRR19762794_2.fastq.gz
ftp.sra.ebi.ac.uk	/vol1/fastq/SRR197/097/SRR19762797/SRR19762797_1.fastq.gz	output/SRR19762797_1.fastq.gz
ftp.sra.ebi.ac.uk	/vol1/fastq/SRR197/097/SRR19762797/SRR19762797_2.fastq.gz	output/SRR19762797_2.fastq.gz
ftp.sra.ebi.ac.uk	/vol1/fastq/SRR197/099/SRR19762799/SRR19762799_1.fastq.gz	output/SRR19762799_1.fastq.gz
ftp.sra.ebi.ac.uk	/vol1/fastq/SRR197/099/SRR19762799/SRR19762799_2.fastq.gz	output/SRR19762799_2.fastq.gz
ftp.sra.ebi.ac.uk	/vol1/fastq/SRR197/002/SRR19762802/SRR19762802_1.fastq.gz	output/SRR19762802_1.fastq.gz
ftp.sra.ebi.ac.uk	/vol1/fastq/SRR197/002/SRR19762802/SRR19762802_2.fastq.gz	output/SRR19762802_2.fastq.gz
ftp.sra.ebi.ac.uk	/vol1/fastq/SRR197/004/SRR19762804/SRR19762804_1.fastq.gz	output/SRR19762804_1.fastq.gz
ftp.sra.ebi.ac.uk	/vol1/fastq/SRR197/004/SRR19762804/SRR19762804_2.fastq.gz	output/SRR19762804_2.fastq.gz
ftp.sra.ebi.ac.uk	/vol1/fastq/SRR197/009/SRR19762809/SRR19762809_1.fastq.gz	output/SRR19762809_1.fastq.gz
ftp.sra.ebi.ac.uk	/vol1/fastq/SRR197/009/SRR19762809/SRR19762809_2.fastq.gz	output/SRR19762809_2.fastq.gz
ftp.sra.ebi.ac.uk	/vol1/fastq/SRR197/011/SRR19762811/SRR19762811_1.fastq.gz	output/SRR19762811_1.fastq.gz
ftp.sra.ebi.ac.uk	/vol1/fastq/SRR197/011/SRR19762811/SRR19762811_2.fastq.gz	output/SRR19762811_2.fastq.gz
ftp.sra.ebi.ac.uk	/vol1/fastq/SRR197/015/SRR19762815/SRR19762815_1.fastq.gz	output/SRR19762815_1.fastq.gz
ftp.sra.ebi.ac.uk	/vol1/fastq/SRR197/015/SRR19762815/SRR19762815_2.fastq.gz	output/SRR19762815_2.fastq.gz
ftp.sra.ebi.ac.uk	/vol1/fastq/SRR197/019/SRR19762819/SRR19762819_1.fastq.gz	output/SRR19762819_1.fastq.gz
ftp.sra.ebi.ac.uk	/vol1/fastq/SRR197/019/SRR19762819/SRR19762819_2.fastq.gz	output/SRR19762819_2.fastq.gz
ftp.sra.ebi.ac.uk	/vol1/fastq/SRR197/067/SRR19762167/SRR19762167_1.fastq.gz	output/SRR19762167_1.fastq.gz
ftp.sra.ebi.ac.uk	/vol1/fastq/SRR197/067/SRR19762167/SRR19762167_2.fastq.gz	output/SRR19762167_2.fastq.gz
ftp.sra.ebi.ac.uk	/vol1/fastq/SRR197/024/SRR19762824/SRR19762824_1.fastq.gz	output/SRR19762824_1.fastq.gz
ftp.sra.ebi.ac.uk	/vol1/fastq/SRR197/024/SRR19762824/SRR19762824_2.fastq.gz	output/SRR19762824_2.fastq.gz
ftp.sra.ebi.ac.uk	/vol1/fastq/SRR197/072/SRR19762172/SRR19762172_1.fastq.gz	output/SRR19762172_1.fastq.gz
ftp.sra.ebi.ac.uk	/vol1/fastq/SRR197/072/SRR19762172/SRR19762172_2.fastq.gz	output/SRR19762172_2.fastq.gz
ftp.sra.ebi.ac.uk	/vol1/fastq/SRR197/027/SRR19762827/SRR19762827_1.fastq.gz	output/SRR19762827_1.fastq.gz
ftp.sra.ebi.ac.uk	/vol1/fastq/SRR197/027/SRR19762827/SRR19762827_2.fastq.gz	output/SRR19762827_2.fastq.gz
ftp.sra.ebi.ac.uk	/vol1/fastq/SRR197/073/SRR19762173/SRR19762173_1.fastq.gz	output/SRR19762173_1.fastq.gz
ftp.sra.ebi.ac.uk	/vol1/fastq/SRR197/073/SRR19762173/SRR19762173_2.fastq.gz	output/SRR19762173_2.fastq.gz
ftp.sra.ebi.ac.uk	/vol1/fastq/SRR197/031/SRR19762831/SRR19762831_1.fastq.gz	output/SRR19762831_1.fastq.gz
ftp.sra.ebi.ac.uk	/vol1/fastq/SRR197/031/SRR19762831/SRR19762831_2.fastq.gz	output/SRR19762831_2.fastq.gz
ftp.sra.ebi.ac.uk	/vol1/fastq/SRR197/074/SRR19762174/SRR19762174_1.fastq.gz	output/SRR19762174_1.fastq.gz
ftp.sra.ebi.ac.uk	/vol1/fastq/SRR197/074/SRR19762174/SRR19762174_2.fastq.gz	output/SRR19762174_2.fastq.gz
ftp.sra.ebi.ac.uk	/vol1/fastq/SRR197/032/SRR19762832/SRR19762832_1.fastq.gz	output/SRR19762832_1.fastq.gz
ftp.sra.ebi.ac.uk	/vol1/fastq/SRR197/032/SRR19762832/SRR19762832_2.fastq.gz	output/SRR19762832_2.fastq.gz
ftp.sra.ebi.ac.uk	/vol1/fastq/SRR197/038/SRR19762838/SRR19762838_1.fastq.gz	output/SRR19762838_1.fastq.gz
ftp.sra.ebi.ac.uk	/vol1/fastq/SRR197/042/SRR19762842/SRR19762842_1.fastq.gz	output/SRR19762842_1.fastq.gz
ftp.sra.ebi.ac.uk	/vol1/fastq/SRR197/042/SRR19762842/SRR19762842_2.fastq.gz	output/SRR19762842_2.fastq.gz
ftp.sra.ebi.ac.uk	/vol1/fastq/SRR197/083/SRR19762183/SRR19762183_1.fastq.gz	output/SRR19762183_1.fastq.gz
ftp.sra.ebi.ac.uk	/vol1/fastq/SRR197/083/SRR19762183/SRR19762183_2.fastq.gz	output/SRR19762183_2.fastq.gz
ftp.sra.ebi.ac.uk	/vol1/fastq/SRR197/043/SRR19762843/SRR19762843_1.fastq.gz	output/SRR19762843_1.fastq.gz
ftp.sra.ebi.ac.uk	/vol1/fastq/SRR197/043/SRR19762843/SRR19762843_2.fastq.gz	output/SRR19762843_2.fastq.gz
ftp.sra.ebi.ac.uk	/vol1/fastq/SRR197/088/SRR19762188/SRR19762188_1.fastq.gz	output/SRR19762188_1.fastq.gz
ftp.sra.ebi.ac.uk	/vol1/fastq/SRR197/088/SRR19762188/SRR19762188_2.fastq.gz	output/SRR19762188_2.fastq.gz
ftp.sra.ebi.ac.uk	/vol1/fastq/SRR197/044/SRR19762844/SRR19762844_1.fastq.gz	output/SRR19762844_1.fastq.gz
ftp.sra.ebi.ac.uk	/vol1/fastq/SRR197/044/SRR19762844/SRR19762844_2.fastq.gz	output/SRR19762844_2.fastq.gz
ftp.sra.ebi.ac.uk	/vol1/fastq/SRR197/093/SRR19762193/SRR19762193_1.fastq.gz	output/SRR19762193_1.fastq.gz
ftp.sra.ebi.ac.uk	/vol1/fastq/SRR197/093/SRR19762193/SRR19762193_2.fastq.gz	output/SRR19762193_2.fastq.gz
ftp.sra.ebi.ac.uk	/vol1/fastq/SRR197/045/SRR19762845/SRR19762845_1.fastq.gz	output/SRR19762845_1.fastq.gz
ftp.sra.ebi.ac.uk	/vol1/fastq/SRR197/045/SRR19762845/SRR19762845_2.fastq.gz	output/SRR19762845_2.fastq.gz
ftp.sra.ebi.ac.uk	/vol1/fastq/SRR197/095/SRR19762195/SRR19762195_1.fastq.gz	output/SRR19762195_1.fastq.gz
ftp.sra.ebi.ac.uk	/vol1/fastq/SRR197/095/SRR19762195/SRR19762195_2.fastq.gz	output/SRR19762195_2.fastq.gz
ftp.sra.ebi.ac.uk	/vol1/fastq/SRR197/047/SRR19762847/SRR19762847_1.fastq.gz	output/SRR19762847_1.fastq.gz
ftp.sra.ebi.ac.uk	/vol1/fastq/SRR197/047/SRR19762847/SRR19762847_2.fastq.gz	output/SRR19762847_2.fastq.gz
ftp.sra.ebi.ac.uk	/vol1/fastq/SRR197/097/SRR19762197/SRR19762197_1.fastq.gz	output/SRR19762197_1.fastq.gz
ftp.sra.ebi.ac.uk	/vol1/fastq/SRR197/097/SRR19762197/SRR19762197_2.fastq.gz	output/SRR19762197_2.fastq.gz
ftp.sra.ebi.ac.uk	/vol1/fastq/SRR197/051/SRR19762851/SRR19762851_1.fastq.gz	output/SRR19762851_1.fastq.gz
ftp.sra.ebi.ac.uk	/vol1/fastq/SRR197/051/SRR19762851/SRR19762851_2.fastq.gz	output/SRR19762851_2.fastq.gz
ftp.sra.ebi.ac.uk	/vol1/fastq/SRR197/098/SRR19762198/SRR19762198_1.fastq.gz	output/SRR19762198_1.fastq.gz
ftp.sra.ebi.ac.uk	/vol1/fastq/SRR197/098/SRR19762198/SRR19762198_2.fastq.gz	output/SRR19762198_2.fastq.gz
ftp.sra.ebi.ac.uk	/vol1/fastq/SRR197/052/SRR19762852/SRR19762852_1.fastq.gz	output/SRR19762852_1.fastq.gz
ftp.sra.ebi.ac.uk	/vol1/fastq/SRR197/052/SRR19762852/SRR19762852_2.fastq.gz	output/SRR19762852_2.fastq.gz
ftp.sra.ebi.ac.uk	/vol1/fastq/SRR197/002/SRR19762202/SRR19762202_1.fastq.gz	output/SRR19762202_1.fastq.gz
ftp.sra.ebi.ac.uk	/vol1/fastq/SRR197/002/SRR19762202/SRR19762202_2.fastq.gz	output/SRR19762202_2.fastq.gz
ftp.sra.ebi.ac.uk	/vol1/fastq/SRR197/057/SRR19762857/SRR19762857_1.fastq.gz	output/SRR19762857_1.fastq.gz
ftp.sra.ebi.ac.uk	/vol1/fastq/SRR197/057/SRR19762857/SRR19762857_2.fastq.gz	output/SRR19762857_2.fastq.gz
ftp.sra.ebi.ac.uk	/vol1/fastq/SRR197/004/SRR19762204/SRR19762204_1.fastq.gz	output/SRR19762204_1.fastq.gz
ftp.sra.ebi.ac.uk	/vol1/fastq/SRR197/004/SRR19762204/SRR19762204_2.fastq.gz	output/SRR19762204_2.fastq.gz
ftp.sra.ebi.ac.uk	/vol1/fastq/SRR197/059/SRR19762859/SRR19762859_1.fastq.gz	output/SRR19762859_1.fastq.gz
ftp.sra.ebi.ac.uk	/vol1/fastq/SRR197/059/SRR19762859/SRR19762859_2.fastq.gz	output/SRR19762859_2.fastq.gz
ftp.sra.ebi.ac.uk	/vol1/fastq/SRR197/007/SRR19762207/SRR19762207_1.fastq.gz	output/SRR19762207_1.fastq.gz
ftp.sra.ebi.ac.uk	/vol1/fastq/SRR197/007/SRR19762207/SRR19762207_2.fastq.gz	output/SRR19762207_2.fastq.gz
ftp.sra.ebi.ac.uk	/vol1/fastq/SRR197/060/SRR19762860/SRR19762860_1.fastq.gz	output/SRR19762860_1.fastq.gz
ftp.sra.ebi.ac.uk	/vol1/fastq/SRR197/060/SRR19762860/SRR19762860_2.fastq.gz	output/SRR19762860_2.fastq.gz
ftp.sra.ebi.ac.uk	/vol1/fastq/SRR197/010/SRR19762210/SRR19762210_1.fastq.gz	output/SRR19762210_1.fastq.gz
ftp.sra.ebi.ac.uk	/vol1/fastq/SRR197/010/SRR19762210/SRR19762210_2.fastq.gz	output/SRR19762210_2.fastq.gz
ftp.sra.ebi.ac.uk	/vol1/fastq/SRR197/070/SRR19762870/SRR19762870_1.fastq.gz	output/SRR19762870_1.fastq.gz
ftp.sra.ebi.ac.uk	/vol1/fastq/SRR197/011/SRR19762211/SRR19762211_1.fastq.gz	output/SRR19762211_1.fastq.gz
ftp.sra.ebi.ac.uk	/vol1/fastq/SRR197/011/SRR19762211/SRR19762211_2.fastq.gz	output/SRR19762211_2.fastq.gz
ftp.sra.ebi.ac.uk	/vol1/fastq/SRR197/073/SRR19762873/SRR19762873_1.fastq.gz	output/SRR19762873_1.fastq.gz
ftp.sra.ebi.ac.uk	/vol1/fastq/SRR197/038/SRR19762238/SRR19762238_2.fastq.gz	output/SRR19762238_2.fastq.gz
ftp.sra.ebi.ac.uk	/vol1/fastq/SRR197/095/SRR19762895/SRR19762895_1.fastq.gz	output/SRR19762895_1.fastq.gz
ftp.sra.ebi.ac.uk	/vol1/fastq/SRR197/095/SRR19762895/SRR19762895_2.fastq.gz	output/SRR19762895_2.fastq.gz
ftp.sra.ebi.ac.uk	/vol1/fastq/SRR197/039/SRR19762239/SRR19762239_1.fastq.gz	output/SRR19762239_1.fastq.gz
ftp.sra.ebi.ac.uk	/vol1/fastq/SRR197/039/SRR19762239/SRR19762239_2.fastq.gz	output/SRR19762239_2.fastq.gz
ftp.sra.ebi.ac.uk	/vol1/fastq/SRR197/001/SRR19762901/SRR19762901_1.fastq.gz	output/SRR19762901_1.fastq.gz
ftp.sra.ebi.ac.uk	/vol1/fastq/SRR197/001/SRR19762901/SRR19762901_2.fastq.gz	output/SRR19762901_2.fastq.gz
ftp.sra.ebi.ac.uk	/vol1/fastq/SRR197/040/SRR19762240/SRR19762240_1.fastq.gz	output/SRR19762240_1.fastq.gz
ftp.sra.ebi.ac.uk	/vol1/fastq/SRR197/040/SRR19762240/SRR19762240_2.fastq.gz	output/SRR19762240_2.fastq.gz
ftp.sra.ebi.ac.uk	/vol1/fastq/SRR197/004/SRR19762904/SRR19762904_1.fastq.gz	output/SRR19762904_1.fastq.gz
ftp.sra.ebi.ac.uk	/vol1/fastq/SRR197/004/SRR19762904/SRR19762904_2.fastq.gz	output/SRR19762904_2.fastq.gz
ftp.sra.ebi.ac.uk	/vol1/fastq/SRR197/045/SRR19762245/SRR19762245_1.fastq.gz	output/SRR19762245_1.fastq.gz
ftp.sra.ebi.ac.uk	/vol1/fastq/SRR197/045/SRR19762245/SRR19762245_2.fastq.gz	output/SRR19762245_2.fastq.gz
ftp.sra.ebi.ac.uk	/vol1/fastq/SRR197/006/SRR19762906/SRR19762906_1.fastq.gz	output/SRR19762906_1.fastq.gz
ftp.sra.ebi.ac.uk	/vol1/fastq/SRR197/006/SRR19762906/SRR19762906_2.fastq.gz	output/SRR19762906_2.fastq.gz
ftp.sra.ebi.ac.uk	/vol1/fastq/SRR197/050/SRR19762250/SRR19762250_1.fastq.gz	output/SRR19762250_1.fastq.gz
ftp.sra.ebi.ac.uk	/vol1/fastq/SRR197/050/SRR19762250/SRR19762250_2.fastq.gz	output/SRR19762250_2.fastq.gz
ftp.sra.ebi.ac.uk	/vol1/fastq/SRR197/007/SRR19762907/SRR19762907_1.fastq.gz	output/SRR19762907_1.fastq.gz
ftp.sra.ebi.ac.uk	/vol1/fastq/SRR197/007/SRR19762907/SRR19762907_2.fastq.gz	output/SRR19762907_2.fastq.gz
ftp.sra.ebi.ac.uk	/vol1/fastq/SRR197/051/SRR19762251/SRR19762251_1.fastq.gz	output/SRR19762251_1.fastq.gz
ftp.sra.ebi.ac.uk	/vol1/fastq/SRR197/051/SRR19762251/SRR19762251_2.fastq.gz	output/SRR19762251_2.fastq.gz
ftp.sra.ebi.ac.uk	/vol1/fastq/SRR197/011/SRR19762911/SRR19762911_1.fastq.gz	output/SRR19762911_1.fastq.gz
ftp.sra.ebi.ac.uk	/vol1/fastq/SRR197/011/SRR19762911/SRR19762911_2.fastq.gz	output/SRR19762911_2.fastq.gz
ftp.sra.ebi.ac.uk	/vol1/fastq/SRR197/052/SRR19762252/SRR19762252_1.fastq.gz	output/SRR19762252_1.fastq.gz
ftp.sra.ebi.ac.uk	/vol1/fastq/SRR197/052/SRR19762252/SRR19762252_2.fastq.gz	output/SRR19762252_2.fastq.gz
ftp.sra.ebi.ac.uk	/vol1/fastq/SRR197/012/SRR19762912/SRR19762912_1.fastq.gz	output/SRR19762912_1.fastq.gz
ftp.sra.ebi.ac.uk	/vol1/fastq/SRR197/012/SRR19762912/SRR19762912_2.fastq.gz	output/SRR19762912_2.fastq.gz
ftp.sra.ebi.ac.uk	/vol1/fastq/SRR197/054/SRR19762254/SRR19762254_1.fastq.gz	output/SRR19762254_1.fastq.gz
ftp.sra.ebi.ac.uk	/vol1/fastq/SRR197/054/SRR19762254/SRR19762254_2.fastq.gz	output/SRR19762254_2.fastq.gz
ftp.sra.ebi.ac.uk	/vol1/fastq/SRR197/013/SRR19762913/SRR19762913_1.fastq.gz	output/SRR19762913_1.fastq.gz
ftp.sra.ebi.ac.uk	/vol1/fastq/SRR197/013/SRR19762913/SRR19762913_2.fastq.gz	output/SRR19762913_2.fastq.gz
ftp.sra.ebi.ac.uk	/vol1/fastq/SRR197/056/SRR19762256/SRR19762256_1.fastq.gz	output/SRR19762256_1.fastq.gz
ftp.sra.ebi.ac.uk	/vol1/fastq/SRR197/056/SRR19762256/SRR19762256_2.fastq.gz	output/SRR19762256_2.fastq.gz
ftp.sra.ebi.ac.uk	/vol1/fastq/SRR197/014/SRR19762914/SRR19762914_1.fastq.gz	output/SRR19762914_1.fastq.gz
ftp.sra.ebi.ac.uk	/vol1/fastq/SRR197/014/SRR19762914/SRR19762914_2.fastq.gz	output/SRR19762914_2.fastq.gz
ftp.sra.ebi.ac.uk	/vol1/fastq/SRR197/066/SRR19762266/SRR19762266_1.fastq.gz	output/SRR19762266_1.fastq.gz
ftp.sra.ebi.ac.uk	/vol1/fastq/SRR197/066/SRR19762266/SRR19762266_2.fastq.gz	output/SRR19762266_2.fastq.gz
ftp.sra.ebi.ac.uk	/vol1/fastq/SRR197/017/SRR19762917/SRR19762917_1.fastq.gz	output/SRR19762917_1.fastq.gz
ftp.sra.ebi.ac.uk	/vol1/fastq/SRR197/017/SRR19762917/SRR19762917_2.fastq.gz	output/SRR19762917_2.fastq.gz
ftp.sra.ebi.ac.uk	/vol1/fastq/SRR197/067/SRR19762267/SRR19762267_1.fastq.gz	output/SRR19762267_1.fastq.gz
ftp.sra.ebi.ac.uk	/vol1/fastq/SRR197/067/SRR19762267/SRR19762267_2.fastq.gz	output/SRR19762267_2.fastq.gz
ftp.sra.ebi.ac.uk	/vol1/fastq/SRR197/018/SRR19762918/SRR19762918_1.fastq.gz	output/SRR19762918_1.fastq.gz
ftp.sra.ebi.ac.uk	/vol1/fastq/SRR197/018/SRR19762918/SRR19762918_2.fastq.gz	output/SRR19762918_2.fastq.gz
ftp.sra.ebi.ac.uk	/vol1/fastq/SRR197/068/SRR19762268/SRR19762268_1.fastq.gz	output/SRR19762268_1.fastq.gz
ftp.sra.ebi.ac.uk	/vol1/fastq/SRR197/093/SRR19762293/SRR19762293_2.fastq.gz	output/SRR19762293_2.fastq.gz
ftp.sra.ebi.ac.uk	/vol1/fastq/SRR197/094/SRR19762294/SRR19762294_2.fastq.gz	output/SRR19762294_2.fastq.gz
ftp.sra.ebi.ac.uk	/vol1/fastq/SRR197/096/SRR19762296/SRR19762296_1.fastq.gz	output/SRR19762296_1.fastq.gz
ftp.sra.ebi.ac.uk	/vol1/fastq/SRR197/096/SRR19762296/SRR19762296_2.fastq.gz	output/SRR19762296_2.fastq.gz
ftp.sra.ebi.ac.uk	/vol1/fastq/SRR197/097/SRR19762297/SRR19762297_1.fastq.gz	output/SRR19762297_1.fastq.gz
ftp.sra.ebi.ac.uk	/vol1/fastq/SRR197/097/SRR19762297/SRR19762297_2.fastq.gz	output/SRR19762297_2.fastq.gz
ftp.sra.ebi.ac.uk	/vol1/fastq/SRR197/099/SRR19762299/SRR19762299_1.fastq.gz	output/SRR19762299_1.fastq.gz
ftp.sra.ebi.ac.uk	/vol1/fastq/SRR197/099/SRR19762299/SRR19762299_2.fastq.gz	output/SRR19762299_2.fastq.gz
ftp.sra.ebi.ac.uk	/vol1/fastq/SRR197/001/SRR19762301/SRR19762301_1.fastq.gz	output/SRR19762301_1.fastq.gz
ftp.sra.ebi.ac.uk	/vol1/fastq/SRR197/001/SRR19762301/SRR19762301_2.fastq.gz	output/SRR19762301_2.fastq.gz
ftp.sra.ebi.ac.uk	/vol1/fastq/SRR197/006/SRR19762306/SRR19762306_1.fastq.gz	output/SRR19762306_1.fastq.gz
ftp.sra.ebi.ac.uk	/vol1/fastq/SRR197/006/SRR19762306/SRR19762306_2.fastq.gz	output/SRR19762306_2.fastq.gz
ftp.sra.ebi.ac.uk	/vol1/fastq/SRR197/009/SRR19762309/SRR19762309_1.fastq.gz	output/SRR19762309_1.fastq.gz
ftp.sra.ebi.ac.uk	/vol1/fastq/SRR197/009/SRR19762309/SRR19762309_2.fastq.gz	output/SRR19762309_2.fastq.gz
ftp.sra.ebi.ac.uk	/vol1/fastq/SRR197/013/SRR19762313/SRR19762313_1.fastq.gz	output/SRR19762313_1.fastq.gz
ftp.sra.ebi.ac.uk	/vol1/fastq/SRR197/013/SRR19762313/SRR19762313_2.fastq.gz	output/SRR19762313_2.fastq.gz
ftp.sra.ebi.ac.uk	/vol1/fastq/SRR197/014/SRR19762314/SRR19762314_1.fastq.gz	output/SRR19762314_1.fastq.gz
ftp.sra.ebi.ac.uk	/vol1/fastq/SRR197/014/SRR19762314/SRR19762314_2.fastq.gz	output/SRR19762314_2.fastq.gz
ftp.sra.ebi.ac.uk	/vol1/fastq/SRR197/017/SRR19762317/SRR19762317_1.fastq.gz	output/SRR19762317_1.fastq.gz
ftp.sra.ebi.ac.uk	/vol1/fastq/SRR197/017/SRR19762317/SRR19762317_2.fastq.gz	output/SRR19762317_2.fastq.gz
ftp.sra.ebi.ac.uk	/vol1/fastq/SRR197/021/SRR19762321/SRR19762321_1.fastq.gz	output/SRR19762321_1.fastq.gz
ftp.sra.ebi.ac.uk	/vol1/fastq/SRR197/021/SRR19762321/SRR19762321_2.fastq.gz	output/SRR19762321_2.fastq.gz
ftp.sra.ebi.ac.uk	/vol1/fastq/SRR197/024/SRR19762324/SRR19762324_1.fastq.gz	output/SRR19762324_1.fastq.gz
ftp.sra.ebi.ac.uk	/vol1/fastq/SRR197/024/SRR19762324/SRR19762324_2.fastq.gz	output/SRR19762324_2.fastq.gz
ftp.sra.ebi.ac.uk	/vol1/fastq/SRR197/027/SRR19762327/SRR19762327_1.fastq.gz	output/SRR19762327_1.fastq.gz
ftp.sra.ebi.ac.uk	/vol1/fastq/SRR197/027/SRR19762327/SRR19762327_2.fastq.gz	output/SRR19762327_2.fastq.gz
ftp.sra.ebi.ac.uk	/vol1/fastq/SRR197/028/SRR19762328/SRR19762328_1.fastq.gz	output/SRR19762328_1.fastq.gz
ftp.sra.ebi.ac.uk	/vol1/fastq/SRR197/028/SRR19762328/SRR19762328_2.fastq.gz	output/SRR19762328_2.fastq.gz
ftp.sra.ebi.ac.uk	/vol1/fastq/SRR197/030/SRR19762330/SRR19762330_1.fastq.gz	output/SRR19762330_1.fastq.gz
ftp.sra.ebi.ac.uk	/vol1/fastq/SRR197/030/SRR19762330/SRR19762330_2.fastq.gz	output/SRR19762330_2.fastq.gz
ftp.sra.ebi.ac.uk	/vol1/fastq/SRR197/032/SRR19762332/SRR19762332_1.fastq.gz	output/SRR19762332_1.fastq.gz
ftp.sra.ebi.ac.uk	/vol1/fastq/SRR197/032/SRR19762332/SRR19762332_2.fastq.gz	output/SRR19762332_2.fastq.gz
ftp.sra.ebi.ac.uk	/vol1/fastq/SRR197/033/SRR19762333/SRR19762333_1.fastq.gz	output/SRR19762333_1.fastq.gz
ftp.sra.ebi.ac.uk	/vol1/fastq/SRR197/033/SRR19762333/SRR19762333_2.fastq.gz	output/SRR19762333_2.fastq.gz
ftp.sra.ebi.ac.uk	/vol1/fastq/SRR197/034/SRR19762334/SRR19762334_1.fastq.gz	output/SRR19762334_1.fastq.gz
ftp.sra.ebi.ac.uk	/vol1/fastq/SRR197/034/SRR19762334/SRR19762334_2.fastq.gz	output/SRR19762334_2.fastq.gz
ftp.sra.ebi.ac.uk	/vol1/fastq/SRR197/040/SRR19762340/SRR19762340_1.fastq.gz	output/SRR19762340_1.fastq.gz
ftp.sra.ebi.ac.uk	/vol1/fastq/SRR197/040/SRR19762340/SRR19762340_2.fastq.gz	output/SRR19762340_2.fastq.gz
ftp.sra.ebi.ac.uk	/vol1/fastq/SRR197/049/SRR19762349/SRR19762349_1.fastq.gz	output/SRR19762349_1.fastq.gz
ftp.sra.ebi.ac.uk	/vol1/fastq/SRR197/049/SRR19762349/SRR19762349_2.fastq.gz	output/SRR19762349_2.fastq.gz
ftp.sra.ebi.ac.uk	/vol1/fastq/SRR197/052/SRR19762352/SRR19762352_1.fastq.gz	output/SRR19762352_1.fastq.gz
ftp.sra.ebi.ac.uk	/vol1/fastq/SRR197/052/SRR19762352/SRR19762352_2.fastq.gz	output/SRR19762352_2.fastq.gz
ftp.sra.ebi.ac.uk	/vol1/fastq/SRR197/055/SRR19762355/SRR19762355_1.fastq.gz	output/SRR19762355_1.fastq.gz
ftp.sra.ebi.ac.uk	/vol1/fastq/SRR197/055/SRR19762355/SRR19762355_2.fastq.gz	output/SRR19762355_2.fastq.gz
ftp.sra.ebi.ac.uk	/vol1/fastq/SRR197/063/SRR19762363/SRR19762363_1.fastq.gz	output/SRR19762363_1.fastq.gz
ftp.sra.ebi.ac.uk	/vol1/fastq/SRR197/063/SRR19762363/SRR19762363_2.fastq.gz	output/SRR19762363_2.fastq.gz
ftp.sra.ebi.ac.uk	/vol1/fastq/SRR197/064/SRR19762364/SRR19762364_1.fastq.gz	output/SRR19762364_1.fastq.gz
ftp.sra.ebi.ac.uk	/vol1/fastq/SRR197/064/SRR19762364/SRR19762364_2.fastq.gz	output/SRR19762364_2.fastq.gz
ftp.sra.ebi.ac.uk	/vol1/fastq/SRR197/069/SRR19762369/SRR19762369_1.fastq.gz	output/SRR19762369_1.fastq.gz
ftp.sra.ebi.ac.uk	/vol1/fastq/SRR197/069/SRR19762369/SRR19762369_2.fastq.gz	output/SRR19762369_2.fastq.gz
ftp.sra.ebi.ac.uk	/vol1/fastq/SRR197/071/SRR19762371/SRR19762371_1.fastq.gz	output/SRR19762371_1.fastq.gz
ftp.sra.ebi.ac.uk	/vol1/fastq/SRR197/071/SRR19762371/SRR19762371_2.fastq.gz	output/SRR19762371_2.fastq.gz
ftp.sra.ebi.ac.uk	/vol1/fastq/SRR197/074/SRR19762374/SRR19762374_1.fastq.gz	output/SRR19762374_1.fastq.gz
ftp.sra.ebi.ac.uk	/vol1/fastq/SRR197/074/SRR19762374/SRR19762374_2.fastq.gz	output/SRR19762374_2.fastq.gz
ftp.sra.ebi.ac.uk	/vol1/fastq/SRR197/076/SRR19762376/SRR19762376_1.fastq.gz	output/SRR19762376_1.fastq.gz
ftp.sra.ebi.ac.uk	/vol1/fastq/SRR197/076/SRR19762376/SRR19762376_2.fastq.gz	output/SRR19762376_2.fastq.gz
ftp.sra.ebi.ac.uk	/vol1/fastq/SRR197/079/SRR19762379/SRR19762379_1.fastq.gz	output/SRR19762379_1.fastq.gz
ftp.sra.ebi.ac.uk	/vol1/fastq/SRR197/079/SRR19762379/SRR19762379_2.fastq.gz	output/SRR19762379_2.fastq.gz
ftp.sra.ebi.ac.uk	/vol1/fastq/SRR197/080/SRR19762380/SRR19762380_1.fastq.gz	output/SRR19762380_1.fastq.gz
ftp.sra.ebi.ac.uk	/vol1/fastq/SRR197/080/SRR19762380/SRR19762380_2.fastq.gz	output/SRR19762380_2.fastq.gz
ftp.sra.ebi.ac.uk	/vol1/fastq/SRR197/086/SRR19762386/SRR19762386_1.fastq.gz	output/SRR19762386_1.fastq.gz
ftp.sra.ebi.ac.uk	/vol1/fastq/SRR197/086/SRR19762386/SRR19762386_2.fastq.gz	output/SRR19762386_2.fastq.gz
ftp.sra.ebi.ac.uk	/vol1/fastq/SRR197/087/SRR19762387/SRR19762387_1.fastq.gz	output/SRR19762387_1.fastq.gz
ftp.sra.ebi.ac.uk	/vol1/fastq/SRR197/087/SRR19762387/SRR19762387_2.fastq.gz	output/SRR19762387_2.fastq.gz
ftp.sra.ebi.ac.uk	/vol1/fastq/SRR197/088/SRR19762388/SRR19762388_1.fastq.gz	output/SRR19762388_1.fastq.gz
ftp.sra.ebi.ac.uk	/vol1/fastq/SRR197/088/SRR19762388/SRR19762388_2.fastq.gz	output/SRR19762388_2.fastq.gz
ftp.sra.ebi.ac.uk	/vol1/fastq/SRR197/092/SRR19762392/SRR19762392_1.fastq.gz	output/SRR19762392_1.fastq.gz
ftp.sra.ebi.ac.uk	/vol1/fastq/SRR197/092/SRR19762392/SRR19762392_2.fastq.gz	output/SRR19762392_2.fastq.gz
ftp.sra.ebi.ac.uk	/vol1/fastq/SRR197/096/SRR19762396/SRR19762396_1.fastq.gz	output/SRR19762396_1.fastq.gz
ftp.sra.ebi.ac.uk	/vol1/fastq/SRR197/096/SRR19762396/SRR19762396_2.fastq.gz	output/SRR19762396_2.fastq.gz
ftp.sra.ebi.ac.uk	/vol1/fastq/SRR197/008/SRR19762408/SRR19762408_2.fastq.gz	output/SRR19762408_2.fastq.gz
ftp.sra.ebi.ac.uk	/vol1/fastq/SRR197/015/SRR19762415/SRR19762415_1.fastq.gz	output/SRR19762415_1.fastq.gz
ftp.sra.ebi.ac.uk	/vol1/fastq/SRR197/015/SRR19762415/SRR19762415_2.fastq.gz	output/SRR19762415_2.fastq.gz
ftp.sra.ebi.ac.uk	/vol1/fastq/SRR197/017/SRR19762417/SRR19762417_1.fastq.gz	output/SRR19762417_1.fastq.gz
ftp.sra.ebi.ac.uk	/vol1/fastq/SRR197/017/SRR19762417/SRR19762417_2.fastq.gz	output/SRR19762417_2.fastq.gz
ftp.sra.ebi.ac.uk	/vol1/fastq/SRR197/018/SRR19762418/SRR19762418_1.fastq.gz	output/SRR19762418_1.fastq.gz
ftp.sra.ebi.ac.uk	/vol1/fastq/SRR197/018/SRR19762418/SRR19762418_2.fastq.gz	output/SRR19762418_2.fastq.gz
ftp.sra.ebi.ac.uk	/vol1/fastq/SRR197/022/SRR19762422/SRR19762422_1.fastq.gz	output/SRR19762422_1.fastq.gz
ftp.sra.ebi.ac.uk	/vol1/fastq/SRR197/022/SRR19762422/SRR19762422_2.fastq.gz	output/SRR19762422_2.fastq.gz
ftp.sra.ebi.ac.uk	/vol1/fastq/SRR197/023/SRR19762423/SRR19762423_1.fastq.gz	output/SRR19762423_1.fastq.gz
ftp.sra.ebi.ac.uk	/vol1/fastq/SRR197/023/SRR19762423/SRR19762423_2.fastq.gz	output/SRR19762423_2.fastq.gz
ftp.sra.ebi.ac.uk	/vol1/fastq/SRR197/027/SRR19762427/SRR19762427_1.fastq.gz	output/SRR19762427_1.fastq.gz
ftp.sra.ebi.ac.uk	/vol1/fastq/SRR197/027/SRR19762427/SRR19762427_2.fastq.gz	output/SRR19762427_2.fastq.gz
ftp.sra.ebi.ac.uk	/vol1/fastq/SRR197/030/SRR19762430/SRR19762430_1.fastq.gz	output/SRR19762430_1.fastq.gz
ftp.sra.ebi.ac.uk	/vol1/fastq/SRR197/030/SRR19762430/SRR19762430_2.fastq.gz	output/SRR19762430_2.fastq.gz
ftp.sra.ebi.ac.uk	/vol1/fastq/SRR197/033/SRR19762433/SRR19762433_1.fastq.gz	output/SRR19762433_1.fastq.gz
ftp.sra.ebi.ac.uk	/vol1/fastq/SRR197/033/SRR19762433/SRR19762433_2.fastq.gz	output/SRR19762433_2.fastq.gz
ftp.sra.ebi.ac.uk	/vol1/fastq/SRR197/034/SRR19762434/SRR19762434_1.fastq.gz	output/SRR19762434_1.fastq.gz
ftp.sra.ebi.ac.uk	/vol1/fastq/SRR197/034/SRR19762434/SRR19762434_2.fastq.gz	output/SRR19762434_2.fastq.gz
ftp.sra.ebi.ac.uk	/vol1/fastq/SRR197/044/SRR19762444/SRR19762444_1.fastq.gz	output/SRR19762444_1.fastq.gz
ftp.sra.ebi.ac.uk	/vol1/fastq/SRR197/044/SRR19762444/SRR19762444_2.fastq.gz	output/SRR19762444_2.fastq.gz
ftp.sra.ebi.ac.uk	/vol1/fastq/SRR197/050/SRR19762450/SRR19762450_1.fastq.gz	output/SRR19762450_1.fastq.gz
ftp.sra.ebi.ac.uk	/vol1/fastq/SRR197/050/SRR19762450/SRR19762450_2.fastq.gz	output/SRR19762450_2.fastq.gz
ftp.sra.ebi.ac.uk	/vol1/fastq/SRR197/054/SRR19762454/SRR19762454_1.fastq.gz	output/SRR19762454_1.fastq.gz
ftp.sra.ebi.ac.uk	/vol1/fastq/SRR197/054/SRR19762454/SRR19762454_2.fastq.gz	output/SRR19762454_2.fastq.gz
ftp.sra.ebi.ac.uk	/vol1/fastq/SRR197/060/SRR19762460/SRR19762460_1.fastq.gz	output/SRR19762460_1.fastq.gz
ftp.sra.ebi.ac.uk	/vol1/fastq/SRR197/060/SRR19762460/SRR19762460_2.fastq.gz	output/SRR19762460_2.fastq.gz
ftp.sra.ebi.ac.uk	/vol1/fastq/SRR197/067/SRR19762467/SRR19762467_1.fastq.gz	output/SRR19762467_1.fastq.gz
ftp.sra.ebi.ac.uk	/vol1/fastq/SRR197/067/SRR19762467/SRR19762467_2.fastq.gz	output/SRR19762467_2.fastq.gz
ftp.sra.ebi.ac.uk	/vol1/fastq/SRR197/072/SRR19762472/SRR19762472_1.fastq.gz	output/SRR19762472_1.fastq.gz
ftp.sra.ebi.ac.uk	/vol1/fastq/SRR197/072/SRR19762472/SRR19762472_2.fastq.gz	output/SRR19762472_2.fastq.gz
ftp.sra.ebi.ac.uk	/vol1/fastq/SRR197/073/SRR19762473/SRR19762473_1.fastq.gz	output/SRR19762473_1.fastq.gz
ftp.sra.ebi.ac.uk	/vol1/fastq/SRR197/073/SRR19762473/SRR19762473_2.fastq.gz	output/SRR19762473_2.fastq.gz
ftp.sra.ebi.ac.uk	/vol1/fastq/SRR197/074/SRR19762474/SRR19762474_1.fastq.gz	output/SRR19762474_1.fastq.gz
ftp.sra.ebi.ac.uk	/vol1/fastq/SRR197/074/SRR19762474/SRR19762474_2.fastq.gz	output/SRR19762474_2.fastq.gz
ftp.sra.ebi.ac.uk	/vol1/fastq/SRR197/075/SRR19762475/SRR19762475_1.fastq.gz	output/SRR19762475_1.fastq.gz
ftp.sra.ebi.ac.uk	/vol1/fastq/SRR197/075/SRR19762475/SRR19762475_2.fastq.gz	output/SRR19762475_2.fastq.gz
ftp.sra.ebi.ac.uk	/vol1/fastq/SRR197/079/SRR19762479/SRR19762479_1.fastq.gz	output/SRR19762479_1.fastq.gz
ftp.sra.ebi.ac.uk	/vol1/fastq/SRR197/079/SRR19762479/SRR19762479_2.fastq.gz	output/SRR19762479_2.fastq.gz
ftp.sra.ebi.ac.uk	/vol1/fastq/SRR197/081/SRR19762481/SRR19762481_1.fastq.gz	output/SRR19762481_1.fastq.gz
ftp.sra.ebi.ac.uk	/vol1/fastq/SRR197/081/SRR19762481/SRR19762481_2.fastq.gz	output/SRR19762481_2.fastq.gz
ftp.sra.ebi.ac.uk	/vol1/fastq/SRR197/083/SRR19762483/SRR19762483_1.fastq.gz	output/SRR19762483_1.fastq.gz
ftp.sra.ebi.ac.uk	/vol1/fastq/SRR197/083/SRR19762483/SRR19762483_2.fastq.gz	output/SRR19762483_2.fastq.gz
ftp.sra.ebi.ac.uk	/vol1/fastq/SRR197/085/SRR19762485/SRR19762485_1.fastq.gz	output/SRR19762485_1.fastq.gz
ftp.sra.ebi.ac.uk	/vol1/fastq/SRR197/085/SRR19762485/SRR19762485_2.fastq.gz	output/SRR19762485_2.fastq.gz
ftp.sra.ebi.ac.uk	/vol1/fastq/SRR197/087/SRR19762487/SRR19762487_1.fastq.gz	output/SRR19762487_1.fastq.gz
ftp.sra.ebi.ac.uk	/vol1/fastq/SRR197/087/SRR19762487/SRR19762487_2.fastq.gz	output/SRR19762487_2.fastq.gz
ftp.sra.ebi.ac.uk	/vol1/fastq/SRR197/089/SRR19762489/SRR19762489_1.fastq.gz	output/SRR19762489_1.fastq.gz
ftp.sra.ebi.ac.uk	/vol1/fastq/SRR197/089/SRR19762489/SRR19762489_2.fastq.gz	output/SRR19762489_2.fastq.gz
ftp.sra.ebi.ac.uk	/vol1/fastq/SRR197/090/SRR19762490/SRR19762490_1.fastq.gz	output/SRR19762490_1.fastq.gz
ftp.sra.ebi.ac.uk	/vol1/fastq/SRR197/090/SRR19762490/SRR19762490_2.fastq.gz	output/SRR19762490_2.fastq.gz
ftp.sra.ebi.ac.uk	/vol1/fastq/SRR197/080/SRR19762180/SRR19762180_1.fastq.gz	output/SRR19762180_1.fastq.gz
ftp.sra.ebi.ac.uk	/vol1/fastq/SRR197/080/SRR19762180/SRR19762180_2.fastq.gz	output/SRR19762180_2.fastq.gz
ftp.sra.ebi.ac.uk	/vol1/fastq/SRR197/092/SRR19762492/SRR19762492_1.fastq.gz	output/SRR19762492_1.fastq.gz
ftp.sra.ebi.ac.uk	/vol1/fastq/SRR197/092/SRR19762492/SRR19762492_2.fastq.gz	output/SRR19762492_2.fastq.gz
ftp.sra.ebi.ac.uk	/vol1/fastq/SRR197/084/SRR19762184/SRR19762184_1.fastq.gz	output/SRR19762184_1.fastq.gz
ftp.sra.ebi.ac.uk	/vol1/fastq/SRR197/084/SRR19762184/SRR19762184_2.fastq.gz	output/SRR19762184_2.fastq.gz
ftp.sra.ebi.ac.uk	/vol1/fastq/SRR197/094/SRR19762494/SRR19762494_1.fastq.gz	output/SRR19762494_1.fastq.gz
ftp.sra.ebi.ac.uk	/vol1/fastq/SRR197/094/SRR19762494/SRR19762494_2.fastq.gz	output/SRR19762494_2.fastq.gz
ftp.sra.ebi.ac.uk	/vol1/fastq/SRR197/086/SRR19762186/SRR19762186_1.fastq.gz	output/SRR19762186_1.fastq.gz
ftp.sra.ebi.ac.uk	/vol1/fastq/SRR197/086/SRR19762186/SRR19762186_2.fastq.gz	output/SRR19762186_2.fastq.gz
ftp.sra.ebi.ac.uk	/vol1/fastq/SRR197/095/SRR19762495/SRR19762495_1.fastq.gz	output/SRR19762495_1.fastq.gz
ftp.sra.ebi.ac.uk	/vol1/fastq/SRR197/095/SRR19762495/SRR19762495_2.fastq.gz	output/SRR19762495_2.fastq.gz
ftp.sra.ebi.ac.uk	/vol1/fastq/SRR197/087/SRR19762187/SRR19762187_1.fastq.gz	output/SRR19762187_1.fastq.gz
ftp.sra.ebi.ac.uk	/vol1/fastq/SRR197/087/SRR19762187/SRR19762187_2.fastq.gz	output/SRR19762187_2.fastq.gz
ftp.sra.ebi.ac.uk	/vol1/fastq/SRR197/099/SRR19762499/SRR19762499_1.fastq.gz	output/SRR19762499_1.fastq.gz
ftp.sra.ebi.ac.uk	/vol1/fastq/SRR197/099/SRR19762499/SRR19762499_2.fastq.gz	output/SRR19762499_2.fastq.gz
ftp.sra.ebi.ac.uk	/vol1/fastq/SRR197/089/SRR19762189/SRR19762189_1.fastq.gz	output/SRR19762189_1.fastq.gz
ftp.sra.ebi.ac.uk	/vol1/fastq/SRR197/089/SRR19762189/SRR19762189_2.fastq.gz	output/SRR19762189_2.fastq.gz
ftp.sra.ebi.ac.uk	/vol1/fastq/SRR197/000/SRR19762500/SRR19762500_1.fastq.gz	output/SRR19762500_1.fastq.gz
ftp.sra.ebi.ac.uk	/vol1/fastq/SRR197/000/SRR19762500/SRR19762500_2.fastq.gz	output/SRR19762500_2.fastq.gz
ftp.sra.ebi.ac.uk	/vol1/fastq/SRR197/090/SRR19762190/SRR19762190_1.fastq.gz	output/SRR19762190_1.fastq.gz
ftp.sra.ebi.ac.uk	/vol1/fastq/SRR197/092/SRR19762192/SRR19762192_1.fastq.gz	output/SRR19762192_1.fastq.gz
ftp.sra.ebi.ac.uk	/vol1/fastq/SRR197/092/SRR19762192/SRR19762192_2.fastq.gz	output/SRR19762192_2.fastq.gz
ftp.sra.ebi.ac.uk	/vol1/fastq/SRR197/005/SRR19762505/SRR19762505_1.fastq.gz	output/SRR19762505_1.fastq.gz
ftp.sra.ebi.ac.uk	/vol1/fastq/SRR197/005/SRR19762505/SRR19762505_2.fastq.gz	output/SRR19762505_2.fastq.gz
ftp.sra.ebi.ac.uk	/vol1/fastq/SRR197/094/SRR19762194/SRR19762194_1.fastq.gz	output/SRR19762194_1.fastq.gz
ftp.sra.ebi.ac.uk	/vol1/fastq/SRR197/094/SRR19762194/SRR19762194_2.fastq.gz	output/SRR19762194_2.fastq.gz
ftp.sra.ebi.ac.uk	/vol1/fastq/SRR197/007/SRR19762507/SRR19762507_1.fastq.gz	output/SRR19762507_1.fastq.gz
ftp.sra.ebi.ac.uk	/vol1/fastq/SRR197/007/SRR19762507/SRR19762507_2.fastq.gz	output/SRR19762507_2.fastq.gz
ftp.sra.ebi.ac.uk	/vol1/fastq/SRR197/001/SRR19762201/SRR19762201_1.fastq.gz	output/SRR19762201_1.fastq.gz
ftp.sra.ebi.ac.uk	/vol1/fastq/SRR197/001/SRR19762201/SRR19762201_2.fastq.gz	output/SRR19762201_2.fastq.gz
ftp.sra.ebi.ac.uk	/vol1/fastq/SRR197/010/SRR19762510/SRR19762510_1.fastq.gz	output/SRR19762510_1.fastq.gz
ftp.sra.ebi.ac.uk	/vol1/fastq/SRR197/010/SRR19762510/SRR19762510_2.fastq.gz	output/SRR19762510_2.fastq.gz
ftp.sra.ebi.ac.uk	/vol1/fastq/SRR197/003/SRR19762203/SRR19762203_1.fastq.gz	output/SRR19762203_1.fastq.gz
ftp.sra.ebi.ac.uk	/vol1/fastq/SRR197/003/SRR19762203/SRR19762203_2.fastq.gz	output/SRR19762203_2.fastq.gz
ftp.sra.ebi.ac.uk	/vol1/fastq/SRR197/012/SRR19762512/SRR19762512_1.fastq.gz	output/SRR19762512_1.fastq.gz
ftp.sra.ebi.ac.uk	/vol1/fastq/SRR197/012/SRR19762512/SRR19762512_2.fastq.gz	output/SRR19762512_2.fastq.gz
ftp.sra.ebi.ac.uk	/vol1/fastq/SRR197/005/SRR19762205/SRR19762205_1.fastq.gz	output/SRR19762205_1.fastq.gz
ftp.sra.ebi.ac.uk	/vol1/fastq/SRR197/005/SRR19762205/SRR19762205_2.fastq.gz	output/SRR19762205_2.fastq.gz
ftp.sra.ebi.ac.uk	/vol1/fastq/SRR197/013/SRR19762513/SRR19762513_1.fastq.gz	output/SRR19762513_1.fastq.gz
ftp.sra.ebi.ac.uk	/vol1/fastq/SRR197/013/SRR19762513/SRR19762513_2.fastq.gz	output/SRR19762513_2.fastq.gz
ftp.sra.ebi.ac.uk	/vol1/fastq/SRR197/014/SRR19762514/SRR19762514_1.fastq.gz	output/SRR19762514_1.fastq.gz
ftp.sra.ebi.ac.uk	/vol1/fastq/SRR197/014/SRR19762514/SRR19762514_2.fastq.gz	output/SRR19762514_2.fastq.gz
ftp.sra.ebi.ac.uk	/vol1/fastq/SRR197/016/SRR19762516/SRR19762516_1.fastq.gz	output/SRR19762516_1.fastq.gz
ftp.sra.ebi.ac.uk	/vol1/fastq/SRR197/016/SRR19762516/SRR19762516_2.fastq.gz	output/SRR19762516_2.fastq.gz
ftp.sra.ebi.ac.uk	/vol1/fastq/SRR197/017/SRR19762517/SRR19762517_1.fastq.gz	output/SRR19762517_1.fastq.gz
ftp.sra.ebi.ac.uk	/vol1/fastq/SRR197/017/SRR19762517/SRR19762517_2.fastq.gz	output/SRR19762517_2.fastq.gz
ftp.sra.ebi.ac.uk	/vol1/fastq/SRR197/008/SRR19762208/SRR19762208_2.fastq.gz	output/SRR19762208_2.fastq.gz
ftp.sra.ebi.ac.uk	/vol1/fastq/SRR197/020/SRR19762520/SRR19762520_1.fastq.gz	output/SRR19762520_1.fastq.gz
ftp.sra.ebi.ac.uk	/vol1/fastq/SRR197/020/SRR19762520/SRR19762520_2.fastq.gz	output/SRR19762520_2.fastq.gz
ftp.sra.ebi.ac.uk	/vol1/fastq/SRR197/009/SRR19762209/SRR19762209_1.fastq.gz	output/SRR19762209_1.fastq.gz
ftp.sra.ebi.ac.uk	/vol1/fastq/SRR197/009/SRR19762209/SRR19762209_2.fastq.gz	output/SRR19762209_2.fastq.gz
ftp.sra.ebi.ac.uk	/vol1/fastq/SRR197/023/SRR19762523/SRR19762523_1.fastq.gz	output/SRR19762523_1.fastq.gz
ftp.sra.ebi.ac.uk	/vol1/fastq/SRR197/023/SRR19762523/SRR19762523_2.fastq.gz	output/SRR19762523_2.fastq.gz
ftp.sra.ebi.ac.uk	/vol1/fastq/SRR197/018/SRR19762218/SRR19762218_1.fastq.gz	output/SRR19762218_1.fastq.gz
ftp.sra.ebi.ac.uk	/vol1/fastq/SRR197/018/SRR19762218/SRR19762218_2.fastq.gz	output/SRR19762218_2.fastq.gz
ftp.sra.ebi.ac.uk	/vol1/fastq/SRR197/025/SRR19762525/SRR19762525_1.fastq.gz	output/SRR19762525_1.fastq.gz
ftp.sra.ebi.ac.uk	/vol1/fastq/SRR197/026/SRR19762526/SRR19762526_2.fastq.gz	output/SRR19762526_2.fastq.gz
ftp.sra.ebi.ac.uk	/vol1/fastq/SRR197/048/SRR19762248/SRR19762248_1.fastq.gz	output/SRR19762248_1.fastq.gz
ftp.sra.ebi.ac.uk	/vol1/fastq/SRR197/048/SRR19762248/SRR19762248_2.fastq.gz	output/SRR19762248_2.fastq.gz
ftp.sra.ebi.ac.uk	/vol1/fastq/SRR197/067/SRR19762567/SRR19762567_1.fastq.gz	output/SRR19762567_1.fastq.gz
ftp.sra.ebi.ac.uk	/vol1/fastq/SRR197/067/SRR19762567/SRR19762567_2.fastq.gz	output/SRR19762567_2.fastq.gz
ftp.sra.ebi.ac.uk	/vol1/fastq/SRR197/077/SRR19762577/SRR19762577_1.fastq.gz	output/SRR19762577_1.fastq.gz
ftp.sra.ebi.ac.uk	/vol1/fastq/SRR197/077/SRR19762577/SRR19762577_2.fastq.gz	output/SRR19762577_2.fastq.gz
ftp.sra.ebi.ac.uk	/vol1/fastq/SRR197/053/SRR19762253/SRR19762253_1.fastq.gz	output/SRR19762253_1.fastq.gz
ftp.sra.ebi.ac.uk	/vol1/fastq/SRR197/053/SRR19762253/SRR19762253_2.fastq.gz	output/SRR19762253_2.fastq.gz
ftp.sra.ebi.ac.uk	/vol1/fastq/SRR197/083/SRR19762583/SRR19762583_1.fastq.gz	output/SRR19762583_1.fastq.gz
ftp.sra.ebi.ac.uk	/vol1/fastq/SRR197/083/SRR19762583/SRR19762583_2.fastq.gz	output/SRR19762583_2.fastq.gz
ftp.sra.ebi.ac.uk	/vol1/fastq/SRR197/085/SRR19762585/SRR19762585_1.fastq.gz	output/SRR19762585_1.fastq.gz
ftp.sra.ebi.ac.uk	/vol1/fastq/SRR197/085/SRR19762585/SRR19762585_2.fastq.gz	output/SRR19762585_2.fastq.gz
ftp.sra.ebi.ac.uk	/vol1/fastq/SRR197/057/SRR19762257/SRR19762257_1.fastq.gz	output/SRR19762257_1.fastq.gz
ftp.sra.ebi.ac.uk	/vol1/fastq/SRR197/057/SRR19762257/SRR19762257_2.fastq.gz	output/SRR19762257_2.fastq.gz
ftp.sra.ebi.ac.uk	/vol1/fastq/SRR197/093/SRR19762593/SRR19762593_1.fastq.gz	output/SRR19762593_1.fastq.gz
ftp.sra.ebi.ac.uk	/vol1/fastq/SRR197/093/SRR19762593/SRR19762593_2.fastq.gz	output/SRR19762593_2.fastq.gz
ftp.sra.ebi.ac.uk	/vol1/fastq/SRR197/060/SRR19762260/SRR19762260_1.fastq.gz	output/SRR19762260_1.fastq.gz
ftp.sra.ebi.ac.uk	/vol1/fastq/SRR197/060/SRR19762260/SRR19762260_2.fastq.gz	output/SRR19762260_2.fastq.gz
ftp.sra.ebi.ac.uk	/vol1/fastq/SRR197/095/SRR19762595/SRR19762595_1.fastq.gz	output/SRR19762595_1.fastq.gz
ftp.sra.ebi.ac.uk	/vol1/fastq/SRR197/095/SRR19762595/SRR19762595_2.fastq.gz	output/SRR19762595_2.fastq.gz
ftp.sra.ebi.ac.uk	/vol1/fastq/SRR197/003/SRR19762603/SRR19762603_1.fastq.gz	output/SRR19762603_1.fastq.gz
ftp.sra.ebi.ac.uk	/vol1/fastq/SRR197/003/SRR19762603/SRR19762603_2.fastq.gz	output/SRR19762603_2.fastq.gz
ftp.sra.ebi.ac.uk	/vol1/fastq/SRR197/064/SRR19762264/SRR19762264_1.fastq.gz	output/SRR19762264_1.fastq.gz
ftp.sra.ebi.ac.uk	/vol1/fastq/SRR197/064/SRR19762264/SRR19762264_2.fastq.gz	output/SRR19762264_2.fastq.gz
ftp.sra.ebi.ac.uk	/vol1/fastq/SRR197/012/SRR19762712/SRR19762712_1.fastq.gz	output/SRR19762712_1.fastq.gz
ftp.sra.ebi.ac.uk	/vol1/fastq/SRR197/012/SRR19762712/SRR19762712_2.fastq.gz	output/SRR19762712_2.fastq.gz
ftp.sra.ebi.ac.uk	/vol1/fastq/SRR197/044/SRR19762344/SRR19762344_1.fastq.gz	output/SRR19762344_1.fastq.gz
ftp.sra.ebi.ac.uk	/vol1/fastq/SRR197/044/SRR19762344/SRR19762344_2.fastq.gz	output/SRR19762344_2.fastq.gz
ftp.sra.ebi.ac.uk	/vol1/fastq/SRR197/045/SRR19762345/SRR19762345_1.fastq.gz	output/SRR19762345_1.fastq.gz
ftp.sra.ebi.ac.uk	/vol1/fastq/SRR197/045/SRR19762345/SRR19762345_2.fastq.gz	output/SRR19762345_2.fastq.gz
ftp.sra.ebi.ac.uk	/vol1/fastq/SRR197/016/SRR19762716/SRR19762716_1.fastq.gz	output/SRR19762716_1.fastq.gz
ftp.sra.ebi.ac.uk	/vol1/fastq/SRR197/016/SRR19762716/SRR19762716_2.fastq.gz	output/SRR19762716_2.fastq.gz
ftp.sra.ebi.ac.uk	/vol1/fastq/SRR197/017/SRR19762717/SRR19762717_1.fastq.gz	output/SRR19762717_1.fastq.gz
ftp.sra.ebi.ac.uk	/vol1/fastq/SRR197/017/SRR19762717/SRR19762717_2.fastq.gz	output/SRR19762717_2.fastq.gz
ftp.sra.ebi.ac.uk	/vol1/fastq/SRR197/018/SRR19762718/SRR19762718_1.fastq.gz	output/SRR19762718_1.fastq.gz
ftp.sra.ebi.ac.uk	/vol1/fastq/SRR197/018/SRR19762718/SRR19762718_2.fastq.gz	output/SRR19762718_2.fastq.gz
ftp.sra.ebi.ac.uk	/vol1/fastq/SRR197/046/SRR19762346/SRR19762346_1.fastq.gz	output/SRR19762346_1.fastq.gz
ftp.sra.ebi.ac.uk	/vol1/fastq/SRR197/046/SRR19762346/SRR19762346_2.fastq.gz	output/SRR19762346_2.fastq.gz
ftp.sra.ebi.ac.uk	/vol1/fastq/SRR197/023/SRR19762723/SRR19762723_1.fastq.gz	output/SRR19762723_1.fastq.gz
ftp.sra.ebi.ac.uk	/vol1/fastq/SRR197/023/SRR19762723/SRR19762723_2.fastq.gz	output/SRR19762723_2.fastq.gz
ftp.sra.ebi.ac.uk	/vol1/fastq/SRR197/048/SRR19762348/SRR19762348_1.fastq.gz	output/SRR19762348_1.fastq.gz
ftp.sra.ebi.ac.uk	/vol1/fastq/SRR197/048/SRR19762348/SRR19762348_2.fastq.gz	output/SRR19762348_2.fastq.gz
ftp.sra.ebi.ac.uk	/vol1/fastq/SRR197/029/SRR19762729/SRR19762729_1.fastq.gz	output/SRR19762729_1.fastq.gz
ftp.sra.ebi.ac.uk	/vol1/fastq/SRR197/029/SRR19762729/SRR19762729_2.fastq.gz	output/SRR19762729_2.fastq.gz
ftp.sra.ebi.ac.uk	/vol1/fastq/SRR197/050/SRR19762350/SRR19762350_1.fastq.gz	output/SRR19762350_1.fastq.gz
ftp.sra.ebi.ac.uk	/vol1/fastq/SRR197/050/SRR19762350/SRR19762350_2.fastq.gz	output/SRR19762350_2.fastq.gz
ftp.sra.ebi.ac.uk	/vol1/fastq/SRR197/030/SRR19762730/SRR19762730_1.fastq.gz	output/SRR19762730_1.fastq.gz
ftp.sra.ebi.ac.uk	/vol1/fastq/SRR197/030/SRR19762730/SRR19762730_2.fastq.gz	output/SRR19762730_2.fastq.gz
ftp.sra.ebi.ac.uk	/vol1/fastq/SRR197/064/SRR19762764/SRR19762764_1.fastq.gz	output/SRR19762764_1.fastq.gz
ftp.sra.ebi.ac.uk	/vol1/fastq/SRR197/064/SRR19762764/SRR19762764_2.fastq.gz	output/SRR19762764_2.fastq.gz
ftp.sra.ebi.ac.uk	/vol1/fastq/SRR197/072/SRR19762372/SRR19762372_1.fastq.gz	output/SRR19762372_1.fastq.gz
ftp.sra.ebi.ac.uk	/vol1/fastq/SRR197/072/SRR19762372/SRR19762372_2.fastq.gz	output/SRR19762372_2.fastq.gz
ftp.sra.ebi.ac.uk	/vol1/fastq/SRR197/080/SRR19762780/SRR19762780_1.fastq.gz	output/SRR19762780_1.fastq.gz
ftp.sra.ebi.ac.uk	/vol1/fastq/SRR197/080/SRR19762780/SRR19762780_2.fastq.gz	output/SRR19762780_2.fastq.gz
ftp.sra.ebi.ac.uk	/vol1/fastq/SRR197/073/SRR19762373/SRR19762373_1.fastq.gz	output/SRR19762373_1.fastq.gz
ftp.sra.ebi.ac.uk	/vol1/fastq/SRR197/073/SRR19762373/SRR19762373_2.fastq.gz	output/SRR19762373_2.fastq.gz
ftp.sra.ebi.ac.uk	/vol1/fastq/SRR197/085/SRR19762785/SRR19762785_1.fastq.gz	output/SRR19762785_1.fastq.gz
ftp.sra.ebi.ac.uk	/vol1/fastq/SRR197/085/SRR19762785/SRR19762785_2.fastq.gz	output/SRR19762785_2.fastq.gz
ftp.sra.ebi.ac.uk	/vol1/fastq/SRR197/087/SRR19762787/SRR19762787_1.fastq.gz	output/SRR19762787_1.fastq.gz
ftp.sra.ebi.ac.uk	/vol1/fastq/SRR197/087/SRR19762787/SRR19762787_2.fastq.gz	output/SRR19762787_2.fastq.gz
ftp.sra.ebi.ac.uk	/vol1/fastq/SRR197/077/SRR19762377/SRR19762377_1.fastq.gz	output/SRR19762377_1.fastq.gz
ftp.sra.ebi.ac.uk	/vol1/fastq/SRR197/077/SRR19762377/SRR19762377_2.fastq.gz	output/SRR19762377_2.fastq.gz
ftp.sra.ebi.ac.uk	/vol1/fastq/SRR197/088/SRR19762788/SRR19762788_1.fastq.gz	output/SRR19762788_1.fastq.gz
ftp.sra.ebi.ac.uk	/vol1/fastq/SRR197/088/SRR19762788/SRR19762788_2.fastq.gz	output/SRR19762788_2.fastq.gz
ftp.sra.ebi.ac.uk	/vol1/fastq/SRR197/092/SRR19762792/SRR19762792_1.fastq.gz	output/SRR19762792_1.fastq.gz
ftp.sra.ebi.ac.uk	/vol1/fastq/SRR197/092/SRR19762792/SRR19762792_2.fastq.gz	output/SRR19762792_2.fastq.gz
ftp.sra.ebi.ac.uk	/vol1/fastq/SRR197/089/SRR19762389/SRR19762389_1.fastq.gz	output/SRR19762389_1.fastq.gz
ftp.sra.ebi.ac.uk	/vol1/fastq/SRR197/089/SRR19762389/SRR19762389_2.fastq.gz	output/SRR19762389_2.fastq.gz
ftp.sra.ebi.ac.uk	/vol1/fastq/SRR197/093/SRR19762793/SRR19762793_1.fastq.gz	output/SRR19762793_1.fastq.gz
ftp.sra.ebi.ac.uk	/vol1/fastq/SRR197/093/SRR19762793/SRR19762793_2.fastq.gz	output/SRR19762793_2.fastq.gz
ftp.sra.ebi.ac.uk	/vol1/fastq/SRR197/094/SRR19762394/SRR19762394_1.fastq.gz	output/SRR19762394_1.fastq.gz
ftp.sra.ebi.ac.uk	/vol1/fastq/SRR197/094/SRR19762394/SRR19762394_2.fastq.gz	output/SRR19762394_2.fastq.gz
ftp.sra.ebi.ac.uk	/vol1/fastq/SRR197/095/SRR19762795/SRR19762795_1.fastq.gz	output/SRR19762795_1.fastq.gz
ftp.sra.ebi.ac.uk	/vol1/fastq/SRR197/095/SRR19762795/SRR19762795_2.fastq.gz	output/SRR19762795_2.fastq.gz
ftp.sra.ebi.ac.uk	/vol1/fastq/SRR197/095/SRR19762395/SRR19762395_1.fastq.gz	output/SRR19762395_1.fastq.gz
ftp.sra.ebi.ac.uk	/vol1/fastq/SRR197/095/SRR19762395/SRR19762395_2.fastq.gz	output/SRR19762395_2.fastq.gz
ftp.sra.ebi.ac.uk	/vol1/fastq/SRR197/014/SRR19762814/SRR19762814_1.fastq.gz	output/SRR19762814_1.fastq.gz
ftp.sra.ebi.ac.uk	/vol1/fastq/SRR197/014/SRR19762814/SRR19762814_2.fastq.gz	output/SRR19762814_2.fastq.gz
ftp.sra.ebi.ac.uk	/vol1/fastq/SRR197/097/SRR19762397/SRR19762397_1.fastq.gz	output/SRR19762397_1.fastq.gz
ftp.sra.ebi.ac.uk	/vol1/fastq/SRR197/097/SRR19762397/SRR19762397_2.fastq.gz	output/SRR19762397_2.fastq.gz
ftp.sra.ebi.ac.uk	/vol1/fastq/SRR197/016/SRR19762816/SRR19762816_1.fastq.gz	output/SRR19762816_1.fastq.gz
ftp.sra.ebi.ac.uk	/vol1/fastq/SRR197/016/SRR19762816/SRR19762816_2.fastq.gz	output/SRR19762816_2.fastq.gz
ftp.sra.ebi.ac.uk	/vol1/fastq/SRR197/098/SRR19762398/SRR19762398_1.fastq.gz	output/SRR19762398_1.fastq.gz
ftp.sra.ebi.ac.uk	/vol1/fastq/SRR197/098/SRR19762398/SRR19762398_2.fastq.gz	output/SRR19762398_2.fastq.gz
ftp.sra.ebi.ac.uk	/vol1/fastq/SRR197/021/SRR19762821/SRR19762821_1.fastq.gz	output/SRR19762821_1.fastq.gz
ftp.sra.ebi.ac.uk	/vol1/fastq/SRR197/021/SRR19762821/SRR19762821_2.fastq.gz	output/SRR19762821_2.fastq.gz
ftp.sra.ebi.ac.uk	/vol1/fastq/SRR197/002/SRR19762402/SRR19762402_1.fastq.gz	output/SRR19762402_1.fastq.gz
ftp.sra.ebi.ac.uk	/vol1/fastq/SRR197/002/SRR19762402/SRR19762402_2.fastq.gz	output/SRR19762402_2.fastq.gz
ftp.sra.ebi.ac.uk	/vol1/fastq/SRR197/022/SRR19762822/SRR19762822_1.fastq.gz	output/SRR19762822_1.fastq.gz
ftp.sra.ebi.ac.uk	/vol1/fastq/SRR197/022/SRR19762822/SRR19762822_2.fastq.gz	output/SRR19762822_2.fastq.gz
ftp.sra.ebi.ac.uk	/vol1/fastq/SRR197/016/SRR19762416/SRR19762416_2.fastq.gz	output/SRR19762416_2.fastq.gz
ftp.sra.ebi.ac.uk	/vol1/fastq/SRR197/050/SRR19762850/SRR19762850_1.fastq.gz	output/SRR19762850_1.fastq.gz
ftp.sra.ebi.ac.uk	/vol1/fastq/SRR197/050/SRR19762850/SRR19762850_2.fastq.gz	output/SRR19762850_2.fastq.gz
ftp.sra.ebi.ac.uk	/vol1/fastq/SRR197/024/SRR19762424/SRR19762424_1.fastq.gz	output/SRR19762424_1.fastq.gz
ftp.sra.ebi.ac.uk	/vol1/fastq/SRR197/024/SRR19762424/SRR19762424_2.fastq.gz	output/SRR19762424_2.fastq.gz
ftp.sra.ebi.ac.uk	/vol1/fastq/SRR197/053/SRR19762853/SRR19762853_1.fastq.gz	output/SRR19762853_1.fastq.gz
ftp.sra.ebi.ac.uk	/vol1/fastq/SRR197/053/SRR19762853/SRR19762853_2.fastq.gz	output/SRR19762853_2.fastq.gz
ftp.sra.ebi.ac.uk	/vol1/fastq/SRR197/054/SRR19762854/SRR19762854_1.fastq.gz	output/SRR19762854_1.fastq.gz
ftp.sra.ebi.ac.uk	/vol1/fastq/SRR197/054/SRR19762854/SRR19762854_2.fastq.gz	output/SRR19762854_2.fastq.gz
ftp.sra.ebi.ac.uk	/vol1/fastq/SRR197/025/SRR19762425/SRR19762425_1.fastq.gz	output/SRR19762425_1.fastq.gz
ftp.sra.ebi.ac.uk	/vol1/fastq/SRR197/025/SRR19762425/SRR19762425_2.fastq.gz	output/SRR19762425_2.fastq.gz
ftp.sra.ebi.ac.uk	/vol1/fastq/SRR197/058/SRR19762858/SRR19762858_1.fastq.gz	output/SRR19762858_1.fastq.gz
ftp.sra.ebi.ac.uk	/vol1/fastq/SRR197/058/SRR19762858/SRR19762858_2.fastq.gz	output/SRR19762858_2.fastq.gz
ftp.sra.ebi.ac.uk	/vol1/fastq/SRR197/026/SRR19762426/SRR19762426_1.fastq.gz	output/SRR19762426_1.fastq.gz
ftp.sra.ebi.ac.uk	/vol1/fastq/SRR197/026/SRR19762426/SRR19762426_2.fastq.gz	output/SRR19762426_2.fastq.gz
ftp.sra.ebi.ac.uk	/vol1/fastq/SRR197/061/SRR19762861/SRR19762861_1.fastq.gz	output/SRR19762861_1.fastq.gz
ftp.sra.ebi.ac.uk	/vol1/fastq/SRR197/061/SRR19762861/SRR19762861_2.fastq.gz	output/SRR19762861_2.fastq.gz
ftp.sra.ebi.ac.uk	/vol1/fastq/SRR197/028/SRR19762428/SRR19762428_1.fastq.gz	output/SRR19762428_1.fastq.gz
ftp.sra.ebi.ac.uk	/vol1/fastq/SRR197/028/SRR19762428/SRR19762428_2.fastq.gz	output/SRR19762428_2.fastq.gz
ftp.sra.ebi.ac.uk	/vol1/fastq/SRR197/062/SRR19762862/SRR19762862_1.fastq.gz	output/SRR19762862_1.fastq.gz
ftp.sra.ebi.ac.uk	/vol1/fastq/SRR197/062/SRR19762862/SRR19762862_2.fastq.gz	output/SRR19762862_2.fastq.gz
ftp.sra.ebi.ac.uk	/vol1/fastq/SRR197/029/SRR19762429/SRR19762429_1.fastq.gz	output/SRR19762429_1.fastq.gz
ftp.sra.ebi.ac.uk	/vol1/fastq/SRR197/029/SRR19762429/SRR19762429_2.fastq.gz	output/SRR19762429_2.fastq.gz
ftp.sra.ebi.ac.uk	/vol1/fastq/SRR197/064/SRR19762864/SRR19762864_1.fastq.gz	output/SRR19762864_1.fastq.gz
ftp.sra.ebi.ac.uk	/vol1/fastq/SRR197/064/SRR19762864/SRR19762864_2.fastq.gz	output/SRR19762864_2.fastq.gz
ftp.sra.ebi.ac.uk	/vol1/fastq/SRR197/031/SRR19762431/SRR19762431_1.fastq.gz	output/SRR19762431_1.fastq.gz
ftp.sra.ebi.ac.uk	/vol1/fastq/SRR197/031/SRR19762431/SRR19762431_2.fastq.gz	output/SRR19762431_2.fastq.gz
ftp.sra.ebi.ac.uk	/vol1/fastq/SRR197/067/SRR19762867/SRR19762867_1.fastq.gz	output/SRR19762867_1.fastq.gz
ftp.sra.ebi.ac.uk	/vol1/fastq/SRR197/067/SRR19762867/SRR19762867_2.fastq.gz	output/SRR19762867_2.fastq.gz
ftp.sra.ebi.ac.uk	/vol1/fastq/SRR197/035/SRR19762435/SRR19762435_1.fastq.gz	output/SRR19762435_1.fastq.gz
ftp.sra.ebi.ac.uk	/vol1/fastq/SRR197/035/SRR19762435/SRR19762435_2.fastq.gz	output/SRR19762435_2.fastq.gz
ftp.sra.ebi.ac.uk	/vol1/fastq/SRR197/068/SRR19762868/SRR19762868_1.fastq.gz	output/SRR19762868_1.fastq.gz
ftp.sra.ebi.ac.uk	/vol1/fastq/SRR197/068/SRR19762868/SRR19762868_2.fastq.gz	output/SRR19762868_2.fastq.gz
ftp.sra.ebi.ac.uk	/vol1/fastq/SRR197/038/SRR19762438/SRR19762438_1.fastq.gz	output/SRR19762438_1.fastq.gz
ftp.sra.ebi.ac.uk	/vol1/fastq/SRR197/038/SRR19762438/SRR19762438_2.fastq.gz	output/SRR19762438_2.fastq.gz
ftp.sra.ebi.ac.uk	/vol1/fastq/SRR197/074/SRR19762874/SRR19762874_1.fastq.gz	output/SRR19762874_1.fastq.gz
ftp.sra.ebi.ac.uk	/vol1/fastq/SRR197/074/SRR19762874/SRR19762874_2.fastq.gz	output/SRR19762874_2.fastq.gz
ftp.sra.ebi.ac.uk	/vol1/fastq/SRR197/039/SRR19762439/SRR19762439_1.fastq.gz	output/SRR19762439_1.fastq.gz
ftp.sra.ebi.ac.uk	/vol1/fastq/SRR197/039/SRR19762439/SRR19762439_2.fastq.gz	output/SRR19762439_2.fastq.gz
ftp.sra.ebi.ac.uk	/vol1/fastq/SRR197/078/SRR19762878/SRR19762878_1.fastq.gz	output/SRR19762878_1.fastq.gz
ftp.sra.ebi.ac.uk	/vol1/fastq/SRR197/078/SRR19762878/SRR19762878_2.fastq.gz	output/SRR19762878_2.fastq.gz
ftp.sra.ebi.ac.uk	/vol1/fastq/SRR197/041/SRR19762441/SRR19762441_1.fastq.gz	output/SRR19762441_1.fastq.gz
ftp.sra.ebi.ac.uk	/vol1/fastq/SRR197/041/SRR19762441/SRR19762441_2.fastq.gz	output/SRR19762441_2.fastq.gz
ftp.sra.ebi.ac.uk	/vol1/fastq/SRR197/079/SRR19762879/SRR19762879_1.fastq.gz	output/SRR19762879_1.fastq.gz
ftp.sra.ebi.ac.uk	/vol1/fastq/SRR197/079/SRR19762879/SRR19762879_2.fastq.gz	output/SRR19762879_2.fastq.gz
ftp.sra.ebi.ac.uk	/vol1/fastq/SRR197/043/SRR19762443/SRR19762443_1.fastq.gz	output/SRR19762443_1.fastq.gz
ftp.sra.ebi.ac.uk	/vol1/fastq/SRR197/043/SRR19762443/SRR19762443_2.fastq.gz	output/SRR19762443_2.fastq.gz
ftp.sra.ebi.ac.uk	/vol1/fastq/SRR197/085/SRR19762885/SRR19762885_1.fastq.gz	output/SRR19762885_1.fastq.gz
ftp.sra.ebi.ac.uk	/vol1/fastq/SRR197/085/SRR19762885/SRR19762885_2.fastq.gz	output/SRR19762885_2.fastq.gz
ftp.sra.ebi.ac.uk	/vol1/fastq/SRR197/045/SRR19762445/SRR19762445_1.fastq.gz	output/SRR19762445_1.fastq.gz
ftp.sra.ebi.ac.uk	/vol1/fastq/SRR197/045/SRR19762445/SRR19762445_2.fastq.gz	output/SRR19762445_2.fastq.gz
ftp.sra.ebi.ac.uk	/vol1/fastq/SRR197/096/SRR19762896/SRR19762896_2.fastq.gz	output/SRR19762896_2.fastq.gz
ftp.sra.ebi.ac.uk	/vol1/fastq/SRR197/057/SRR19762457/SRR19762457_1.fastq.gz	output/SRR19762457_1.fastq.gz
ftp.sra.ebi.ac.uk	/vol1/fastq/SRR197/057/SRR19762457/SRR19762457_2.fastq.gz	output/SRR19762457_2.fastq.gz
ftp.sra.ebi.ac.uk	/vol1/fastq/SRR197/097/SRR19762897/SRR19762897_1.fastq.gz	output/SRR19762897_1.fastq.gz
ftp.sra.ebi.ac.uk	/vol1/fastq/SRR197/097/SRR19762897/SRR19762897_2.fastq.gz	output/SRR19762897_2.fastq.gz
ftp.sra.ebi.ac.uk	/vol1/fastq/SRR197/058/SRR19762458/SRR19762458_1.fastq.gz	output/SRR19762458_1.fastq.gz
ftp.sra.ebi.ac.uk	/vol1/fastq/SRR197/058/SRR19762458/SRR19762458_2.fastq.gz	output/SRR19762458_2.fastq.gz
ftp.sra.ebi.ac.uk	/vol1/fastq/SRR197/099/SRR19762899/SRR19762899_1.fastq.gz	output/SRR19762899_1.fastq.gz
ftp.sra.ebi.ac.uk	/vol1/fastq/SRR197/099/SRR19762899/SRR19762899_2.fastq.gz	output/SRR19762899_2.fastq.gz
ftp.sra.ebi.ac.uk	/vol1/fastq/SRR197/059/SRR19762459/SRR19762459_1.fastq.gz	output/SRR19762459_1.fastq.gz
ftp.sra.ebi.ac.uk	/vol1/fastq/SRR197/059/SRR19762459/SRR19762459_2.fastq.gz	output/SRR19762459_2.fastq.gz
ftp.sra.ebi.ac.uk	/vol1/fastq/SRR197/000/SRR19762900/SRR19762900_1.fastq.gz	output/SRR19762900_1.fastq.gz
ftp.sra.ebi.ac.uk	/vol1/fastq/SRR197/000/SRR19762900/SRR19762900_2.fastq.gz	output/SRR19762900_2.fastq.gz
ftp.sra.ebi.ac.uk	/vol1/fastq/SRR197/062/SRR19762462/SRR19762462_1.fastq.gz	output/SRR19762462_1.fastq.gz
ftp.sra.ebi.ac.uk	/vol1/fastq/SRR197/062/SRR19762462/SRR19762462_2.fastq.gz	output/SRR19762462_2.fastq.gz
ftp.sra.ebi.ac.uk	/vol1/fastq/SRR197/002/SRR19762902/SRR19762902_1.fastq.gz	output/SRR19762902_1.fastq.gz
ftp.sra.ebi.ac.uk	/vol1/fastq/SRR197/002/SRR19762902/SRR19762902_2.fastq.gz	output/SRR19762902_2.fastq.gz
ftp.sra.ebi.ac.uk	/vol1/fastq/SRR197/063/SRR19762463/SRR19762463_1.fastq.gz	output/SRR19762463_1.fastq.gz
ftp.sra.ebi.ac.uk	/vol1/fastq/SRR197/063/SRR19762463/SRR19762463_2.fastq.gz	output/SRR19762463_2.fastq.gz
ftp.sra.ebi.ac.uk	/vol1/fastq/SRR197/003/SRR19762903/SRR19762903_1.fastq.gz	output/SRR19762903_1.fastq.gz
ftp.sra.ebi.ac.uk	/vol1/fastq/SRR197/003/SRR19762903/SRR19762903_2.fastq.gz	output/SRR19762903_2.fastq.gz
ftp.sra.ebi.ac.uk	/vol1/fastq/SRR197/064/SRR19762464/SRR19762464_1.fastq.gz	output/SRR19762464_1.fastq.gz
ftp.sra.ebi.ac.uk	/vol1/fastq/SRR197/064/SRR19762464/SRR19762464_2.fastq.gz	output/SRR19762464_2.fastq.gz
ftp.sra.ebi.ac.uk	/vol1/fastq/SRR197/005/SRR19762905/SRR19762905_1.fastq.gz	output/SRR19762905_1.fastq.gz
ftp.sra.ebi.ac.uk	/vol1/fastq/SRR197/005/SRR19762905/SRR19762905_2.fastq.gz	output/SRR19762905_2.fastq.gz
ftp.sra.ebi.ac.uk	/vol1/fastq/SRR197/066/SRR19762466/SRR19762466_1.fastq.gz	output/SRR19762466_1.fastq.gz
ftp.sra.ebi.ac.uk	/vol1/fastq/SRR197/066/SRR19762466/SRR19762466_2.fastq.gz	output/SRR19762466_2.fastq.gz
ftp.sra.ebi.ac.uk	/vol1/fastq/SRR197/009/SRR19762909/SRR19762909_1.fastq.gz	output/SRR19762909_1.fastq.gz
ftp.sra.ebi.ac.uk	/vol1/fastq/SRR197/009/SRR19762909/SRR19762909_2.fastq.gz	output/SRR19762909_2.fastq.gz
ftp.sra.ebi.ac.uk	/vol1/fastq/SRR197/068/SRR19762468/SRR19762468_1.fastq.gz	output/SRR19762468_1.fastq.gz
ftp.sra.ebi.ac.uk	/vol1/fastq/SRR197/068/SRR19762468/SRR19762468_2.fastq.gz	output/SRR19762468_2.fastq.gz
ftp.sra.ebi.ac.uk	/vol1/fastq/SRR197/015/SRR19762915/SRR19762915_1.fastq.gz	output/SRR19762915_1.fastq.gz
ftp.sra.ebi.ac.uk	/vol1/fastq/SRR197/015/SRR19762915/SRR19762915_2.fastq.gz	output/SRR19762915_2.fastq.gz
ftp.sra.ebi.ac.uk	/vol1/fastq/SRR197/070/SRR19762470/SRR19762470_1.fastq.gz	output/SRR19762470_1.fastq.gz
ftp.sra.ebi.ac.uk	/vol1/fastq/SRR197/070/SRR19762470/SRR19762470_2.fastq.gz	output/SRR19762470_2.fastq.gz
ftp.sra.ebi.ac.uk	/vol1/fastq/SRR197/019/SRR19762919/SRR19762919_1.fastq.gz	output/SRR19762919_1.fastq.gz
ftp.sra.ebi.ac.uk	/vol1/fastq/SRR197/019/SRR19762919/SRR19762919_2.fastq.gz	output/SRR19762919_2.fastq.gz
ftp.sra.ebi.ac.uk	/vol1/fastq/SRR197/077/SRR19762477/SRR19762477_1.fastq.gz	output/SRR19762477_1.fastq.gz
ftp.sra.ebi.ac.uk	/vol1/fastq/SRR197/077/SRR19762477/SRR19762477_2.fastq.gz	output/SRR19762477_2.fastq.gz
ftp.sra.ebi.ac.uk	/vol1/fastq/SRR197/020/SRR19762920/SRR19762920_1.fastq.gz	output/SRR19762920_1.fastq.gz
ftp.sra.ebi.ac.uk	/vol1/fastq/SRR197/020/SRR19762920/SRR19762920_2.fastq.gz	output/SRR19762920_2.fastq.gz
ftp.sra.ebi.ac.uk	/vol1/fastq/SRR197/084/SRR19762484/SRR19762484_1.fastq.gz	output/SRR19762484_1.fastq.gz
ftp.sra.ebi.ac.uk	/vol1/fastq/SRR197/084/SRR19762484/SRR19762484_2.fastq.gz	output/SRR19762484_2.fastq.gz
ftp.sra.ebi.ac.uk	/vol1/fastq/SRR197/021/SRR19762921/SRR19762921_1.fastq.gz	output/SRR19762921_1.fastq.gz
ftp.sra.ebi.ac.uk	/vol1/fastq/SRR197/021/SRR19762921/SRR19762921_2.fastq.gz	output/SRR19762921_2.fastq.gz
ftp.sra.ebi.ac.uk	/vol1/fastq/SRR197/091/SRR19762491/SRR19762491_1.fastq.gz	output/SRR19762491_1.fastq.gz
ftp.sra.ebi.ac.uk	/vol1/fastq/SRR197/091/SRR19762491/SRR19762491_2.fastq.gz	output/SRR19762491_2.fastq.gz
ftp.sra.ebi.ac.uk	/vol1/fastq/SRR197/022/SRR19762922/SRR19762922_1.fastq.gz	output/SRR19762922_1.fastq.gz
ftp.sra.ebi.ac.uk	/vol1/fastq/SRR197/022/SRR19762922/SRR19762922_2.fastq.gz	output/SRR19762922_2.fastq.gz
ftp.sra.ebi.ac.uk	/vol1/fastq/SRR197/093/SRR19762493/SRR19762493_1.fastq.gz	output/SRR19762493_1.fastq.gz
ftp.sra.ebi.ac.uk	/vol1/fastq/SRR197/093/SRR19762493/SRR19762493_2.fastq.gz	output/SRR19762493_2.fastq.gz
ftp.sra.ebi.ac.uk	/vol1/fastq/SRR197/024/SRR19762924/SRR19762924_1.fastq.gz	output/SRR19762924_1.fastq.gz
ftp.sra.ebi.ac.uk	/vol1/fastq/SRR197/024/SRR19762924/SRR19762924_2.fastq.gz	output/SRR19762924_2.fastq.gz
ftp.sra.ebi.ac.uk	/vol1/fastq/SRR197/096/SRR19762496/SRR19762496_1.fastq.gz	output/SRR19762496_1.fastq.gz
ftp.sra.ebi.ac.uk	/vol1/fastq/SRR197/096/SRR19762496/SRR19762496_2.fastq.gz	output/SRR19762496_2.fastq.gz
ftp.sra.ebi.ac.uk	/vol1/fastq/SRR197/026/SRR19762926/SRR19762926_1.fastq.gz	output/SRR19762926_1.fastq.gz
ftp.sra.ebi.ac.uk	/vol1/fastq/SRR197/026/SRR19762926/SRR19762926_2.fastq.gz	output/SRR19762926_2.fastq.gz
ftp.sra.ebi.ac.uk	/vol1/fastq/SRR197/097/SRR19762497/SRR19762497_1.fastq.gz	output/SRR19762497_1.fastq.gz
ftp.sra.ebi.ac.uk	/vol1/fastq/SRR197/097/SRR19762497/SRR19762497_2.fastq.gz	output/SRR19762497_2.fastq.gz
ftp.sra.ebi.ac.uk	/vol1/fastq/SRR197/028/SRR19762928/SRR19762928_1.fastq.gz	output/SRR19762928_1.fastq.gz
ftp.sra.ebi.ac.uk	/vol1/fastq/SRR197/028/SRR19762928/SRR19762928_2.fastq.gz	output/SRR19762928_2.fastq.gz
ftp.sra.ebi.ac.uk	/vol1/fastq/SRR197/002/SRR19762502/SRR19762502_1.fastq.gz	output/SRR19762502_1.fastq.gz
ftp.sra.ebi.ac.uk	/vol1/fastq/SRR197/002/SRR19762502/SRR19762502_2.fastq.gz	output/SRR19762502_2.fastq.gz
ftp.sra.ebi.ac.uk	/vol1/fastq/SRR197/029/SRR19762929/SRR19762929_1.fastq.gz	output/SRR19762929_1.fastq.gz
ftp.sra.ebi.ac.uk	/vol1/fastq/SRR197/029/SRR19762929/SRR19762929_2.fastq.gz	output/SRR19762929_2.fastq.gz
ftp.sra.ebi.ac.uk	/vol1/fastq/SRR197/003/SRR19762503/SRR19762503_1.fastq.gz	output/SRR19762503_1.fastq.gz
ftp.sra.ebi.ac.uk	/vol1/fastq/SRR197/003/SRR19762503/SRR19762503_2.fastq.gz	output/SRR19762503_2.fastq.gz
ftp.sra.ebi.ac.uk	/vol1/fastq/SRR197/031/SRR19762931/SRR19762931_1.fastq.gz	output/SRR19762931_1.fastq.gz
ftp.sra.ebi.ac.uk	/vol1/fastq/SRR197/031/SRR19762931/SRR19762931_2.fastq.gz	output/SRR19762931_2.fastq.gz
ftp.sra.ebi.ac.uk	/vol1/fastq/SRR197/004/SRR19762504/SRR19762504_1.fastq.gz	output/SRR19762504_1.fastq.gz
ftp.sra.ebi.ac.uk	/vol1/fastq/SRR197/004/SRR19762504/SRR19762504_2.fastq.gz	output/SRR19762504_2.fastq.gz
ftp.sra.ebi.ac.uk	/vol1/fastq/SRR197/033/SRR19762933/SRR19762933_1.fastq.gz	output/SRR19762933_1.fastq.gz
ftp.sra.ebi.ac.uk	/vol1/fastq/SRR197/033/SRR19762933/SRR19762933_2.fastq.gz	output/SRR19762933_2.fastq.gz
ftp.sra.ebi.ac.uk	/vol1/fastq/SRR197/009/SRR19762509/SRR19762509_1.fastq.gz	output/SRR19762509_1.fastq.gz
ftp.sra.ebi.ac.uk	/vol1/fastq/SRR197/009/SRR19762509/SRR19762509_2.fastq.gz	output/SRR19762509_2.fastq.gz
ftp.sra.ebi.ac.uk	/vol1/fastq/SRR197/038/SRR19762938/SRR19762938_1.fastq.gz	output/SRR19762938_1.fastq.gz
ftp.sra.ebi.ac.uk	/vol1/fastq/SRR197/038/SRR19762938/SRR19762938_2.fastq.gz	output/SRR19762938_2.fastq.gz
ftp.sra.ebi.ac.uk	/vol1/fastq/SRR197/019/SRR19762519/SRR19762519_1.fastq.gz	output/SRR19762519_1.fastq.gz
ftp.sra.ebi.ac.uk	/vol1/fastq/SRR197/019/SRR19762519/SRR19762519_2.fastq.gz	output/SRR19762519_2.fastq.gz
ftp.sra.ebi.ac.uk	/vol1/fastq/SRR197/040/SRR19762940/SRR19762940_1.fastq.gz	output/SRR19762940_1.fastq.gz
ftp.sra.ebi.ac.uk	/vol1/fastq/SRR197/040/SRR19762940/SRR19762940_2.fastq.gz	output/SRR19762940_2.fastq.gz
ftp.sra.ebi.ac.uk	/vol1/fastq/SRR197/024/SRR19762524/SRR19762524_1.fastq.gz	output/SRR19762524_1.fastq.gz
ftp.sra.ebi.ac.uk	/vol1/fastq/SRR197/024/SRR19762524/SRR19762524_2.fastq.gz	output/SRR19762524_2.fastq.gz
ftp.sra.ebi.ac.uk	/vol1/fastq/SRR197/043/SRR19762943/SRR19762943_1.fastq.gz	output/SRR19762943_1.fastq.gz
ftp.sra.ebi.ac.uk	/vol1/fastq/SRR197/043/SRR19762943/SRR19762943_2.fastq.gz	output/SRR19762943_2.fastq.gz
ftp.sra.ebi.ac.uk	/vol1/fastq/SRR197/027/SRR19762527/SRR19762527_1.fastq.gz	output/SRR19762527_1.fastq.gz
ftp.sra.ebi.ac.uk	/vol1/fastq/SRR197/027/SRR19762527/SRR19762527_2.fastq.gz	output/SRR19762527_2.fastq.gz
ftp.sra.ebi.ac.uk	/vol1/fastq/SRR197/029/SRR19762529/SRR19762529_1.fastq.gz	output/SRR19762529_1.fastq.gz
ftp.sra.ebi.ac.uk	/vol1/fastq/SRR197/029/SRR19762529/SRR19762529_2.fastq.gz	output/SRR19762529_2.fastq.gz
ftp.sra.ebi.ac.uk	/vol1/fastq/SRR197/030/SRR19762530/SRR19762530_1.fastq.gz	output/SRR19762530_1.fastq.gz
ftp.sra.ebi.ac.uk	/vol1/fastq/SRR197/030/SRR19762530/SRR19762530_2.fastq.gz	output/SRR19762530_2.fastq.gz
ftp.sra.ebi.ac.uk	/vol1/fastq/SRR197/038/SRR19762538/SRR19762538_1.fastq.gz	output/SRR19762538_1.fastq.gz
ftp.sra.ebi.ac.uk	/vol1/fastq/SRR197/038/SRR19762538/SRR19762538_2.fastq.gz	output/SRR19762538_2.fastq.gz
ftp.sra.ebi.ac.uk	/vol1/fastq/SRR197/040/SRR19762540/SRR19762540_1.fastq.gz	output/SRR19762540_1.fastq.gz
ftp.sra.ebi.ac.uk	/vol1/fastq/SRR197/040/SRR19762540/SRR19762540_2.fastq.gz	output/SRR19762540_2.fastq.gz
ftp.sra.ebi.ac.uk	/vol1/fastq/SRR197/041/SRR19762541/SRR19762541_1.fastq.gz	output/SRR19762541_1.fastq.gz
ftp.sra.ebi.ac.uk	/vol1/fastq/SRR197/041/SRR19762541/SRR19762541_2.fastq.gz	output/SRR19762541_2.fastq.gz
ftp.sra.ebi.ac.uk	/vol1/fastq/SRR197/042/SRR19762542/SRR19762542_1.fastq.gz	output/SRR19762542_1.fastq.gz
ftp.sra.ebi.ac.uk	/vol1/fastq/SRR197/042/SRR19762542/SRR19762542_2.fastq.gz	output/SRR19762542_2.fastq.gz
ftp.sra.ebi.ac.uk	/vol1/fastq/SRR197/043/SRR19762543/SRR19762543_1.fastq.gz	output/SRR19762543_1.fastq.gz
ftp.sra.ebi.ac.uk	/vol1/fastq/SRR197/043/SRR19762543/SRR19762543_2.fastq.gz	output/SRR19762543_2.fastq.gz
ftp.sra.ebi.ac.uk	/vol1/fastq/SRR197/046/SRR19762546/SRR19762546_1.fastq.gz	output/SRR19762546_1.fastq.gz
ftp.sra.ebi.ac.uk	/vol1/fastq/SRR197/046/SRR19762546/SRR19762546_2.fastq.gz	output/SRR19762546_2.fastq.gz
ftp.sra.ebi.ac.uk	/vol1/fastq/SRR197/047/SRR19762547/SRR19762547_1.fastq.gz	output/SRR19762547_1.fastq.gz
ftp.sra.ebi.ac.uk	/vol1/fastq/SRR197/047/SRR19762547/SRR19762547_2.fastq.gz	output/SRR19762547_2.fastq.gz
ftp.sra.ebi.ac.uk	/vol1/fastq/SRR197/051/SRR19762551/SRR19762551_1.fastq.gz	output/SRR19762551_1.fastq.gz
ftp.sra.ebi.ac.uk	/vol1/fastq/SRR197/051/SRR19762551/SRR19762551_2.fastq.gz	output/SRR19762551_2.fastq.gz
ftp.sra.ebi.ac.uk	/vol1/fastq/SRR197/052/SRR19762552/SRR19762552_1.fastq.gz	output/SRR19762552_1.fastq.gz
ftp.sra.ebi.ac.uk	/vol1/fastq/SRR197/052/SRR19762552/SRR19762552_2.fastq.gz	output/SRR19762552_2.fastq.gz
ftp.sra.ebi.ac.uk	/vol1/fastq/SRR197/055/SRR19762555/SRR19762555_1.fastq.gz	output/SRR19762555_1.fastq.gz
ftp.sra.ebi.ac.uk	/vol1/fastq/SRR197/055/SRR19762555/SRR19762555_2.fastq.gz	output/SRR19762555_2.fastq.gz
ftp.sra.ebi.ac.uk	/vol1/fastq/SRR197/056/SRR19762556/SRR19762556_1.fastq.gz	output/SRR19762556_1.fastq.gz
ftp.sra.ebi.ac.uk	/vol1/fastq/SRR197/056/SRR19762556/SRR19762556_2.fastq.gz	output/SRR19762556_2.fastq.gz
ftp.sra.ebi.ac.uk	/vol1/fastq/SRR197/057/SRR19762557/SRR19762557_1.fastq.gz	output/SRR19762557_1.fastq.gz
ftp.sra.ebi.ac.uk	/vol1/fastq/SRR197/057/SRR19762557/SRR19762557_2.fastq.gz	output/SRR19762557_2.fastq.gz
ftp.sra.ebi.ac.uk	/vol1/fastq/SRR197/062/SRR19762562/SRR19762562_1.fastq.gz	output/SRR19762562_1.fastq.gz
ftp.sra.ebi.ac.uk	/vol1/fastq/SRR197/062/SRR19762562/SRR19762562_2.fastq.gz	output/SRR19762562_2.fastq.gz
ftp.sra.ebi.ac.uk	/vol1/fastq/SRR197/065/SRR19762565/SRR19762565_1.fastq.gz	output/SRR19762565_1.fastq.gz
ftp.sra.ebi.ac.uk	/vol1/fastq/SRR197/065/SRR19762565/SRR19762565_2.fastq.gz	output/SRR19762565_2.fastq.gz
ftp.sra.ebi.ac.uk	/vol1/fastq/SRR197/066/SRR19762566/SRR19762566_1.fastq.gz	output/SRR19762566_1.fastq.gz
ftp.sra.ebi.ac.uk	/vol1/fastq/SRR197/066/SRR19762566/SRR19762566_2.fastq.gz	output/SRR19762566_2.fastq.gz
ftp.sra.ebi.ac.uk	/vol1/fastq/SRR197/071/SRR19762571/SRR19762571_1.fastq.gz	output/SRR19762571_1.fastq.gz
ftp.sra.ebi.ac.uk	/vol1/fastq/SRR197/071/SRR19762571/SRR19762571_2.fastq.gz	output/SRR19762571_2.fastq.gz
ftp.sra.ebi.ac.uk	/vol1/fastq/SRR197/072/SRR19762572/SRR19762572_1.fastq.gz	output/SRR19762572_1.fastq.gz
ftp.sra.ebi.ac.uk	/vol1/fastq/SRR197/072/SRR19762572/SRR19762572_2.fastq.gz	output/SRR19762572_2.fastq.gz
ftp.sra.ebi.ac.uk	/vol1/fastq/SRR197/074/SRR19762574/SRR19762574_1.fastq.gz	output/SRR19762574_1.fastq.gz
ftp.sra.ebi.ac.uk	/vol1/fastq/SRR197/074/SRR19762574/SRR19762574_2.fastq.gz	output/SRR19762574_2.fastq.gz
ftp.sra.ebi.ac.uk	/vol1/fastq/SRR197/075/SRR19762575/SRR19762575_1.fastq.gz	output/SRR19762575_1.fastq.gz
ftp.sra.ebi.ac.uk	/vol1/fastq/SRR197/075/SRR19762575/SRR19762575_2.fastq.gz	output/SRR19762575_2.fastq.gz
ftp.sra.ebi.ac.uk	/vol1/fastq/SRR197/076/SRR19762576/SRR19762576_1.fastq.gz	output/SRR19762576_1.fastq.gz
ftp.sra.ebi.ac.uk	/vol1/fastq/SRR197/076/SRR19762576/SRR19762576_2.fastq.gz	output/SRR19762576_2.fastq.gz
ftp.sra.ebi.ac.uk	/vol1/fastq/SRR197/078/SRR19762578/SRR19762578_1.fastq.gz	output/SRR19762578_1.fastq.gz
ftp.sra.ebi.ac.uk	/vol1/fastq/SRR197/078/SRR19762578/SRR19762578_2.fastq.gz	output/SRR19762578_2.fastq.gz
ftp.sra.ebi.ac.uk	/vol1/fastq/SRR197/080/SRR19762580/SRR19762580_1.fastq.gz	output/SRR19762580_1.fastq.gz
ftp.sra.ebi.ac.uk	/vol1/fastq/SRR197/080/SRR19762580/SRR19762580_2.fastq.gz	output/SRR19762580_2.fastq.gz
ftp.sra.ebi.ac.uk	/vol1/fastq/SRR197/084/SRR19762584/SRR19762584_1.fastq.gz	output/SRR19762584_1.fastq.gz
ftp.sra.ebi.ac.uk	/vol1/fastq/SRR197/084/SRR19762584/SRR19762584_2.fastq.gz	output/SRR19762584_2.fastq.gz
ftp.sra.ebi.ac.uk	/vol1/fastq/SRR197/086/SRR19762586/SRR19762586_1.fastq.gz	output/SRR19762586_1.fastq.gz
ftp.sra.ebi.ac.uk	/vol1/fastq/SRR197/086/SRR19762586/SRR19762586_2.fastq.gz	output/SRR19762586_2.fastq.gz
ftp.sra.ebi.ac.uk	/vol1/fastq/SRR197/087/SRR19762587/SRR19762587_1.fastq.gz	output/SRR19762587_1.fastq.gz
ftp.sra.ebi.ac.uk	/vol1/fastq/SRR197/087/SRR19762587/SRR19762587_2.fastq.gz	output/SRR19762587_2.fastq.gz
ftp.sra.ebi.ac.uk	/vol1/fastq/SRR197/088/SRR19762588/SRR19762588_1.fastq.gz	output/SRR19762588_1.fastq.gz
ftp.sra.ebi.ac.uk	/vol1/fastq/SRR197/088/SRR19762588/SRR19762588_2.fastq.gz	output/SRR19762588_2.fastq.gz
ftp.sra.ebi.ac.uk	/vol1/fastq/SRR197/089/SRR19762589/SRR19762589_1.fastq.gz	output/SRR19762589_1.fastq.gz
ftp.sra.ebi.ac.uk	/vol1/fastq/SRR197/089/SRR19762589/SRR19762589_2.fastq.gz	output/SRR19762589_2.fastq.gz
ftp.sra.ebi.ac.uk	/vol1/fastq/SRR197/091/SRR19762591/SRR19762591_1.fastq.gz	output/SRR19762591_1.fastq.gz
ftp.sra.ebi.ac.uk	/vol1/fastq/SRR197/091/SRR19762591/SRR19762591_2.fastq.gz	output/SRR19762591_2.fastq.gz
ftp.sra.ebi.ac.uk	/vol1/fastq/SRR197/092/SRR19762592/SRR19762592_1.fastq.gz	output/SRR19762592_1.fastq.gz
ftp.sra.ebi.ac.uk	/vol1/fastq/SRR197/092/SRR19762592/SRR19762592_2.fastq.gz	output/SRR19762592_2.fastq.gz
ftp.sra.ebi.ac.uk	/vol1/fastq/SRR197/094/SRR19762594/SRR19762594_1.fastq.gz	output/SRR19762594_1.fastq.gz
ftp.sra.ebi.ac.uk	/vol1/fastq/SRR197/094/SRR19762594/SRR19762594_2.fastq.gz	output/SRR19762594_2.fastq.gz
ftp.sra.ebi.ac.uk	/vol1/fastq/SRR197/097/SRR19762597/SRR19762597_1.fastq.gz	output/SRR19762597_1.fastq.gz
ftp.sra.ebi.ac.uk	/vol1/fastq/SRR197/097/SRR19762597/SRR19762597_2.fastq.gz	output/SRR19762597_2.fastq.gz
ftp.sra.ebi.ac.uk	/vol1/fastq/SRR197/099/SRR19762599/SRR19762599_1.fastq.gz	output/SRR19762599_1.fastq.gz
ftp.sra.ebi.ac.uk	/vol1/fastq/SRR197/099/SRR19762599/SRR19762599_2.fastq.gz	output/SRR19762599_2.fastq.gz
ftp.sra.ebi.ac.uk	/vol1/fastq/SRR197/001/SRR19762601/SRR19762601_1.fastq.gz	output/SRR19762601_1.fastq.gz
ftp.sra.ebi.ac.uk	/vol1/fastq/SRR197/001/SRR19762601/SRR19762601_2.fastq.gz	output/SRR19762601_2.fastq.gz
ftp.sra.ebi.ac.uk	/vol1/fastq/SRR197/002/SRR19762602/SRR19762602_1.fastq.gz	output/SRR19762602_1.fastq.gz
ftp.sra.ebi.ac.uk	/vol1/fastq/SRR197/002/SRR19762602/SRR19762602_2.fastq.gz	output/SRR19762602_2.fastq.gz
ftp.sra.ebi.ac.uk	/vol1/fastq/SRR197/005/SRR19762605/SRR19762605_1.fastq.gz	output/SRR19762605_1.fastq.gz
ftp.sra.ebi.ac.uk	/vol1/fastq/SRR197/005/SRR19762605/SRR19762605_2.fastq.gz	output/SRR19762605_2.fastq.gz
ftp.sra.ebi.ac.uk	/vol1/fastq/SRR197/008/SRR19762608/SRR19762608_1.fastq.gz	output/SRR19762608_1.fastq.gz
ftp.sra.ebi.ac.uk	/vol1/fastq/SRR197/008/SRR19762608/SRR19762608_2.fastq.gz	output/SRR19762608_2.fastq.gz
ftp.sra.ebi.ac.uk	/vol1/fastq/SRR197/010/SRR19762610/SRR19762610_1.fastq.gz	output/SRR19762610_1.fastq.gz
ftp.sra.ebi.ac.uk	/vol1/fastq/SRR197/010/SRR19762610/SRR19762610_2.fastq.gz	output/SRR19762610_2.fastq.gz
ftp.sra.ebi.ac.uk	/vol1/fastq/SRR197/013/SRR19762613/SRR19762613_1.fastq.gz	output/SRR19762613_1.fastq.gz
ftp.sra.ebi.ac.uk	/vol1/fastq/SRR197/013/SRR19762613/SRR19762613_2.fastq.gz	output/SRR19762613_2.fastq.gz
ftp.sra.ebi.ac.uk	/vol1/fastq/SRR197/014/SRR19762614/SRR19762614_1.fastq.gz	output/SRR19762614_1.fastq.gz
ftp.sra.ebi.ac.uk	/vol1/fastq/SRR197/014/SRR19762614/SRR19762614_2.fastq.gz	output/SRR19762614_2.fastq.gz
ftp.sra.ebi.ac.uk	/vol1/fastq/SRR197/016/SRR19762616/SRR19762616_1.fastq.gz	output/SRR19762616_1.fastq.gz
ftp.sra.ebi.ac.uk	/vol1/fastq/SRR197/016/SRR19762616/SRR19762616_2.fastq.gz	output/SRR19762616_2.fastq.gz
ftp.sra.ebi.ac.uk	/vol1/fastq/SRR197/017/SRR19762617/SRR19762617_1.fastq.gz	output/SRR19762617_1.fastq.gz
ftp.sra.ebi.ac.uk	/vol1/fastq/SRR197/017/SRR19762617/SRR19762617_2.fastq.gz	output/SRR19762617_2.fastq.gz
ftp.sra.ebi.ac.uk	/vol1/fastq/SRR197/018/SRR19762618/SRR19762618_1.fastq.gz	output/SRR19762618_1.fastq.gz
ftp.sra.ebi.ac.uk	/vol1/fastq/SRR197/018/SRR19762618/SRR19762618_2.fastq.gz	output/SRR19762618_2.fastq.gz
ftp.sra.ebi.ac.uk	/vol1/fastq/SRR197/024/SRR19762624/SRR19762624_1.fastq.gz	output/SRR19762624_1.fastq.gz
ftp.sra.ebi.ac.uk	/vol1/fastq/SRR197/024/SRR19762624/SRR19762624_2.fastq.gz	output/SRR19762624_2.fastq.gz
ftp.sra.ebi.ac.uk	/vol1/fastq/SRR197/032/SRR19762632/SRR19762632_1.fastq.gz	output/SRR19762632_1.fastq.gz
ftp.sra.ebi.ac.uk	/vol1/fastq/SRR197/032/SRR19762632/SRR19762632_2.fastq.gz	output/SRR19762632_2.fastq.gz
ftp.sra.ebi.ac.uk	/vol1/fastq/SRR197/039/SRR19762639/SRR19762639_1.fastq.gz	output/SRR19762639_1.fastq.gz
ftp.sra.ebi.ac.uk	/vol1/fastq/SRR197/039/SRR19762639/SRR19762639_2.fastq.gz	output/SRR19762639_2.fastq.gz
ftp.sra.ebi.ac.uk	/vol1/fastq/SRR197/044/SRR19762644/SRR19762644_1.fastq.gz	output/SRR19762644_1.fastq.gz
ftp.sra.ebi.ac.uk	/vol1/fastq/SRR197/044/SRR19762644/SRR19762644_2.fastq.gz	output/SRR19762644_2.fastq.gz
ftp.sra.ebi.ac.uk	/vol1/fastq/SRR197/045/SRR19762645/SRR19762645_1.fastq.gz	output/SRR19762645_1.fastq.gz
ftp.sra.ebi.ac.uk	/vol1/fastq/SRR197/045/SRR19762645/SRR19762645_2.fastq.gz	output/SRR19762645_2.fastq.gz
ftp.sra.ebi.ac.uk	/vol1/fastq/SRR197/050/SRR19762650/SRR19762650_1.fastq.gz	output/SRR19762650_1.fastq.gz
ftp.sra.ebi.ac.uk	/vol1/fastq/SRR197/050/SRR19762650/SRR19762650_2.fastq.gz	output/SRR19762650_2.fastq.gz
ftp.sra.ebi.ac.uk	/vol1/fastq/SRR197/061/SRR19762661/SRR19762661_1.fastq.gz	output/SRR19762661_1.fastq.gz
ftp.sra.ebi.ac.uk	/vol1/fastq/SRR197/061/SRR19762661/SRR19762661_2.fastq.gz	output/SRR19762661_2.fastq.gz
ftp.sra.ebi.ac.uk	/vol1/fastq/SRR197/063/SRR19762663/SRR19762663_1.fastq.gz	output/SRR19762663_1.fastq.gz
ftp.sra.ebi.ac.uk	/vol1/fastq/SRR197/063/SRR19762663/SRR19762663_2.fastq.gz	output/SRR19762663_2.fastq.gz
ftp.sra.ebi.ac.uk	/vol1/fastq/SRR197/064/SRR19762664/SRR19762664_1.fastq.gz	output/SRR19762664_1.fastq.gz
ftp.sra.ebi.ac.uk	/vol1/fastq/SRR197/064/SRR19762664/SRR19762664_2.fastq.gz	output/SRR19762664_2.fastq.gz
ftp.sra.ebi.ac.uk	/vol1/fastq/SRR197/065/SRR19762665/SRR19762665_1.fastq.gz	output/SRR19762665_1.fastq.gz
ftp.sra.ebi.ac.uk	/vol1/fastq/SRR197/065/SRR19762665/SRR19762665_2.fastq.gz	output/SRR19762665_2.fastq.gz
ftp.sra.ebi.ac.uk	/vol1/fastq/SRR197/067/SRR19762667/SRR19762667_1.fastq.gz	output/SRR19762667_1.fastq.gz
ftp.sra.ebi.ac.uk	/vol1/fastq/SRR197/067/SRR19762667/SRR19762667_2.fastq.gz	output/SRR19762667_2.fastq.gz
ftp.sra.ebi.ac.uk	/vol1/fastq/SRR197/081/SRR19762681/SRR19762681_1.fastq.gz	output/SRR19762681_1.fastq.gz
ftp.sra.ebi.ac.uk	/vol1/fastq/SRR197/081/SRR19762681/SRR19762681_2.fastq.gz	output/SRR19762681_2.fastq.gz
ftp.sra.ebi.ac.uk	/vol1/fastq/SRR197/082/SRR19762682/SRR19762682_1.fastq.gz	output/SRR19762682_1.fastq.gz
ftp.sra.ebi.ac.uk	/vol1/fastq/SRR197/082/SRR19762682/SRR19762682_2.fastq.gz	output/SRR19762682_2.fastq.gz
ftp.sra.ebi.ac.uk	/vol1/fastq/SRR197/084/SRR19762684/SRR19762684_1.fastq.gz	output/SRR19762684_1.fastq.gz
ftp.sra.ebi.ac.uk	/vol1/fastq/SRR197/084/SRR19762684/SRR19762684_2.fastq.gz	output/SRR19762684_2.fastq.gz
ftp.sra.ebi.ac.uk	/vol1/fastq/SRR197/086/SRR19762686/SRR19762686_1.fastq.gz	output/SRR19762686_1.fastq.gz
ftp.sra.ebi.ac.uk	/vol1/fastq/SRR197/086/SRR19762686/SRR19762686_2.fastq.gz	output/SRR19762686_2.fastq.gz
ftp.sra.ebi.ac.uk	/vol1/fastq/SRR197/091/SRR19762691/SRR19762691_1.fastq.gz	output/SRR19762691_1.fastq.gz
ftp.sra.ebi.ac.uk	/vol1/fastq/SRR197/091/SRR19762691/SRR19762691_2.fastq.gz	output/SRR19762691_2.fastq.gz
ftp.sra.ebi.ac.uk	/vol1/fastq/SRR197/098/SRR19762698/SRR19762698_1.fastq.gz	output/SRR19762698_1.fastq.gz
ftp.sra.ebi.ac.uk	/vol1/fastq/SRR197/098/SRR19762698/SRR19762698_2.fastq.gz	output/SRR19762698_2.fastq.gz
ftp.sra.ebi.ac.uk	/vol1/fastq/SRR197/099/SRR19762699/SRR19762699_1.fastq.gz	output/SRR19762699_1.fastq.gz
ftp.sra.ebi.ac.uk	/vol1/fastq/SRR197/099/SRR19762699/SRR19762699_2.fastq.gz	output/SRR19762699_2.fastq.gz
ftp.sra.ebi.ac.uk	/vol1/fastq/SRR197/000/SRR19762700/SRR19762700_1.fastq.gz	output/SRR19762700_1.fastq.gz
ftp.sra.ebi.ac.uk	/vol1/fastq/SRR197/000/SRR19762700/SRR19762700_2.fastq.gz	output/SRR19762700_2.fastq.gz
ftp.sra.ebi.ac.uk	/vol1/fastq/SRR197/001/SRR19762701/SRR19762701_1.fastq.gz	output/SRR19762701_1.fastq.gz
ftp.sra.ebi.ac.uk	/vol1/fastq/SRR197/001/SRR19762701/SRR19762701_2.fastq.gz	output/SRR19762701_2.fastq.gz
ftp.sra.ebi.ac.uk	/vol1/fastq/SRR197/005/SRR19762705/SRR19762705_1.fastq.gz	output/SRR19762705_1.fastq.gz
ftp.sra.ebi.ac.uk	/vol1/fastq/SRR197/005/SRR19762705/SRR19762705_2.fastq.gz	output/SRR19762705_2.fastq.gz
ftp.sra.ebi.ac.uk	/vol1/fastq/SRR197/006/SRR19762706/SRR19762706_1.fastq.gz	output/SRR19762706_1.fastq.gz
ftp.sra.ebi.ac.uk	/vol1/fastq/SRR197/006/SRR19762706/SRR19762706_2.fastq.gz	output/SRR19762706_2.fastq.gz
ftp.sra.ebi.ac.uk	/vol1/fastq/SRR197/008/SRR19762708/SRR19762708_1.fastq.gz	output/SRR19762708_1.fastq.gz
ftp.sra.ebi.ac.uk	/vol1/fastq/SRR197/008/SRR19762708/SRR19762708_2.fastq.gz	output/SRR19762708_2.fastq.gz
ftp.sra.ebi.ac.uk	/vol1/fastq/SRR197/019/SRR19762719/SRR19762719_1.fastq.gz	output/SRR19762719_1.fastq.gz
ftp.sra.ebi.ac.uk	/vol1/fastq/SRR197/019/SRR19762719/SRR19762719_2.fastq.gz	output/SRR19762719_2.fastq.gz
ftp.sra.ebi.ac.uk	/vol1/fastq/SRR197/021/SRR19762721/SRR19762721_1.fastq.gz	output/SRR19762721_1.fastq.gz
ftp.sra.ebi.ac.uk	/vol1/fastq/SRR197/021/SRR19762721/SRR19762721_2.fastq.gz	output/SRR19762721_2.fastq.gz
ftp.sra.ebi.ac.uk	/vol1/fastq/SRR197/022/SRR19762722/SRR19762722_1.fastq.gz	output/SRR19762722_1.fastq.gz
ftp.sra.ebi.ac.uk	/vol1/fastq/SRR197/022/SRR19762722/SRR19762722_2.fastq.gz	output/SRR19762722_2.fastq.gz
ftp.sra.ebi.ac.uk	/vol1/fastq/SRR197/024/SRR19762724/SRR19762724_1.fastq.gz	output/SRR19762724_1.fastq.gz
ftp.sra.ebi.ac.uk	/vol1/fastq/SRR197/024/SRR19762724/SRR19762724_2.fastq.gz	output/SRR19762724_2.fastq.gz
ftp.sra.ebi.ac.uk	/vol1/fastq/SRR197/025/SRR19762725/SRR19762725_1.fastq.gz	output/SRR19762725_1.fastq.gz
ftp.sra.ebi.ac.uk	/vol1/fastq/SRR197/025/SRR19762725/SRR19762725_2.fastq.gz	output/SRR19762725_2.fastq.gz
ftp.sra.ebi.ac.uk	/vol1/fastq/SRR197/026/SRR19762726/SRR19762726_1.fastq.gz	output/SRR19762726_1.fastq.gz
ftp.sra.ebi.ac.uk	/vol1/fastq/SRR197/026/SRR19762726/SRR19762726_2.fastq.gz	output/SRR19762726_2.fastq.gz
ftp.sra.ebi.ac.uk	/vol1/fastq/SRR197/027/SRR19762727/SRR19762727_1.fastq.gz	output/SRR19762727_1.fastq.gz
ftp.sra.ebi.ac.uk	/vol1/fastq/SRR197/027/SRR19762727/SRR19762727_2.fastq.gz	output/SRR19762727_2.fastq.gz
ftp.sra.ebi.ac.uk	/vol1/fastq/SRR197/028/SRR19762728/SRR19762728_1.fastq.gz	output/SRR19762728_1.fastq.gz
ftp.sra.ebi.ac.uk	/vol1/fastq/SRR197/028/SRR19762728/SRR19762728_2.fastq.gz	output/SRR19762728_2.fastq.gz
ftp.sra.ebi.ac.uk	/vol1/fastq/SRR197/031/SRR19762731/SRR19762731_1.fastq.gz	output/SRR19762731_1.fastq.gz
ftp.sra.ebi.ac.uk	/vol1/fastq/SRR197/031/SRR19762731/SRR19762731_2.fastq.gz	output/SRR19762731_2.fastq.gz
ftp.sra.ebi.ac.uk	/vol1/fastq/SRR197/033/SRR19762733/SRR19762733_1.fastq.gz	output/SRR19762733_1.fastq.gz
ftp.sra.ebi.ac.uk	/vol1/fastq/SRR197/033/SRR19762733/SRR19762733_2.fastq.gz	output/SRR19762733_2.fastq.gz
ftp.sra.ebi.ac.uk	/vol1/fastq/SRR197/034/SRR19762734/SRR19762734_1.fastq.gz	output/SRR19762734_1.fastq.gz
ftp.sra.ebi.ac.uk	/vol1/fastq/SRR197/034/SRR19762734/SRR19762734_2.fastq.gz	output/SRR19762734_2.fastq.gz
ftp.sra.ebi.ac.uk	/vol1/fastq/SRR197/035/SRR19762735/SRR19762735_1.fastq.gz	output/SRR19762735_1.fastq.gz
ftp.sra.ebi.ac.uk	/vol1/fastq/SRR197/035/SRR19762735/SRR19762735_2.fastq.gz	output/SRR19762735_2.fastq.gz
ftp.sra.ebi.ac.uk	/vol1/fastq/SRR197/040/SRR19762740/SRR19762740_1.fastq.gz	output/SRR19762740_1.fastq.gz
ftp.sra.ebi.ac.uk	/vol1/fastq/SRR197/040/SRR19762740/SRR19762740_2.fastq.gz	output/SRR19762740_2.fastq.gz
ftp.sra.ebi.ac.uk	/vol1/fastq/SRR197/046/SRR19762746/SRR19762746_1.fastq.gz	output/SRR19762746_1.fastq.gz
ftp.sra.ebi.ac.uk	/vol1/fastq/SRR197/046/SRR19762746/SRR19762746_2.fastq.gz	output/SRR19762746_2.fastq.gz
ftp.sra.ebi.ac.uk	/vol1/fastq/SRR197/047/SRR19762747/SRR19762747_1.fastq.gz	output/SRR19762747_1.fastq.gz
ftp.sra.ebi.ac.uk	/vol1/fastq/SRR197/047/SRR19762747/SRR19762747_2.fastq.gz	output/SRR19762747_2.fastq.gz
ftp.sra.ebi.ac.uk	/vol1/fastq/SRR197/049/SRR19762749/SRR19762749_1.fastq.gz	output/SRR19762749_1.fastq.gz
ftp.sra.ebi.ac.uk	/vol1/fastq/SRR197/049/SRR19762749/SRR19762749_2.fastq.gz	output/SRR19762749_2.fastq.gz
ftp.sra.ebi.ac.uk	/vol1/fastq/SRR197/050/SRR19762750/SRR19762750_1.fastq.gz	output/SRR19762750_1.fastq.gz
ftp.sra.ebi.ac.uk	/vol1/fastq/SRR197/050/SRR19762750/SRR19762750_2.fastq.gz	output/SRR19762750_2.fastq.gz
ftp.sra.ebi.ac.uk	/vol1/fastq/SRR197/052/SRR19762752/SRR19762752_1.fastq.gz	output/SRR19762752_1.fastq.gz
ftp.sra.ebi.ac.uk	/vol1/fastq/SRR197/052/SRR19762752/SRR19762752_2.fastq.gz	output/SRR19762752_2.fastq.gz
ftp.sra.ebi.ac.uk	/vol1/fastq/SRR197/057/SRR19762757/SRR19762757_1.fastq.gz	output/SRR19762757_1.fastq.gz
ftp.sra.ebi.ac.uk	/vol1/fastq/SRR197/057/SRR19762757/SRR19762757_2.fastq.gz	output/SRR19762757_2.fastq.gz
ftp.sra.ebi.ac.uk	/vol1/fastq/SRR197/060/SRR19762760/SRR19762760_1.fastq.gz	output/SRR19762760_1.fastq.gz
ftp.sra.ebi.ac.uk	/vol1/fastq/SRR197/060/SRR19762760/SRR19762760_2.fastq.gz	output/SRR19762760_2.fastq.gz
ftp.sra.ebi.ac.uk	/vol1/fastq/SRR197/061/SRR19762761/SRR19762761_1.fastq.gz	output/SRR19762761_1.fastq.gz
ftp.sra.ebi.ac.uk	/vol1/fastq/SRR197/061/SRR19762761/SRR19762761_2.fastq.gz	output/SRR19762761_2.fastq.gz
ftp.sra.ebi.ac.uk	/vol1/fastq/SRR197/067/SRR19762767/SRR19762767_1.fastq.gz	output/SRR19762767_1.fastq.gz
ftp.sra.ebi.ac.uk	/vol1/fastq/SRR197/067/SRR19762767/SRR19762767_2.fastq.gz	output/SRR19762767_2.fastq.gz
ftp.sra.ebi.ac.uk	/vol1/fastq/SRR197/073/SRR19762773/SRR19762773_1.fastq.gz	output/SRR19762773_1.fastq.gz
ftp.sra.ebi.ac.uk	/vol1/fastq/SRR197/073/SRR19762773/SRR19762773_2.fastq.gz	output/SRR19762773_2.fastq.gz
ftp.sra.ebi.ac.uk	/vol1/fastq/SRR197/075/SRR19762775/SRR19762775_1.fastq.gz	output/SRR19762775_1.fastq.gz
ftp.sra.ebi.ac.uk	/vol1/fastq/SRR197/075/SRR19762775/SRR19762775_2.fastq.gz	output/SRR19762775_2.fastq.gz
ftp.sra.ebi.ac.uk	/vol1/fastq/SRR197/078/SRR19762778/SRR19762778_1.fastq.gz	output/SRR19762778_1.fastq.gz
ftp.sra.ebi.ac.uk	/vol1/fastq/SRR197/078/SRR19762778/SRR19762778_2.fastq.gz	output/SRR19762778_2.fastq.gz
ftp.sra.ebi.ac.uk	/vol1/fastq/SRR197/083/SRR19762783/SRR19762783_1.fastq.gz	output/SRR19762783_1.fastq.gz
ftp.sra.ebi.ac.uk	/vol1/fastq/SRR197/083/SRR19762783/SRR19762783_2.fastq.gz	output/SRR19762783_2.fastq.gz
ftp.sra.ebi.ac.uk	/vol1/fastq/SRR197/090/SRR19762790/SRR19762790_1.fastq.gz	output/SRR19762790_1.fastq.gz
ftp.sra.ebi.ac.uk	/vol1/fastq/SRR197/090/SRR19762790/SRR19762790_2.fastq.gz	output/SRR19762790_2.fastq.gz
ftp.sra.ebi.ac.uk	/vol1/fastq/SRR197/096/SRR19762796/SRR19762796_1.fastq.gz	output/SRR19762796_1.fastq.gz
ftp.sra.ebi.ac.uk	/vol1/fastq/SRR197/096/SRR19762796/SRR19762796_2.fastq.gz	output/SRR19762796_2.fastq.gz
ftp.sra.ebi.ac.uk	/vol1/fastq/SRR197/098/SRR19762798/SRR19762798_1.fastq.gz	output/SRR19762798_1.fastq.gz
ftp.sra.ebi.ac.uk	/vol1/fastq/SRR197/098/SRR19762798/SRR19762798_2.fastq.gz	output/SRR19762798_2.fastq.gz
ftp.sra.ebi.ac.uk	/vol1/fastq/SRR197/000/SRR19762800/SRR19762800_1.fastq.gz	output/SRR19762800_1.fastq.gz
ftp.sra.ebi.ac.uk	/vol1/fastq/SRR197/000/SRR19762800/SRR19762800_2.fastq.gz	output/SRR19762800_2.fastq.gz
ftp.sra.ebi.ac.uk	/vol1/fastq/SRR197/001/SRR19762801/SRR19762801_1.fastq.gz	output/SRR19762801_1.fastq.gz
ftp.sra.ebi.ac.uk	/vol1/fastq/SRR197/001/SRR19762801/SRR19762801_2.fastq.gz	output/SRR19762801_2.fastq.gz
ftp.sra.ebi.ac.uk	/vol1/fastq/SRR197/003/SRR19762803/SRR19762803_1.fastq.gz	output/SRR19762803_1.fastq.gz
ftp.sra.ebi.ac.uk	/vol1/fastq/SRR197/003/SRR19762803/SRR19762803_2.fastq.gz	output/SRR19762803_2.fastq.gz
ftp.sra.ebi.ac.uk	/vol1/fastq/SRR197/005/SRR19762805/SRR19762805_1.fastq.gz	output/SRR19762805_1.fastq.gz
ftp.sra.ebi.ac.uk	/vol1/fastq/SRR197/005/SRR19762805/SRR19762805_2.fastq.gz	output/SRR19762805_2.fastq.gz
ftp.sra.ebi.ac.uk	/vol1/fastq/SRR197/006/SRR19762806/SRR19762806_1.fastq.gz	output/SRR19762806_1.fastq.gz
ftp.sra.ebi.ac.uk	/vol1/fastq/SRR197/006/SRR19762806/SRR19762806_2.fastq.gz	output/SRR19762806_2.fastq.gz
ftp.sra.ebi.ac.uk	/vol1/fastq/SRR197/007/SRR19762807/SRR19762807_1.fastq.gz	output/SRR19762807_1.fastq.gz
ftp.sra.ebi.ac.uk	/vol1/fastq/SRR197/007/SRR19762807/SRR19762807_2.fastq.gz	output/SRR19762807_2.fastq.gz
ftp.sra.ebi.ac.uk	/vol1/fastq/SRR197/008/SRR19762808/SRR19762808_1.fastq.gz	output/SRR19762808_1.fastq.gz
ftp.sra.ebi.ac.uk	/vol1/fastq/SRR197/008/SRR19762808/SRR19762808_2.fastq.gz	output/SRR19762808_2.fastq.gz
ftp.sra.ebi.ac.uk	/vol1/fastq/SRR197/010/SRR19762810/SRR19762810_1.fastq.gz	output/SRR19762810_1.fastq.gz
ftp.sra.ebi.ac.uk	/vol1/fastq/SRR197/010/SRR19762810/SRR19762810_2.fastq.gz	output/SRR19762810_2.fastq.gz
ftp.sra.ebi.ac.uk	/vol1/fastq/SRR197/012/SRR19762812/SRR19762812_1.fastq.gz	output/SRR19762812_1.fastq.gz
ftp.sra.ebi.ac.uk	/vol1/fastq/SRR197/012/SRR19762812/SRR19762812_2.fastq.gz	output/SRR19762812_2.fastq.gz
ftp.sra.ebi.ac.uk	/vol1/fastq/SRR197/013/SRR19762813/SRR19762813_1.fastq.gz	output/SRR19762813_1.fastq.gz
ftp.sra.ebi.ac.uk	/vol1/fastq/SRR197/013/SRR19762813/SRR19762813_2.fastq.gz	output/SRR19762813_2.fastq.gz
ftp.sra.ebi.ac.uk	/vol1/fastq/SRR197/017/SRR19762817/SRR19762817_1.fastq.gz	output/SRR19762817_1.fastq.gz
ftp.sra.ebi.ac.uk	/vol1/fastq/SRR197/017/SRR19762817/SRR19762817_2.fastq.gz	output/SRR19762817_2.fastq.gz
ftp.sra.ebi.ac.uk	/vol1/fastq/SRR197/018/SRR19762818/SRR19762818_1.fastq.gz	output/SRR19762818_1.fastq.gz
ftp.sra.ebi.ac.uk	/vol1/fastq/SRR197/018/SRR19762818/SRR19762818_2.fastq.gz	output/SRR19762818_2.fastq.gz
ftp.sra.ebi.ac.uk	/vol1/fastq/SRR197/020/SRR19762820/SRR19762820_1.fastq.gz	output/SRR19762820_1.fastq.gz
ftp.sra.ebi.ac.uk	/vol1/fastq/SRR197/020/SRR19762820/SRR19762820_2.fastq.gz	output/SRR19762820_2.fastq.gz
ftp.sra.ebi.ac.uk	/vol1/fastq/SRR197/025/SRR19762825/SRR19762825_1.fastq.gz	output/SRR19762825_1.fastq.gz
ftp.sra.ebi.ac.uk	/vol1/fastq/SRR197/025/SRR19762825/SRR19762825_2.fastq.gz	output/SRR19762825_2.fastq.gz
ftp.sra.ebi.ac.uk	/vol1/fastq/SRR197/026/SRR19762826/SRR19762826_1.fastq.gz	output/SRR19762826_1.fastq.gz
ftp.sra.ebi.ac.uk	/vol1/fastq/SRR197/026/SRR19762826/SRR19762826_2.fastq.gz	output/SRR19762826_2.fastq.gz
ftp.sra.ebi.ac.uk	/vol1/fastq/SRR197/028/SRR19762828/SRR19762828_1.fastq.gz	output/SRR19762828_1.fastq.gz
ftp.sra.ebi.ac.uk	/vol1/fastq/SRR197/028/SRR19762828/SRR19762828_2.fastq.gz	output/SRR19762828_2.fastq.gz
ftp.sra.ebi.ac.uk	/vol1/fastq/SRR197/033/SRR19762833/SRR19762833_1.fastq.gz	output/SRR19762833_1.fastq.gz
ftp.sra.ebi.ac.uk	/vol1/fastq/SRR197/033/SRR19762833/SRR19762833_2.fastq.gz	output/SRR19762833_2.fastq.gz
ftp.sra.ebi.ac.uk	/vol1/fastq/SRR197/034/SRR19762834/SRR19762834_1.fastq.gz	output/SRR19762834_1.fastq.gz
ftp.sra.ebi.ac.uk	/vol1/fastq/SRR197/034/SRR19762834/SRR19762834_2.fastq.gz	output/SRR19762834_2.fastq.gz
ftp.sra.ebi.ac.uk	/vol1/fastq/SRR197/035/SRR19762835/SRR19762835_1.fastq.gz	output/SRR19762835_1.fastq.gz
ftp.sra.ebi.ac.uk	/vol1/fastq/SRR197/035/SRR19762835/SRR19762835_2.fastq.gz	output/SRR19762835_2.fastq.gz
ftp.sra.ebi.ac.uk	/vol1/fastq/SRR197/040/SRR19762840/SRR19762840_1.fastq.gz	output/SRR19762840_1.fastq.gz
ftp.sra.ebi.ac.uk	/vol1/fastq/SRR197/040/SRR19762840/SRR19762840_2.fastq.gz	output/SRR19762840_2.fastq.gz
ftp.sra.ebi.ac.uk	/vol1/fastq/SRR197/046/SRR19762846/SRR19762846_1.fastq.gz	output/SRR19762846_1.fastq.gz
ftp.sra.ebi.ac.uk	/vol1/fastq/SRR197/046/SRR19762846/SRR19762846_2.fastq.gz	output/SRR19762846_2.fastq.gz
ftp.sra.ebi.ac.uk	/vol1/fastq/SRR197/048/SRR19762848/SRR19762848_1.fastq.gz	output/SRR19762848_1.fastq.gz
ftp.sra.ebi.ac.uk	/vol1/fastq/SRR197/048/SRR19762848/SRR19762848_2.fastq.gz	output/SRR19762848_2.fastq.gz
ftp.sra.ebi.ac.uk	/vol1/fastq/SRR197/055/SRR19762855/SRR19762855_1.fastq.gz	output/SRR19762855_1.fastq.gz
ftp.sra.ebi.ac.uk	/vol1/fastq/SRR197/055/SRR19762855/SRR19762855_2.fastq.gz	output/SRR19762855_2.fastq.gz
ftp.sra.ebi.ac.uk	/vol1/fastq/SRR197/056/SRR19762856/SRR19762856_1.fastq.gz	output/SRR19762856_1.fastq.gz
ftp.sra.ebi.ac.uk	/vol1/fastq/SRR197/056/SRR19762856/SRR19762856_2.fastq.gz	output/SRR19762856_2.fastq.gz
ftp.sra.ebi.ac.uk	/vol1/fastq/SRR197/063/SRR19762863/SRR19762863_1.fastq.gz	output/SRR19762863_1.fastq.gz
ftp.sra.ebi.ac.uk	/vol1/fastq/SRR197/063/SRR19762863/SRR19762863_2.fastq.gz	output/SRR19762863_2.fastq.gz
ftp.sra.ebi.ac.uk	/vol1/fastq/SRR197/065/SRR19762865/SRR19762865_1.fastq.gz	output/SRR19762865_1.fastq.gz
ftp.sra.ebi.ac.uk	/vol1/fastq/SRR197/065/SRR19762865/SRR19762865_2.fastq.gz	output/SRR19762865_2.fastq.gz
ftp.sra.ebi.ac.uk	/vol1/fastq/SRR197/066/SRR19762866/SRR19762866_1.fastq.gz	output/SRR19762866_1.fastq.gz
ftp.sra.ebi.ac.uk	/vol1/fastq/SRR197/066/SRR19762866/SRR19762866_2.fastq.gz	output/SRR19762866_2.fastq.gz
ftp.sra.ebi.ac.uk	/vol1/fastq/SRR197/069/SRR19762869/SRR19762869_1.fastq.gz	output/SRR19762869_1.fastq.gz
ftp.sra.ebi.ac.uk	/vol1/fastq/SRR197/069/SRR19762869/SRR19762869_2.fastq.gz	output/SRR19762869_2.fastq.gz
ftp.sra.ebi.ac.uk	/vol1/fastq/SRR197/071/SRR19762871/SRR19762871_1.fastq.gz	output/SRR19762871_1.fastq.gz
ftp.sra.ebi.ac.uk	/vol1/fastq/SRR197/071/SRR19762871/SRR19762871_2.fastq.gz	output/SRR19762871_2.fastq.gz
ftp.sra.ebi.ac.uk	/vol1/fastq/SRR197/072/SRR19762872/SRR19762872_1.fastq.gz	output/SRR19762872_1.fastq.gz
ftp.sra.ebi.ac.uk	/vol1/fastq/SRR197/072/SRR19762872/SRR19762872_2.fastq.gz	output/SRR19762872_2.fastq.gz
ftp.sra.ebi.ac.uk	/vol1/fastq/SRR197/075/SRR19762875/SRR19762875_1.fastq.gz	output/SRR19762875_1.fastq.gz
ftp.sra.ebi.ac.uk	/vol1/fastq/SRR197/075/SRR19762875/SRR19762875_2.fastq.gz	output/SRR19762875_2.fastq.gz
ftp.sra.ebi.ac.uk	/vol1/fastq/SRR197/082/SRR19762882/SRR19762882_1.fastq.gz	output/SRR19762882_1.fastq.gz
ftp.sra.ebi.ac.uk	/vol1/fastq/SRR197/082/SRR19762882/SRR19762882_2.fastq.gz	output/SRR19762882_2.fastq.gz
ftp.sra.ebi.ac.uk	/vol1/fastq/SRR197/083/SRR19762883/SRR19762883_1.fastq.gz	output/SRR19762883_1.fastq.gz
ftp.sra.ebi.ac.uk	/vol1/fastq/SRR197/083/SRR19762883/SRR19762883_2.fastq.gz	output/SRR19762883_2.fastq.gz
ftp.sra.ebi.ac.uk	/vol1/fastq/SRR197/084/SRR19762884/SRR19762884_1.fastq.gz	output/SRR19762884_1.fastq.gz
ftp.sra.ebi.ac.uk	/vol1/fastq/SRR197/084/SRR19762884/SRR19762884_2.fastq.gz	output/SRR19762884_2.fastq.gz
ftp.sra.ebi.ac.uk	/vol1/fastq/SRR197/089/SRR19762889/SRR19762889_1.fastq.gz	output/SRR19762889_1.fastq.gz
ftp.sra.ebi.ac.uk	/vol1/fastq/SRR197/089/SRR19762889/SRR19762889_2.fastq.gz	output/SRR19762889_2.fastq.gz
ftp.sra.ebi.ac.uk	/vol1/fastq/SRR197/093/SRR19762893/SRR19762893_1.fastq.gz	output/SRR19762893_1.fastq.gz
ftp.sra.ebi.ac.uk	/vol1/fastq/SRR197/093/SRR19762893/SRR19762893_2.fastq.gz	output/SRR19762893_2.fastq.gz
ftp.sra.ebi.ac.uk	/vol1/fastq/SRR197/094/SRR19762894/SRR19762894_1.fastq.gz	output/SRR19762894_1.fastq.gz
ftp.sra.ebi.ac.uk	/vol1/fastq/SRR197/094/SRR19762894/SRR19762894_2.fastq.gz	output/SRR19762894_2.fastq.gz
ftp.sra.ebi.ac.uk	/vol1/fastq/SRR197/098/SRR19762898/SRR19762898_1.fastq.gz	output/SRR19762898_1.fastq.gz
ftp.sra.ebi.ac.uk	/vol1/fastq/SRR197/098/SRR19762898/SRR19762898_2.fastq.gz	output/SRR19762898_2.fastq.gz
ftp.sra.ebi.ac.uk	/vol1/fastq/SRR197/008/SRR19762908/SRR19762908_1.fastq.gz	output/SRR19762908_1.fastq.gz
ftp.sra.ebi.ac.uk	/vol1/fastq/SRR197/008/SRR19762908/SRR19762908_2.fastq.gz	output/SRR19762908_2.fastq.gz
ftp.sra.ebi.ac.uk	/vol1/fastq/SRR197/010/SRR19762910/SRR19762910_1.fastq.gz	output/SRR19762910_1.fastq.gz
ftp.sra.ebi.ac.uk	/vol1/fastq/SRR197/010/SRR19762910/SRR19762910_2.fastq.gz	output/SRR19762910_2.fastq.gz
ftp.sra.ebi.ac.uk	/vol1/fastq/SRR197/016/SRR19762916/SRR19762916_1.fastq.gz	output/SRR19762916_1.fastq.gz
ftp.sra.ebi.ac.uk	/vol1/fastq/SRR197/016/SRR19762916/SRR19762916_2.fastq.gz	output/SRR19762916_2.fastq.gz
ftp.sra.ebi.ac.uk	/vol1/fastq/SRR197/025/SRR19762925/SRR19762925_1.fastq.gz	output/SRR19762925_1.fastq.gz
ftp.sra.ebi.ac.uk	/vol1/fastq/SRR197/025/SRR19762925/SRR19762925_2.fastq.gz	output/SRR19762925_2.fastq.gz
ftp.sra.ebi.ac.uk	/vol1/fastq/SRR197/027/SRR19762927/SRR19762927_1.fastq.gz	output/SRR19762927_1.fastq.gz
ftp.sra.ebi.ac.uk	/vol1/fastq/SRR197/027/SRR19762927/SRR19762927_2.fastq.gz	output/SRR19762927_2.fastq.gz
ftp.sra.ebi.ac.uk	/vol1/fastq/SRR197/030/SRR19762930/SRR19762930_1.fastq.gz	output/SRR19762930_1.fastq.gz
ftp.sra.ebi.ac.uk	/vol1/fastq/SRR197/030/SRR19762930/SRR19762930_2.fastq.gz	output/SRR19762930_2.fastq.gz
ftp.sra.ebi.ac.uk	/vol1/fastq/SRR197/032/SRR19762932/SRR19762932_1.fastq.gz	output/SRR19762932_1.fastq.gz
ftp.sra.ebi.ac.uk	/vol1/fastq/SRR197/032/SRR19762932/SRR19762932_2.fastq.gz	output/SRR19762932_2.fastq.gz
ftp.sra.ebi.ac.uk	/vol1/fastq/SRR197/035/SRR19762935/SRR19762935_1.fastq.gz	output/SRR19762935_1.fastq.gz
ftp.sra.ebi.ac.uk	/vol1/fastq/SRR197/035/SRR19762935/SRR19762935_2.fastq.gz	output/SRR19762935_2.fastq.gz
ftp.sra.ebi.ac.uk	/vol1/fastq/SRR197/037/SRR19762937/SRR19762937_1.fastq.gz	output/SRR19762937_1.fastq.gz
ftp.sra.ebi.ac.uk	/vol1/fastq/SRR197/037/SRR19762937/SRR19762937_2.fastq.gz	output/SRR19762937_2.fastq.gz
ftp.sra.ebi.ac.uk	/vol1/fastq/SRR197/039/SRR19762939/SRR19762939_1.fastq.gz	output/SRR19762939_1.fastq.gz
ftp.sra.ebi.ac.uk	/vol1/fastq/SRR197/039/SRR19762939/SRR19762939_2.fastq.gz	output/SRR19762939_2.fastq.gz
