sample	read_1	read_2
SRR19762165	output/SRR19762165_1.fastq.gz	output/SRR19762165_2.fastq.gz
SRR19762166	output/SRR19762166_1.fastq.gz	output/SRR19762166_2.fastq.gz
SRR19762167	output/SRR19762167_1.fastq.gz	output/SRR19762167_2.fastq.gz
SRR19762168	output/SRR19762168_1.fastq.gz	output/SRR19762168_2.fastq.gz
SRR19762169	output/SRR19762169_1.fastq.gz	output/SRR19762169_2.fastq.gz
SRR19762170	output/SRR19762170_1.fastq.gz	output/SRR19762170_2.fastq.gz
SRR19762171	output/SRR19762171_1.fastq.gz	output/SRR19762171_2.fastq.gz
SRR19762172	output/SRR19762172_1.fastq.gz	output/SRR19762172_2.fastq.gz
SRR19762173	output/SRR19762173_1.fastq.gz	output/SRR19762173_2.fastq.gz
SRR19762174	output/SRR19762174_1.fastq.gz	output/SRR19762174_2.fastq.gz
SRR19762175	output/SRR19762175_1.fastq.gz	output/SRR19762175_2.fastq.gz
SRR19762176	output/SRR19762176_1.fastq.gz	output/SRR19762176_2.fastq.gz
SRR19762177	output/SRR19762177_1.fastq.gz	output/SRR19762177_2.fastq.gz
SRR19762178	output/SRR19762178_1.fastq.gz	output/SRR19762178_2.fastq.gz
SRR19762179	output/SRR19762179_1.fastq.gz	output/SRR19762179_2.fastq.gz
SRR19762180	output/SRR19762180_1.fastq.gz	output/SRR19762180_2.fastq.gz
SRR19762181	output/SRR19762181_1.fastq.gz	output/SRR19762181_2.fastq.gz
SRR19762182	output/SRR19762182_1.fastq.gz	output/SRR19762182_2.fastq.gz
SRR19762183	output/SRR19762183_1.fastq.gz	output/SRR19762183_2.fastq.gz
SRR19762184	output/SRR19762184_1.fastq.gz	output/SRR19762184_2.fastq.gz
SRR19762185	output/SRR19762185_1.fastq.gz	output/SRR19762185_2.fastq.gz
SRR19762186	output/SRR19762186_1.fastq.gz	output/SRR19762186_2.fastq.gz
SRR19762187	output/SRR19762187_1.fastq.gz	output/SRR19762187_2.fastq.gz
SRR19762188	output/SRR19762188_1.fastq.gz	output/SRR19762188_2.fastq.gz
SRR19762189	output/SRR19762189_1.fastq.gz	output/SRR19762189_2.fastq.gz
SRR19762190	output/SRR19762190_1.fastq.gz	output/SRR19762190_2.fastq.gz
SRR19762191	output/SRR19762191_1.fastq.gz	output/SRR19762191_2.fastq.gz
SRR19762192	output/SRR19762192_1.fastq.gz	output/SRR19762192_2.fastq.gz
SRR19762193	output/SRR19762193_1.fastq.gz	output/SRR19762193_2.fastq.gz
SRR19762194	output/SRR19762194_1.fastq.gz	output/SRR19762194_2.fastq.gz
SRR19762195	output/SRR19762195_1.fastq.gz	output/SRR19762195_2.fastq.gz
SRR19762196	output/SRR19762196_1.fastq.gz	output/SRR19762196_2.fastq.gz
SRR19762197	output/SRR19762197_1.fastq.gz	output/SRR19762197_2.fastq.gz
SRR19762198	output/SRR19762198_1.fastq.gz	output/SRR19762198_2.fastq.gz
SRR19762199	output/SRR19762199_1.fastq.gz	output/SRR19762199_2.fastq.gz
SRR19762200	output/SRR19762200_1.fastq.gz	output/SRR19762200_2.fastq.gz
SRR19762201	output/SRR19762201_1.fastq.gz	output/SRR19762201_2.fastq.gz
SRR19762202	output/SRR19762202_1.fastq.gz	output/SRR19762202_2.fastq.gz
SRR19762203	output/SRR19762203_1.fastq.gz	output/SRR19762203_2.fastq.gz
SRR19762204	output/SRR19762204_1.fastq.gz	output/SRR19762204_2.fastq.gz
SRR19762205	output/SRR19762205_1.fastq.gz	output/SRR19762205_2.fastq.gz
SRR19762206	output/SRR19762206_1.fastq.gz	output/SRR19762206_2.fastq.gz
SRR19762207	output/SRR19762207_1.fastq.gz	output/SRR19762207_2.fastq.gz
SRR19762208	output/SRR19762208_1.fastq.gz	output/SRR19762208_2.fastq.gz
SRR19762209	output/SRR19762209_1.fastq.gz	output/SRR19762209_2.fastq.gz
SRR19762210	output/SRR19762210_1.fastq.gz	output/SRR19762210_2.fastq.gz
SRR19762211	output/SRR19762211_1.fastq.gz	output/SRR19762211_2.fastq.gz
SRR19762212	output/SRR19762212_1.fastq.gz	output/SRR19762212_2.fastq.gz
SRR19762213	output/SRR19762213_1.fastq.gz	output/SRR19762213_2.fastq.gz
SRR19762214	output/SRR19762214_1.fastq.gz	output/SRR19762214_2.fastq.gz
SRR19762215	output/SRR19762215_1.fastq.gz	output/SRR19762215_2.fastq.gz
SRR19762216	output/SRR19762216_1.fastq.gz	output/SRR19762216_2.fastq.gz
SRR19762217	output/SRR19762217_1.fastq.gz	output/SRR19762217_2.fastq.gz
SRR19762218	output/SRR19762218_1.fastq.gz	output/SRR19762218_2.fastq.gz
SRR19762219	output/SRR19762219_1.fastq.gz	output/SRR19762219_2.fastq.gz
SRR19762220	output/SRR19762220_1.fastq.gz	output/SRR19762220_2.fastq.gz
SRR19762221	output/SRR19762221_1.fastq.gz	output/SRR19762221_2.fastq.gz
SRR19762222	output/SRR19762222_1.fastq.gz	output/SRR19762222_2.fastq.gz
SRR19762223	output/SRR19762223_1.fastq.gz	output/SRR19762223_2.fastq.gz
SRR19762224	output/SRR19762224_1.fastq.gz	output/SRR19762224_2.fastq.gz
SRR19762225	output/SRR19762225_1.fastq.gz	output/SRR19762225_2.fastq.gz
SRR19762226	output/SRR19762226_1.fastq.gz	output/SRR19762226_2.fastq.gz
SRR19762227	output/SRR19762227_1.fastq.gz	output/SRR19762227_2.fastq.gz
SRR19762228	output/SRR19762228_1.fastq.gz	output/SRR19762228_2.fastq.gz
SRR19762229	output/SRR19762229_1.fastq.gz	output/SRR19762229_2.fastq.gz
SRR19762230	output/SRR19762230_1.fastq.gz	output/SRR19762230_2.fastq.gz
SRR19762231	output/SRR19762231_1.fastq.gz	output/SRR19762231_2.fastq.gz
SRR19762232	output/SRR19762232_1.fastq.gz	output/SRR19762232_2.fastq.gz
SRR19762233	output/SRR19762233_1.fastq.gz	output/SRR19762233_2.fastq.gz
SRR19762234	output/SRR19762234_1.fastq.gz	output/SRR19762234_2.fastq.gz
SRR19762235	output/SRR19762235_1.fastq.gz	output/SRR19762235_2.fastq.gz
SRR19762236	output/SRR19762236_1.fastq.gz	output/SRR19762236_2.fastq.gz
SRR19762237	output/SRR19762237_1.fastq.gz	output/SRR19762237_2.fastq.gz
SRR19762238	output/SRR19762238_1.fastq.gz	output/SRR19762238_2.fastq.gz
SRR19762239	output/SRR19762239_1.fastq.gz	output/SRR19762239_2.fastq.gz
SRR19762240	output/SRR19762240_1.fastq.gz	output/SRR19762240_2.fastq.gz
SRR19762241	output/SRR19762241_1.fastq.gz	output/SRR19762241_2.fastq.gz
SRR19762242	output/SRR19762242_1.fastq.gz	output/SRR19762242_2.fastq.gz
SRR19762243	output/SRR19762243_1.fastq.gz	output/SRR19762243_2.fastq.gz
SRR19762244	output/SRR19762244_1.fastq.gz	output/SRR19762244_2.fastq.gz
SRR19762245	output/SRR19762245_1.fastq.gz	output/SRR19762245_2.fastq.gz
SRR19762246	output/SRR19762246_1.fastq.gz	output/SRR19762246_2.fastq.gz
SRR19762247	output/SRR19762247_1.fastq.gz	output/SRR19762247_2.fastq.gz
SRR19762248	output/SRR19762248_1.fastq.gz	output/SRR19762248_2.fastq.gz
SRR19762249	output/SRR19762249_1.fastq.gz	output/SRR19762249_2.fastq.gz
SRR19762250	output/SRR19762250_1.fastq.gz	output/SRR19762250_2.fastq.gz
SRR19762251	output/SRR19762251_1.fastq.gz	output/SRR19762251_2.fastq.gz
SRR19762252	output/SRR19762252_1.fastq.gz	output/SRR19762252_2.fastq.gz
SRR19762253	output/SRR19762253_1.fastq.gz	output/SRR19762253_2.fastq.gz
SRR19762254	output/SRR19762254_1.fastq.gz	output/SRR19762254_2.fastq.gz
SRR19762255	output/SRR19762255_1.fastq.gz	output/SRR19762255_2.fastq.gz
SRR19762256	output/SRR19762256_1.fastq.gz	output/SRR19762256_2.fastq.gz
SRR19762257	output/SRR19762257_1.fastq.gz	output/SRR19762257_2.fastq.gz
SRR19762258	output/SRR19762258_1.fastq.gz	output/SRR19762258_2.fastq.gz
SRR19762259	output/SRR19762259_1.fastq.gz	output/SRR19762259_2.fastq.gz
SRR19762260	output/SRR19762260_1.fastq.gz	output/SRR19762260_2.fastq.gz
SRR19762261	output/SRR19762261_1.fastq.gz	output/SRR19762261_2.fastq.gz
SRR19762262	output/SRR19762262_1.fastq.gz	output/SRR19762262_2.fastq.gz
SRR19762263	output/SRR19762263_1.fastq.gz	output/SRR19762263_2.fastq.gz
SRR19762264	output/SRR19762264_1.fastq.gz	output/SRR19762264_2.fastq.gz
SRR19762265	output/SRR19762265_1.fastq.gz	output/SRR19762265_2.fastq.gz
SRR19762266	output/SRR19762266_1.fastq.gz	output/SRR19762266_2.fastq.gz
SRR19762267	output/SRR19762267_1.fastq.gz	output/SRR19762267_2.fastq.gz
SRR19762268	output/SRR19762268_1.fastq.gz	output/SRR19762268_2.fastq.gz
SRR19762269	output/SRR19762269_1.fastq.gz	output/SRR19762269_2.fastq.gz
SRR19762270	output/SRR19762270_1.fastq.gz	output/SRR19762270_2.fastq.gz
SRR19762271	output/SRR19762271_1.fastq.gz	output/SRR19762271_2.fastq.gz
SRR19762272	output/SRR19762272_1.fastq.gz	output/SRR19762272_2.fastq.gz
SRR19762273	output/SRR19762273_1.fastq.gz	output/SRR19762273_2.fastq.gz
SRR19762274	output/SRR19762274_1.fastq.gz	output/SRR19762274_2.fastq.gz
SRR19762275	output/SRR19762275_1.fastq.gz	output/SRR19762275_2.fastq.gz
SRR19762276	output/SRR19762276_1.fastq.gz	output/SRR19762276_2.fastq.gz
SRR19762277	output/SRR19762277_1.fastq.gz	output/SRR19762277_2.fastq.gz
SRR19762278	output/SRR19762278_1.fastq.gz	output/SRR19762278_2.fastq.gz
SRR19762279	output/SRR19762279_1.fastq.gz	output/SRR19762279_2.fastq.gz
SRR19762280	output/SRR19762280_1.fastq.gz	output/SRR19762280_2.fastq.gz
SRR19762281	output/SRR19762281_1.fastq.gz	output/SRR19762281_2.fastq.gz
SRR19762282	output/SRR19762282_1.fastq.gz	output/SRR19762282_2.fastq.gz
SRR19762283	output/SRR19762283_1.fastq.gz	output/SRR19762283_2.fastq.gz
SRR19762284	output/SRR19762284_1.fastq.gz	output/SRR19762284_2.fastq.gz
SRR19762285	output/SRR19762285_1.fastq.gz	output/SRR19762285_2.fastq.gz
SRR19762286	output/SRR19762286_1.fastq.gz	output/SRR19762286_2.fastq.gz
SRR19762287	output/SRR19762287_1.fastq.gz	output/SRR19762287_2.fastq.gz
SRR19762288	output/SRR19762288_1.fastq.gz	output/SRR19762288_2.fastq.gz
SRR19762289	output/SRR19762289_1.fastq.gz	output/SRR19762289_2.fastq.gz
SRR19762290	output/SRR19762290_1.fastq.gz	output/SRR19762290_2.fastq.gz
SRR19762291	output/SRR19762291_1.fastq.gz	output/SRR19762291_2.fastq.gz
SRR19762292	output/SRR19762292_1.fastq.gz	output/SRR19762292_2.fastq.gz
SRR19762293	output/SRR19762293_1.fastq.gz	output/SRR19762293_2.fastq.gz
SRR19762294	output/SRR19762294_1.fastq.gz	output/SRR19762294_2.fastq.gz
SRR19762295	output/SRR19762295_1.fastq.gz	output/SRR19762295_2.fastq.gz
SRR19762296	output/SRR19762296_1.fastq.gz	output/SRR19762296_2.fastq.gz
SRR19762297	output/SRR19762297_1.fastq.gz	output/SRR19762297_2.fastq.gz
SRR19762298	output/SRR19762298_1.fastq.gz	output/SRR19762298_2.fastq.gz
SRR19762299	output/SRR19762299_1.fastq.gz	output/SRR19762299_2.fastq.gz
SRR19762300	output/SRR19762300_1.fastq.gz	output/SRR19762300_2.fastq.gz
SRR19762301	output/SRR19762301_1.fastq.gz	output/SRR19762301_2.fastq.gz
SRR19762302	output/SRR19762302_1.fastq.gz	output/SRR19762302_2.fastq.gz
SRR19762303	output/SRR19762303_1.fastq.gz	output/SRR19762303_2.fastq.gz
SRR19762304	output/SRR19762304_1.fastq.gz	output/SRR19762304_2.fastq.gz
SRR19762305	output/SRR19762305_1.fastq.gz	output/SRR19762305_2.fastq.gz
SRR19762306	output/SRR19762306_1.fastq.gz	output/SRR19762306_2.fastq.gz
SRR19762307	output/SRR19762307_1.fastq.gz	output/SRR19762307_2.fastq.gz
SRR19762308	output/SRR19762308_1.fastq.gz	output/SRR19762308_2.fastq.gz
SRR19762309	output/SRR19762309_1.fastq.gz	output/SRR19762309_2.fastq.gz
SRR19762310	output/SRR19762310_1.fastq.gz	output/SRR19762310_2.fastq.gz
SRR19762311	output/SRR19762311_1.fastq.gz	output/SRR19762311_2.fastq.gz
SRR19762312	output/SRR19762312_1.fastq.gz	output/SRR19762312_2.fastq.gz
SRR19762313	output/SRR19762313_1.fastq.gz	output/SRR19762313_2.fastq.gz
SRR19762314	output/SRR19762314_1.fastq.gz	output/SRR19762314_2.fastq.gz
SRR19762315	output/SRR19762315_1.fastq.gz	output/SRR19762315_2.fastq.gz
SRR19762316	output/SRR19762316_1.fastq.gz	output/SRR19762316_2.fastq.gz
SRR19762317	output/SRR19762317_1.fastq.gz	output/SRR19762317_2.fastq.gz
SRR19762318	output/SRR19762318_1.fastq.gz	output/SRR19762318_2.fastq.gz
SRR19762319	output/SRR19762319_1.fastq.gz	output/SRR19762319_2.fastq.gz
SRR19762320	output/SRR19762320_1.fastq.gz	output/SRR19762320_2.fastq.gz
SRR19762321	output/SRR19762321_1.fastq.gz	output/SRR19762321_2.fastq.gz
SRR19762322	output/SRR19762322_1.fastq.gz	output/SRR19762322_2.fastq.gz
SRR19762323	output/SRR19762323_1.fastq.gz	output/SRR19762323_2.fastq.gz
SRR19762324	output/SRR19762324_1.fastq.gz	output/SRR19762324_2.fastq.gz
SRR19762325	output/SRR19762325_1.fastq.gz	output/SRR19762325_2.fastq.gz
SRR19762326	output/SRR19762326_1.fastq.gz	output/SRR19762326_2.fastq.gz
SRR19762327	output/SRR19762327_1.fastq.gz	output/SRR19762327_2.fastq.gz
SRR19762328	output/SRR19762328_1.fastq.gz	output/SRR19762328_2.fastq.gz
SRR19762329	output/SRR19762329_1.fastq.gz	output/SRR19762329_2.fastq.gz
SRR19762330	output/SRR19762330_1.fastq.gz	output/SRR19762330_2.fastq.gz
SRR19762331	output/SRR19762331_1.fastq.gz	output/SRR19762331_2.fastq.gz
SRR19762332	output/SRR19762332_1.fastq.gz	output/SRR19762332_2.fastq.gz
SRR19762333	output/SRR19762333_1.fastq.gz	output/SRR19762333_2.fastq.gz
SRR19762334	output/SRR19762334_1.fastq.gz	output/SRR19762334_2.fastq.gz
SRR19762335	output/SRR19762335_1.fastq.gz	output/SRR19762335_2.fastq.gz
SRR19762336	output/SRR19762336_1.fastq.gz	output/SRR19762336_2.fastq.gz
SRR19762337	output/SRR19762337_1.fastq.gz	output/SRR19762337_2.fastq.gz
SRR19762338	output/SRR19762338_1.fastq.gz	output/SRR19762338_2.fastq.gz
SRR19762339	output/SRR19762339_1.fastq.gz	output/SRR19762339_2.fastq.gz
SRR19762340	output/SRR19762340_1.fastq.gz	output/SRR19762340_2.fastq.gz
SRR19762341	output/SRR19762341_1.fastq.gz	output/SRR19762341_2.fastq.gz
SRR19762342	output/SRR19762342_1.fastq.gz	output/SRR19762342_2.fastq.gz
SRR19762343	output/SRR19762343_1.fastq.gz	output/SRR19762343_2.fastq.gz
SRR19762344	output/SRR19762344_1.fastq.gz	output/SRR19762344_2.fastq.gz
SRR19762345	output/SRR19762345_1.fastq.gz	output/SRR19762345_2.fastq.gz
SRR19762346	output/SRR19762346_1.fastq.gz	output/SRR19762346_2.fastq.gz
SRR19762347	output/SRR19762347_1.fastq.gz	output/SRR19762347_2.fastq.gz
SRR19762348	output/SRR19762348_1.fastq.gz	output/SRR19762348_2.fastq.gz
SRR19762349	output/SRR19762349_1.fastq.gz	output/SRR19762349_2.fastq.gz
SRR19762350	output/SRR19762350_1.fastq.gz	output/SRR19762350_2.fastq.gz
SRR19762351	output/SRR19762351_1.fastq.gz	output/SRR19762351_2.fastq.gz
SRR19762352	output/SRR19762352_1.fastq.gz	output/SRR19762352_2.fastq.gz
SRR19762353	output/SRR19762353_1.fastq.gz	output/SRR19762353_2.fastq.gz
SRR19762354	output/SRR19762354_1.fastq.gz	output/SRR19762354_2.fastq.gz
SRR19762355	output/SRR19762355_1.fastq.gz	output/SRR19762355_2.fastq.gz
SRR19762356	output/SRR19762356_1.fastq.gz	output/SRR19762356_2.fastq.gz
SRR19762357	output/SRR19762357_1.fastq.gz	output/SRR19762357_2.fastq.gz
SRR19762358	output/SRR19762358_1.fastq.gz	output/SRR19762358_2.fastq.gz
SRR19762359	output/SRR19762359_1.fastq.gz	output/SRR19762359_2.fastq.gz
SRR19762360	output/SRR19762360_1.fastq.gz	output/SRR19762360_2.fastq.gz
SRR19762361	output/SRR19762361_1.fastq.gz	output/SRR19762361_2.fastq.gz
SRR19762362	output/SRR19762362_1.fastq.gz	output/SRR19762362_2.fastq.gz
SRR19762363	output/SRR19762363_1.fastq.gz	output/SRR19762363_2.fastq.gz
SRR19762364	output/SRR19762364_1.fastq.gz	output/SRR19762364_2.fastq.gz
SRR19762365	output/SRR19762365_1.fastq.gz	output/SRR19762365_2.fastq.gz
SRR19762366	output/SRR19762366_1.fastq.gz	output/SRR19762366_2.fastq.gz
SRR19762367	output/SRR19762367_1.fastq.gz	output/SRR19762367_2.fastq.gz
SRR19762368	output/SRR19762368_1.fastq.gz	output/SRR19762368_2.fastq.gz
SRR19762369	output/SRR19762369_1.fastq.gz	output/SRR19762369_2.fastq.gz
SRR19762370	output/SRR19762370_1.fastq.gz	output/SRR19762370_2.fastq.gz
SRR19762371	output/SRR19762371_1.fastq.gz	output/SRR19762371_2.fastq.gz
SRR19762372	output/SRR19762372_1.fastq.gz	output/SRR19762372_2.fastq.gz
SRR19762373	output/SRR19762373_1.fastq.gz	output/SRR19762373_2.fastq.gz
SRR19762374	output/SRR19762374_1.fastq.gz	output/SRR19762374_2.fastq.gz
SRR19762375	output/SRR19762375_1.fastq.gz	output/SRR19762375_2.fastq.gz
SRR19762376	output/SRR19762376_1.fastq.gz	output/SRR19762376_2.fastq.gz
SRR19762377	output/SRR19762377_1.fastq.gz	output/SRR19762377_2.fastq.gz
SRR19762378	output/SRR19762378_1.fastq.gz	output/SRR19762378_2.fastq.gz
SRR19762379	output/SRR19762379_1.fastq.gz	output/SRR19762379_2.fastq.gz
SRR19762380	output/SRR19762380_1.fastq.gz	output/SRR19762380_2.fastq.gz
SRR19762381	output/SRR19762381_1.fastq.gz	output/SRR19762381_2.fastq.gz
SRR19762382	output/SRR19762382_1.fastq.gz	output/SRR19762382_2.fastq.gz
SRR19762383	output/SRR19762383_1.fastq.gz	output/SRR19762383_2.fastq.gz
SRR19762384	output/SRR19762384_1.fastq.gz	output/SRR19762384_2.fastq.gz
SRR19762385	output/SRR19762385_1.fastq.gz	output/SRR19762385_2.fastq.gz
SRR19762386	output/SRR19762386_1.fastq.gz	output/SRR19762386_2.fastq.gz
SRR19762387	output/SRR19762387_1.fastq.gz	output/SRR19762387_2.fastq.gz
SRR19762388	output/SRR19762388_1.fastq.gz	output/SRR19762388_2.fastq.gz
SRR19762389	output/SRR19762389_1.fastq.gz	output/SRR19762389_2.fastq.gz
SRR19762390	output/SRR19762390_1.fastq.gz	output/SRR19762390_2.fastq.gz
SRR19762391	output/SRR19762391_1.fastq.gz	output/SRR19762391_2.fastq.gz
SRR19762392	output/SRR19762392_1.fastq.gz	output/SRR19762392_2.fastq.gz
SRR19762393	output/SRR19762393_1.fastq.gz	output/SRR19762393_2.fastq.gz
SRR19762394	output/SRR19762394_1.fastq.gz	output/SRR19762394_2.fastq.gz
SRR19762395	output/SRR19762395_1.fastq.gz	output/SRR19762395_2.fastq.gz
SRR19762396	output/SRR19762396_1.fastq.gz	output/SRR19762396_2.fastq.gz
SRR19762397	output/SRR19762397_1.fastq.gz	output/SRR19762397_2.fastq.gz
SRR19762398	output/SRR19762398_1.fastq.gz	output/SRR19762398_2.fastq.gz
SRR19762399	output/SRR19762399_1.fastq.gz	output/SRR19762399_2.fastq.gz
SRR19762400	output/SRR19762400_1.fastq.gz	output/SRR19762400_2.fastq.gz
SRR19762401	output/SRR19762401_1.fastq.gz	output/SRR19762401_2.fastq.gz
SRR19762402	output/SRR19762402_1.fastq.gz	output/SRR19762402_2.fastq.gz
SRR19762403	output/SRR19762403_1.fastq.gz	output/SRR19762403_2.fastq.gz
SRR19762404	output/SRR19762404_1.fastq.gz	output/SRR19762404_2.fastq.gz
SRR19762405	output/SRR19762405_1.fastq.gz	output/SRR19762405_2.fastq.gz
SRR19762406	output/SRR19762406_1.fastq.gz	output/SRR19762406_2.fastq.gz
SRR19762407	output/SRR19762407_1.fastq.gz	output/SRR19762407_2.fastq.gz
SRR19762408	output/SRR19762408_1.fastq.gz	output/SRR19762408_2.fastq.gz
SRR19762409	output/SRR19762409_1.fastq.gz	output/SRR19762409_2.fastq.gz
SRR19762410	output/SRR19762410_1.fastq.gz	output/SRR19762410_2.fastq.gz
SRR19762411	output/SRR19762411_1.fastq.gz	output/SRR19762411_2.fastq.gz
SRR19762412	output/SRR19762412_1.fastq.gz	output/SRR19762412_2.fastq.gz
SRR19762413	output/SRR19762413_1.fastq.gz	output/SRR19762413_2.fastq.gz
SRR19762414	output/SRR19762414_1.fastq.gz	output/SRR19762414_2.fastq.gz
SRR19762415	output/SRR19762415_1.fastq.gz	output/SRR19762415_2.fastq.gz
SRR19762416	output/SRR19762416_1.fastq.gz	output/SRR19762416_2.fastq.gz
SRR19762417	output/SRR19762417_1.fastq.gz	output/SRR19762417_2.fastq.gz
SRR19762418	output/SRR19762418_1.fastq.gz	output/SRR19762418_2.fastq.gz
SRR19762419	output/SRR19762419_1.fastq.gz	output/SRR19762419_2.fastq.gz
SRR19762420	output/SRR19762420_1.fastq.gz	output/SRR19762420_2.fastq.gz
SRR19762421	output/SRR19762421_1.fastq.gz	output/SRR19762421_2.fastq.gz
SRR19762422	output/SRR19762422_1.fastq.gz	output/SRR19762422_2.fastq.gz
SRR19762423	output/SRR19762423_1.fastq.gz	output/SRR19762423_2.fastq.gz
SRR19762424	output/SRR19762424_1.fastq.gz	output/SRR19762424_2.fastq.gz
SRR19762425	output/SRR19762425_1.fastq.gz	output/SRR19762425_2.fastq.gz
SRR19762426	output/SRR19762426_1.fastq.gz	output/SRR19762426_2.fastq.gz
SRR19762427	output/SRR19762427_1.fastq.gz	output/SRR19762427_2.fastq.gz
SRR19762428	output/SRR19762428_1.fastq.gz	output/SRR19762428_2.fastq.gz
SRR19762429	output/SRR19762429_1.fastq.gz	output/SRR19762429_2.fastq.gz
SRR19762430	output/SRR19762430_1.fastq.gz	output/SRR19762430_2.fastq.gz
SRR19762431	output/SRR19762431_1.fastq.gz	output/SRR19762431_2.fastq.gz
SRR19762432	output/SRR19762432_1.fastq.gz	output/SRR19762432_2.fastq.gz
SRR19762433	output/SRR19762433_1.fastq.gz	output/SRR19762433_2.fastq.gz
SRR19762434	output/SRR19762434_1.fastq.gz	output/SRR19762434_2.fastq.gz
SRR19762435	output/SRR19762435_1.fastq.gz	output/SRR19762435_2.fastq.gz
SRR19762436	output/SRR19762436_1.fastq.gz	output/SRR19762436_2.fastq.gz
SRR19762437	output/SRR19762437_1.fastq.gz	output/SRR19762437_2.fastq.gz
SRR19762438	output/SRR19762438_1.fastq.gz	output/SRR19762438_2.fastq.gz
SRR19762439	output/SRR19762439_1.fastq.gz	output/SRR19762439_2.fastq.gz
SRR19762440	output/SRR19762440_1.fastq.gz	output/SRR19762440_2.fastq.gz
SRR19762441	output/SRR19762441_1.fastq.gz	output/SRR19762441_2.fastq.gz
SRR19762442	output/SRR19762442_1.fastq.gz	output/SRR19762442_2.fastq.gz
SRR19762443	output/SRR19762443_1.fastq.gz	output/SRR19762443_2.fastq.gz
SRR19762444	output/SRR19762444_1.fastq.gz	output/SRR19762444_2.fastq.gz
SRR19762445	output/SRR19762445_1.fastq.gz	output/SRR19762445_2.fastq.gz
SRR19762446	output/SRR19762446_1.fastq.gz	output/SRR19762446_2.fastq.gz
SRR19762447	output/SRR19762447_1.fastq.gz	output/SRR19762447_2.fastq.gz
SRR19762448	output/SRR19762448_1.fastq.gz	output/SRR19762448_2.fastq.gz
SRR19762449	output/SRR19762449_1.fastq.gz	output/SRR19762449_2.fastq.gz
SRR19762450	output/SRR19762450_1.fastq.gz	output/SRR19762450_2.fastq.gz
SRR19762451	output/SRR19762451_1.fastq.gz	output/SRR19762451_2.fastq.gz
SRR19762452	output/SRR19762452_1.fastq.gz	output/SRR19762452_2.fastq.gz
SRR19762453	output/SRR19762453_1.fastq.gz	output/SRR19762453_2.fastq.gz
SRR19762454	output/SRR19762454_1.fastq.gz	output/SRR19762454_2.fastq.gz
SRR19762455	output/SRR19762455_1.fastq.gz	output/SRR19762455_2.fastq.gz
SRR19762456	output/SRR19762456_1.fastq.gz	output/SRR19762456_2.fastq.gz
SRR19762457	output/SRR19762457_1.fastq.gz	output/SRR19762457_2.fastq.gz
SRR19762458	output/SRR19762458_1.fastq.gz	output/SRR19762458_2.fastq.gz
SRR19762459	output/SRR19762459_1.fastq.gz	output/SRR19762459_2.fastq.gz
SRR19762460	output/SRR19762460_1.fastq.gz	output/SRR19762460_2.fastq.gz
SRR19762461	output/SRR19762461_1.fastq.gz	output/SRR19762461_2.fastq.gz
SRR19762462	output/SRR19762462_1.fastq.gz	output/SRR19762462_2.fastq.gz
SRR19762463	output/SRR19762463_1.fastq.gz	output/SRR19762463_2.fastq.gz
SRR19762464	output/SRR19762464_1.fastq.gz	output/SRR19762464_2.fastq.gz
SRR19762465	output/SRR19762465_1.fastq.gz	output/SRR19762465_2.fastq.gz
SRR19762466	output/SRR19762466_1.fastq.gz	output/SRR19762466_2.fastq.gz
SRR19762467	output/SRR19762467_1.fastq.gz	output/SRR19762467_2.fastq.gz
SRR19762468	output/SRR19762468_1.fastq.gz	output/SRR19762468_2.fastq.gz
SRR19762469	output/SRR19762469_1.fastq.gz	output/SRR19762469_2.fastq.gz
SRR19762470	output/SRR19762470_1.fastq.gz	output/SRR19762470_2.fastq.gz
SRR19762471	output/SRR19762471_1.fastq.gz	output/SRR19762471_2.fastq.gz
SRR19762472	output/SRR19762472_1.fastq.gz	output/SRR19762472_2.fastq.gz
SRR19762473	output/SRR19762473_1.fastq.gz	output/SRR19762473_2.fastq.gz
SRR19762474	output/SRR19762474_1.fastq.gz	output/SRR19762474_2.fastq.gz
SRR19762475	output/SRR19762475_1.fastq.gz	output/SRR19762475_2.fastq.gz
SRR19762476	output/SRR19762476_1.fastq.gz	output/SRR19762476_2.fastq.gz
SRR19762477	output/SRR19762477_1.fastq.gz	output/SRR19762477_2.fastq.gz
SRR19762478	output/SRR19762478_1.fastq.gz	output/SRR19762478_2.fastq.gz
SRR19762479	output/SRR19762479_1.fastq.gz	output/SRR19762479_2.fastq.gz
SRR19762480	output/SRR19762480_1.fastq.gz	output/SRR19762480_2.fastq.gz
SRR19762481	output/SRR19762481_1.fastq.gz	output/SRR19762481_2.fastq.gz
SRR19762482	output/SRR19762482_1.fastq.gz	output/SRR19762482_2.fastq.gz
SRR19762483	output/SRR19762483_1.fastq.gz	output/SRR19762483_2.fastq.gz
SRR19762484	output/SRR19762484_1.fastq.gz	output/SRR19762484_2.fastq.gz
SRR19762485	output/SRR19762485_1.fastq.gz	output/SRR19762485_2.fastq.gz
SRR19762486	output/SRR19762486_1.fastq.gz	output/SRR19762486_2.fastq.gz
SRR19762487	output/SRR19762487_1.fastq.gz	output/SRR19762487_2.fastq.gz
SRR19762488	output/SRR19762488_1.fastq.gz	output/SRR19762488_2.fastq.gz
SRR19762489	output/SRR19762489_1.fastq.gz	output/SRR19762489_2.fastq.gz
SRR19762490	output/SRR19762490_1.fastq.gz	output/SRR19762490_2.fastq.gz
SRR19762491	output/SRR19762491_1.fastq.gz	output/SRR19762491_2.fastq.gz
SRR19762492	output/SRR19762492_1.fastq.gz	output/SRR19762492_2.fastq.gz
SRR19762493	output/SRR19762493_1.fastq.gz	output/SRR19762493_2.fastq.gz
SRR19762494	output/SRR19762494_1.fastq.gz	output/SRR19762494_2.fastq.gz
SRR19762495	output/SRR19762495_1.fastq.gz	output/SRR19762495_2.fastq.gz
SRR19762496	output/SRR19762496_1.fastq.gz	output/SRR19762496_2.fastq.gz
SRR19762497	output/SRR19762497_1.fastq.gz	output/SRR19762497_2.fastq.gz
SRR19762498	output/SRR19762498_1.fastq.gz	output/SRR19762498_2.fastq.gz
SRR19762499	output/SRR19762499_1.fastq.gz	output/SRR19762499_2.fastq.gz
SRR19762500	output/SRR19762500_1.fastq.gz	output/SRR19762500_2.fastq.gz
SRR19762501	output/SRR19762501_1.fastq.gz	output/SRR19762501_2.fastq.gz
SRR19762502	output/SRR19762502_1.fastq.gz	output/SRR19762502_2.fastq.gz
SRR19762503	output/SRR19762503_1.fastq.gz	output/SRR19762503_2.fastq.gz
SRR19762504	output/SRR19762504_1.fastq.gz	output/SRR19762504_2.fastq.gz
SRR19762505	output/SRR19762505_1.fastq.gz	output/SRR19762505_2.fastq.gz
SRR19762506	output/SRR19762506_1.fastq.gz	output/SRR19762506_2.fastq.gz
SRR19762507	output/SRR19762507_1.fastq.gz	output/SRR19762507_2.fastq.gz
SRR19762508	output/SRR19762508_1.fastq.gz	output/SRR19762508_2.fastq.gz
SRR19762509	output/SRR19762509_1.fastq.gz	output/SRR19762509_2.fastq.gz
SRR19762510	output/SRR19762510_1.fastq.gz	output/SRR19762510_2.fastq.gz
SRR19762511	output/SRR19762511_1.fastq.gz	output/SRR19762511_2.fastq.gz
SRR19762512	output/SRR19762512_1.fastq.gz	output/SRR19762512_2.fastq.gz
SRR19762513	output/SRR19762513_1.fastq.gz	output/SRR19762513_2.fastq.gz
SRR19762514	output/SRR19762514_1.fastq.gz	output/SRR19762514_2.fastq.gz
SRR19762515	output/SRR19762515_1.fastq.gz	output/SRR19762515_2.fastq.gz
SRR19762516	output/SRR19762516_1.fastq.gz	output/SRR19762516_2.fastq.gz
SRR19762517	output/SRR19762517_1.fastq.gz	output/SRR19762517_2.fastq.gz
SRR19762518	output/SRR19762518_1.fastq.gz	output/SRR19762518_2.fastq.gz
SRR19762519	output/SRR19762519_1.fastq.gz	output/SRR19762519_2.fastq.gz
SRR19762520	output/SRR19762520_1.fastq.gz	output/SRR19762520_2.fastq.gz
SRR19762521	output/SRR19762521_1.fastq.gz	output/SRR19762521_2.fastq.gz
SRR19762522	output/SRR19762522_1.fastq.gz	output/SRR19762522_2.fastq.gz
SRR19762523	output/SRR19762523_1.fastq.gz	output/SRR19762523_2.fastq.gz
SRR19762524	output/SRR19762524_1.fastq.gz	output/SRR19762524_2.fastq.gz
SRR19762525	output/SRR19762525_1.fastq.gz	output/SRR19762525_2.fastq.gz
SRR19762526	output/SRR19762526_1.fastq.gz	output/SRR19762526_2.fastq.gz
SRR19762527	output/SRR19762527_1.fastq.gz	output/SRR19762527_2.fastq.gz
SRR19762528	output/SRR19762528_1.fastq.gz	output/SRR19762528_2.fastq.gz
SRR19762529	output/SRR19762529_1.fastq.gz	output/SRR19762529_2.fastq.gz
SRR19762530	output/SRR19762530_1.fastq.gz	output/SRR19762530_2.fastq.gz
SRR19762531	output/SRR19762531_1.fastq.gz	output/SRR19762531_2.fastq.gz
SRR19762532	output/SRR19762532_1.fastq.gz	output/SRR19762532_2.fastq.gz
SRR19762533	output/SRR19762533_1.fastq.gz	output/SRR19762533_2.fastq.gz
SRR19762534	output/SRR19762534_1.fastq.gz	output/SRR19762534_2.fastq.gz
SRR19762535	output/SRR19762535_1.fastq.gz	output/SRR19762535_2.fastq.gz
SRR19762536	output/SRR19762536_1.fastq.gz	output/SRR19762536_2.fastq.gz
SRR19762537	output/SRR19762537_1.fastq.gz	output/SRR19762537_2.fastq.gz
SRR19762538	output/SRR19762538_1.fastq.gz	output/SRR19762538_2.fastq.gz
SRR19762539	output/SRR19762539_1.fastq.gz	output/SRR19762539_2.fastq.gz
SRR19762540	output/SRR19762540_1.fastq.gz	output/SRR19762540_2.fastq.gz
SRR19762541	output/SRR19762541_1.fastq.gz	output/SRR19762541_2.fastq.gz
SRR19762542	output/SRR19762542_1.fastq.gz	output/SRR19762542_2.fastq.gz
SRR19762543	output/SRR19762543_1.fastq.gz	output/SRR19762543_2.fastq.gz
SRR19762544	output/SRR19762544_1.fastq.gz	output/SRR19762544_2.fastq.gz
SRR19762545	output/SRR19762545_1.fastq.gz	output/SRR19762545_2.fastq.gz
SRR19762546	output/SRR19762546_1.fastq.gz	output/SRR19762546_2.fastq.gz
SRR19762547	output/SRR19762547_1.fastq.gz	output/SRR19762547_2.fastq.gz
SRR19762548	output/SRR19762548_1.fastq.gz	output/SRR19762548_2.fastq.gz
SRR19762549	output/SRR19762549_1.fastq.gz	output/SRR19762549_2.fastq.gz
SRR19762550	output/SRR19762550_1.fastq.gz	output/SRR19762550_2.fastq.gz
SRR19762551	output/SRR19762551_1.fastq.gz	output/SRR19762551_2.fastq.gz
SRR19762552	output/SRR19762552_1.fastq.gz	output/SRR19762552_2.fastq.gz
SRR19762553	output/SRR19762553_1.fastq.gz	output/SRR19762553_2.fastq.gz
SRR19762554	output/SRR19762554_1.fastq.gz	output/SRR19762554_2.fastq.gz
SRR19762555	output/SRR19762555_1.fastq.gz	output/SRR19762555_2.fastq.gz
SRR19762556	output/SRR19762556_1.fastq.gz	output/SRR19762556_2.fastq.gz
SRR19762557	output/SRR19762557_1.fastq.gz	output/SRR19762557_2.fastq.gz
SRR19762558	output/SRR19762558_1.fastq.gz	output/SRR19762558_2.fastq.gz
SRR19762559	output/SRR19762559_1.fastq.gz	output/SRR19762559_2.fastq.gz
SRR19762560	output/SRR19762560_1.fastq.gz	output/SRR19762560_2.fastq.gz
SRR19762561	output/SRR19762561_1.fastq.gz	output/SRR19762561_2.fastq.gz
SRR19762562	output/SRR19762562_1.fastq.gz	output/SRR19762562_2.fastq.gz
SRR19762563	output/SRR19762563_1.fastq.gz	output/SRR19762563_2.fastq.gz
SRR19762564	output/SRR19762564_1.fastq.gz	output/SRR19762564_2.fastq.gz
SRR19762565	output/SRR19762565_1.fastq.gz	output/SRR19762565_2.fastq.gz
SRR19762566	output/SRR19762566_1.fastq.gz	output/SRR19762566_2.fastq.gz
SRR19762567	output/SRR19762567_1.fastq.gz	output/SRR19762567_2.fastq.gz
SRR19762568	output/SRR19762568_1.fastq.gz	output/SRR19762568_2.fastq.gz
SRR19762569	output/SRR19762569_1.fastq.gz	output/SRR19762569_2.fastq.gz
SRR19762570	output/SRR19762570_1.fastq.gz	output/SRR19762570_2.fastq.gz
SRR19762571	output/SRR19762571_1.fastq.gz	output/SRR19762571_2.fastq.gz
SRR19762572	output/SRR19762572_1.fastq.gz	output/SRR19762572_2.fastq.gz
SRR19762573	output/SRR19762573_1.fastq.gz	output/SRR19762573_2.fastq.gz
SRR19762574	output/SRR19762574_1.fastq.gz	output/SRR19762574_2.fastq.gz
SRR19762575	output/SRR19762575_1.fastq.gz	output/SRR19762575_2.fastq.gz
SRR19762576	output/SRR19762576_1.fastq.gz	output/SRR19762576_2.fastq.gz
SRR19762577	output/SRR19762577_1.fastq.gz	output/SRR19762577_2.fastq.gz
SRR19762578	output/SRR19762578_1.fastq.gz	output/SRR19762578_2.fastq.gz
SRR19762579	output/SRR19762579_1.fastq.gz	output/SRR19762579_2.fastq.gz
SRR19762580	output/SRR19762580_1.fastq.gz	output/SRR19762580_2.fastq.gz
SRR19762581	output/SRR19762581_1.fastq.gz	output/SRR19762581_2.fastq.gz
SRR19762582	output/SRR19762582_1.fastq.gz	output/SRR19762582_2.fastq.gz
SRR19762583	output/SRR19762583_1.fastq.gz	output/SRR19762583_2.fastq.gz
SRR19762584	output/SRR19762584_1.fastq.gz	output/SRR19762584_2.fastq.gz
SRR19762585	output/SRR19762585_1.fastq.gz	output/SRR19762585_2.fastq.gz
SRR19762586	output/SRR19762586_1.fastq.gz	output/SRR19762586_2.fastq.gz
SRR19762587	output/SRR19762587_1.fastq.gz	output/SRR19762587_2.fastq.gz
SRR19762588	output/SRR19762588_1.fastq.gz	output/SRR19762588_2.fastq.gz
SRR19762589	output/SRR19762589_1.fastq.gz	output/SRR19762589_2.fastq.gz
SRR19762590	output/SRR19762590_1.fastq.gz	output/SRR19762590_2.fastq.gz
SRR19762591	output/SRR19762591_1.fastq.gz	output/SRR19762591_2.fastq.gz
SRR19762592	output/SRR19762592_1.fastq.gz	output/SRR19762592_2.fastq.gz
SRR19762593	output/SRR19762593_1.fastq.gz	output/SRR19762593_2.fastq.gz
SRR19762594	output/SRR19762594_1.fastq.gz	output/SRR19762594_2.fastq.gz
SRR19762595	output/SRR19762595_1.fastq.gz	output/SRR19762595_2.fastq.gz
SRR19762596	output/SRR19762596_1.fastq.gz	output/SRR19762596_2.fastq.gz
SRR19762597	output/SRR19762597_1.fastq.gz	output/SRR19762597_2.fastq.gz
SRR19762598	output/SRR19762598_1.fastq.gz	output/SRR19762598_2.fastq.gz
SRR19762599	output/SRR19762599_1.fastq.gz	output/SRR19762599_2.fastq.gz
SRR19762600	output/SRR19762600_1.fastq.gz	output/SRR19762600_2.fastq.gz
SRR19762601	output/SRR19762601_1.fastq.gz	output/SRR19762601_2.fastq.gz
SRR19762602	output/SRR19762602_1.fastq.gz	output/SRR19762602_2.fastq.gz
SRR19762603	output/SRR19762603_1.fastq.gz	output/SRR19762603_2.fastq.gz
SRR19762604	output/SRR19762604_1.fastq.gz	output/SRR19762604_2.fastq.gz
SRR19762605	output/SRR19762605_1.fastq.gz	output/SRR19762605_2.fastq.gz
SRR19762606	output/SRR19762606_1.fastq.gz	output/SRR19762606_2.fastq.gz
SRR19762607	output/SRR19762607_1.fastq.gz	output/SRR19762607_2.fastq.gz
SRR19762608	output/SRR19762608_1.fastq.gz	output/SRR19762608_2.fastq.gz
SRR19762609	output/SRR19762609_1.fastq.gz	output/SRR19762609_2.fastq.gz
SRR19762610	output/SRR19762610_1.fastq.gz	output/SRR19762610_2.fastq.gz
SRR19762611	output/SRR19762611_1.fastq.gz	output/SRR19762611_2.fastq.gz
SRR19762612	output/SRR19762612_1.fastq.gz	output/SRR19762612_2.fastq.gz
SRR19762613	output/SRR19762613_1.fastq.gz	output/SRR19762613_2.fastq.gz
SRR19762614	output/SRR19762614_1.fastq.gz	output/SRR19762614_2.fastq.gz
SRR19762615	output/SRR19762615_1.fastq.gz	output/SRR19762615_2.fastq.gz
SRR19762616	output/SRR19762616_1.fastq.gz	output/SRR19762616_2.fastq.gz
SRR19762617	output/SRR19762617_1.fastq.gz	output/SRR19762617_2.fastq.gz
SRR19762618	output/SRR19762618_1.fastq.gz	output/SRR19762618_2.fastq.gz
SRR19762619	output/SRR19762619_1.fastq.gz	output/SRR19762619_2.fastq.gz
SRR19762620	output/SRR19762620_1.fastq.gz	output/SRR19762620_2.fastq.gz
SRR19762621	output/SRR19762621_1.fastq.gz	output/SRR19762621_2.fastq.gz
SRR19762622	output/SRR19762622_1.fastq.gz	output/SRR19762622_2.fastq.gz
SRR19762623	output/SRR19762623_1.fastq.gz	output/SRR19762623_2.fastq.gz
SRR19762624	output/SRR19762624_1.fastq.gz	output/SRR19762624_2.fastq.gz
SRR19762625	output/SRR19762625_1.fastq.gz	output/SRR19762625_2.fastq.gz
SRR19762626	output/SRR19762626_1.fastq.gz	output/SRR19762626_2.fastq.gz
SRR19762627	output/SRR19762627_1.fastq.gz	output/SRR19762627_2.fastq.gz
SRR19762628	output/SRR19762628_1.fastq.gz	output/SRR19762628_2.fastq.gz
SRR19762629	output/SRR19762629_1.fastq.gz	output/SRR19762629_2.fastq.gz
SRR19762630	output/SRR19762630_1.fastq.gz	output/SRR19762630_2.fastq.gz
SRR19762631	output/SRR19762631_1.fastq.gz	output/SRR19762631_2.fastq.gz
SRR19762632	output/SRR19762632_1.fastq.gz	output/SRR19762632_2.fastq.gz
SRR19762633	output/SRR19762633_1.fastq.gz	output/SRR19762633_2.fastq.gz
SRR19762634	output/SRR19762634_1.fastq.gz	output/SRR19762634_2.fastq.gz
SRR19762635	output/SRR19762635_1.fastq.gz	output/SRR19762635_2.fastq.gz
SRR19762636	output/SRR19762636_1.fastq.gz	output/SRR19762636_2.fastq.gz
SRR19762637	output/SRR19762637_1.fastq.gz	output/SRR19762637_2.fastq.gz
SRR19762638	output/SRR19762638_1.fastq.gz	output/SRR19762638_2.fastq.gz
SRR19762639	output/SRR19762639_1.fastq.gz	output/SRR19762639_2.fastq.gz
SRR19762640	output/SRR19762640_1.fastq.gz	output/SRR19762640_2.fastq.gz
SRR19762641	output/SRR19762641_1.fastq.gz	output/SRR19762641_2.fastq.gz
SRR19762642	output/SRR19762642_1.fastq.gz	output/SRR19762642_2.fastq.gz
SRR19762643	output/SRR19762643_1.fastq.gz	output/SRR19762643_2.fastq.gz
SRR19762644	output/SRR19762644_1.fastq.gz	output/SRR19762644_2.fastq.gz
SRR19762645	output/SRR19762645_1.fastq.gz	output/SRR19762645_2.fastq.gz
SRR19762646	output/SRR19762646_1.fastq.gz	output/SRR19762646_2.fastq.gz
SRR19762647	output/SRR19762647_1.fastq.gz	output/SRR19762647_2.fastq.gz
SRR19762648	output/SRR19762648_1.fastq.gz	output/SRR19762648_2.fastq.gz
SRR19762649	output/SRR19762649_1.fastq.gz	output/SRR19762649_2.fastq.gz
SRR19762650	output/SRR19762650_1.fastq.gz	output/SRR19762650_2.fastq.gz
SRR19762651	output/SRR19762651_1.fastq.gz	output/SRR19762651_2.fastq.gz
SRR19762652	output/SRR19762652_1.fastq.gz	output/SRR19762652_2.fastq.gz
SRR19762653	output/SRR19762653_1.fastq.gz	output/SRR19762653_2.fastq.gz
SRR19762654	output/SRR19762654_1.fastq.gz	output/SRR19762654_2.fastq.gz
SRR19762655	output/SRR19762655_1.fastq.gz	output/SRR19762655_2.fastq.gz
SRR19762656	output/SRR19762656_1.fastq.gz	output/SRR19762656_2.fastq.gz
SRR19762657	output/SRR19762657_1.fastq.gz	output/SRR19762657_2.fastq.gz
SRR19762658	output/SRR19762658_1.fastq.gz	output/SRR19762658_2.fastq.gz
SRR19762659	output/SRR19762659_1.fastq.gz	output/SRR19762659_2.fastq.gz
SRR19762660	output/SRR19762660_1.fastq.gz	output/SRR19762660_2.fastq.gz
SRR19762661	output/SRR19762661_1.fastq.gz	output/SRR19762661_2.fastq.gz
SRR19762662	output/SRR19762662_1.fastq.gz	output/SRR19762662_2.fastq.gz
SRR19762663	output/SRR19762663_1.fastq.gz	output/SRR19762663_2.fastq.gz
SRR19762664	output/SRR19762664_1.fastq.gz	output/SRR19762664_2.fastq.gz
SRR19762665	output/SRR19762665_1.fastq.gz	output/SRR19762665_2.fastq.gz
SRR19762666	output/SRR19762666_1.fastq.gz	output/SRR19762666_2.fastq.gz
SRR19762667	output/SRR19762667_1.fastq.gz	output/SRR19762667_2.fastq.gz
SRR19762668	output/SRR19762668_1.fastq.gz	output/SRR19762668_2.fastq.gz
SRR19762669	output/SRR19762669_1.fastq.gz	output/SRR19762669_2.fastq.gz
SRR19762670	output/SRR19762670_1.fastq.gz	output/SRR19762670_2.fastq.gz
SRR19762671	output/SRR19762671_1.fastq.gz	output/SRR19762671_2.fastq.gz
SRR19762672	output/SRR19762672_1.fastq.gz	output/SRR19762672_2.fastq.gz
SRR19762673	output/SRR19762673_1.fastq.gz	output/SRR19762673_2.fastq.gz
SRR19762674	output/SRR19762674_1.fastq.gz	output/SRR19762674_2.fastq.gz
SRR19762675	output/SRR19762675_1.fastq.gz	output/SRR19762675_2.fastq.gz
SRR19762676	output/SRR19762676_1.fastq.gz	output/SRR19762676_2.fastq.gz
SRR19762677	output/SRR19762677_1.fastq.gz	output/SRR19762677_2.fastq.gz
SRR19762678	output/SRR19762678_1.fastq.gz	output/SRR19762678_2.fastq.gz
SRR19762679	output/SRR19762679_1.fastq.gz	output/SRR19762679_2.fastq.gz
SRR19762680	output/SRR19762680_1.fastq.gz	output/SRR19762680_2.fastq.gz
SRR19762681	output/SRR19762681_1.fastq.gz	output/SRR19762681_2.fastq.gz
SRR19762682	output/SRR19762682_1.fastq.gz	output/SRR19762682_2.fastq.gz
SRR19762683	output/SRR19762683_1.fastq.gz	output/SRR19762683_2.fastq.gz
SRR19762684	output/SRR19762684_1.fastq.gz	output/SRR19762684_2.fastq.gz
SRR19762685	output/SRR19762685_1.fastq.gz	output/SRR19762685_2.fastq.gz
SRR19762686	output/SRR19762686_1.fastq.gz	output/SRR19762686_2.fastq.gz
SRR19762687	output/SRR19762687_1.fastq.gz	output/SRR19762687_2.fastq.gz
SRR19762688	output/SRR19762688_1.fastq.gz	output/SRR19762688_2.fastq.gz
SRR19762689	output/SRR19762689_1.fastq.gz	output/SRR19762689_2.fastq.gz
SRR19762690	output/SRR19762690_1.fastq.gz	output/SRR19762690_2.fastq.gz
SRR19762691	output/SRR19762691_1.fastq.gz	output/SRR19762691_2.fastq.gz
SRR19762692	output/SRR19762692_1.fastq.gz	output/SRR19762692_2.fastq.gz
SRR19762693	output/SRR19762693_1.fastq.gz	output/SRR19762693_2.fastq.gz
SRR19762694	output/SRR19762694_1.fastq.gz	output/SRR19762694_2.fastq.gz
SRR19762695	output/SRR19762695_1.fastq.gz	output/SRR19762695_2.fastq.gz
SRR19762696	output/SRR19762696_1.fastq.gz	output/SRR19762696_2.fastq.gz
SRR19762697	output/SRR19762697_1.fastq.gz	output/SRR19762697_2.fastq.gz
SRR19762698	output/SRR19762698_1.fastq.gz	output/SRR19762698_2.fastq.gz
SRR19762699	output/SRR19762699_1.fastq.gz	output/SRR19762699_2.fastq.gz
SRR19762700	output/SRR19762700_1.fastq.gz	output/SRR19762700_2.fastq.gz
SRR19762701	output/SRR19762701_1.fastq.gz	output/SRR19762701_2.fastq.gz
SRR19762702	output/SRR19762702_1.fastq.gz	output/SRR19762702_2.fastq.gz
SRR19762703	output/SRR19762703_1.fastq.gz	output/SRR19762703_2.fastq.gz
SRR19762704	output/SRR19762704_1.fastq.gz	output/SRR19762704_2.fastq.gz
SRR19762705	output/SRR19762705_1.fastq.gz	output/SRR19762705_2.fastq.gz
SRR19762706	output/SRR19762706_1.fastq.gz	output/SRR19762706_2.fastq.gz
SRR19762707	output/SRR19762707_1.fastq.gz	output/SRR19762707_2.fastq.gz
SRR19762708	output/SRR19762708_1.fastq.gz	output/SRR19762708_2.fastq.gz
SRR19762709	output/SRR19762709_1.fastq.gz	output/SRR19762709_2.fastq.gz
SRR19762710	output/SRR19762710_1.fastq.gz	output/SRR19762710_2.fastq.gz
SRR19762711	output/SRR19762711_1.fastq.gz	output/SRR19762711_2.fastq.gz
SRR19762712	output/SRR19762712_1.fastq.gz	output/SRR19762712_2.fastq.gz
SRR19762713	output/SRR19762713_1.fastq.gz	output/SRR19762713_2.fastq.gz
SRR19762714	output/SRR19762714_1.fastq.gz	output/SRR19762714_2.fastq.gz
SRR19762715	output/SRR19762715_1.fastq.gz	output/SRR19762715_2.fastq.gz
SRR19762716	output/SRR19762716_1.fastq.gz	output/SRR19762716_2.fastq.gz
SRR19762717	output/SRR19762717_1.fastq.gz	output/SRR19762717_2.fastq.gz
SRR19762718	output/SRR19762718_1.fastq.gz	output/SRR19762718_2.fastq.gz
SRR19762719	output/SRR19762719_1.fastq.gz	output/SRR19762719_2.fastq.gz
SRR19762720	output/SRR19762720_1.fastq.gz	output/SRR19762720_2.fastq.gz
SRR19762721	output/SRR19762721_1.fastq.gz	output/SRR19762721_2.fastq.gz
SRR19762722	output/SRR19762722_1.fastq.gz	output/SRR19762722_2.fastq.gz
SRR19762723	output/SRR19762723_1.fastq.gz	output/SRR19762723_2.fastq.gz
SRR19762724	output/SRR19762724_1.fastq.gz	output/SRR19762724_2.fastq.gz
SRR19762725	output/SRR19762725_1.fastq.gz	output/SRR19762725_2.fastq.gz
SRR19762726	output/SRR19762726_1.fastq.gz	output/SRR19762726_2.fastq.gz
SRR19762727	output/SRR19762727_1.fastq.gz	output/SRR19762727_2.fastq.gz
SRR19762728	output/SRR19762728_1.fastq.gz	output/SRR19762728_2.fastq.gz
SRR19762729	output/SRR19762729_1.fastq.gz	output/SRR19762729_2.fastq.gz
SRR19762730	output/SRR19762730_1.fastq.gz	output/SRR19762730_2.fastq.gz
SRR19762731	output/SRR19762731_1.fastq.gz	output/SRR19762731_2.fastq.gz
SRR19762732	output/SRR19762732_1.fastq.gz	output/SRR19762732_2.fastq.gz
SRR19762733	output/SRR19762733_1.fastq.gz	output/SRR19762733_2.fastq.gz
SRR19762734	output/SRR19762734_1.fastq.gz	output/SRR19762734_2.fastq.gz
SRR19762735	output/SRR19762735_1.fastq.gz	output/SRR19762735_2.fastq.gz
SRR19762736	output/SRR19762736_1.fastq.gz	output/SRR19762736_2.fastq.gz
SRR19762737	output/SRR19762737_1.fastq.gz	output/SRR19762737_2.fastq.gz
SRR19762738	output/SRR19762738_1.fastq.gz	output/SRR19762738_2.fastq.gz
SRR19762739	output/SRR19762739_1.fastq.gz	output/SRR19762739_2.fastq.gz
SRR19762740	output/SRR19762740_1.fastq.gz	output/SRR19762740_2.fastq.gz
SRR19762741	output/SRR19762741_1.fastq.gz	output/SRR19762741_2.fastq.gz
SRR19762742	output/SRR19762742_1.fastq.gz	output/SRR19762742_2.fastq.gz
SRR19762743	output/SRR19762743_1.fastq.gz	output/SRR19762743_2.fastq.gz
SRR19762744	output/SRR19762744_1.fastq.gz	output/SRR19762744_2.fastq.gz
SRR19762745	output/SRR19762745_1.fastq.gz	output/SRR19762745_2.fastq.gz
SRR19762746	output/SRR19762746_1.fastq.gz	output/SRR19762746_2.fastq.gz
SRR19762747	output/SRR19762747_1.fastq.gz	output/SRR19762747_2.fastq.gz
SRR19762748	output/SRR19762748_1.fastq.gz	output/SRR19762748_2.fastq.gz
SRR19762749	output/SRR19762749_1.fastq.gz	output/SRR19762749_2.fastq.gz
SRR19762750	output/SRR19762750_1.fastq.gz	output/SRR19762750_2.fastq.gz
SRR19762751	output/SRR19762751_1.fastq.gz	output/SRR19762751_2.fastq.gz
SRR19762752	output/SRR19762752_1.fastq.gz	output/SRR19762752_2.fastq.gz
SRR19762753	output/SRR19762753_1.fastq.gz	output/SRR19762753_2.fastq.gz
SRR19762754	output/SRR19762754_1.fastq.gz	output/SRR19762754_2.fastq.gz
SRR19762755	output/SRR19762755_1.fastq.gz	output/SRR19762755_2.fastq.gz
SRR19762756	output/SRR19762756_1.fastq.gz	output/SRR19762756_2.fastq.gz
SRR19762757	output/SRR19762757_1.fastq.gz	output/SRR19762757_2.fastq.gz
SRR19762758	output/SRR19762758_1.fastq.gz	output/SRR19762758_2.fastq.gz
SRR19762759	output/SRR19762759_1.fastq.gz	output/SRR19762759_2.fastq.gz
SRR19762760	output/SRR19762760_1.fastq.gz	output/SRR19762760_2.fastq.gz
SRR19762761	output/SRR19762761_1.fastq.gz	output/SRR19762761_2.fastq.gz
SRR19762762	output/SRR19762762_1.fastq.gz	output/SRR19762762_2.fastq.gz
SRR19762763	output/SRR19762763_1.fastq.gz	output/SRR19762763_2.fastq.gz
SRR19762764	output/SRR19762764_1.fastq.gz	output/SRR19762764_2.fastq.gz
SRR19762765	output/SRR19762765_1.fastq.gz	output/SRR19762765_2.fastq.gz
SRR19762766	output/SRR19762766_1.fastq.gz	output/SRR19762766_2.fastq.gz
SRR19762767	output/SRR19762767_1.fastq.gz	output/SRR19762767_2.fastq.gz
SRR19762768	output/SRR19762768_1.fastq.gz	output/SRR19762768_2.fastq.gz
SRR19762769	output/SRR19762769_1.fastq.gz	output/SRR19762769_2.fastq.gz
SRR19762770	output/SRR19762770_1.fastq.gz	output/SRR19762770_2.fastq.gz
SRR19762771	output/SRR19762771_1.fastq.gz	output/SRR19762771_2.fastq.gz
SRR19762772	output/SRR19762772_1.fastq.gz	output/SRR19762772_2.fastq.gz
SRR19762773	output/SRR19762773_1.fastq.gz	output/SRR19762773_2.fastq.gz
SRR19762774	output/SRR19762774_1.fastq.gz	output/SRR19762774_2.fastq.gz
SRR19762775	output/SRR19762775_1.fastq.gz	output/SRR19762775_2.fastq.gz
SRR19762776	output/SRR19762776_1.fastq.gz	output/SRR19762776_2.fastq.gz
SRR19762777	output/SRR19762777_1.fastq.gz	output/SRR19762777_2.fastq.gz
SRR19762778	output/SRR19762778_1.fastq.gz	output/SRR19762778_2.fastq.gz
SRR19762779	output/SRR19762779_1.fastq.gz	output/SRR19762779_2.fastq.gz
SRR19762780	output/SRR19762780_1.fastq.gz	output/SRR19762780_2.fastq.gz
SRR19762781	output/SRR19762781_1.fastq.gz	output/SRR19762781_2.fastq.gz
SRR19762782	output/SRR19762782_1.fastq.gz	output/SRR19762782_2.fastq.gz
SRR19762783	output/SRR19762783_1.fastq.gz	output/SRR19762783_2.fastq.gz
SRR19762784	output/SRR19762784_1.fastq.gz	output/SRR19762784_2.fastq.gz
SRR19762785	output/SRR19762785_1.fastq.gz	output/SRR19762785_2.fastq.gz
SRR19762786	output/SRR19762786_1.fastq.gz	output/SRR19762786_2.fastq.gz
SRR19762787	output/SRR19762787_1.fastq.gz	output/SRR19762787_2.fastq.gz
SRR19762788	output/SRR19762788_1.fastq.gz	output/SRR19762788_2.fastq.gz
SRR19762789	output/SRR19762789_1.fastq.gz	output/SRR19762789_2.fastq.gz
SRR19762790	output/SRR19762790_1.fastq.gz	output/SRR19762790_2.fastq.gz
SRR19762791	output/SRR19762791_1.fastq.gz	output/SRR19762791_2.fastq.gz
SRR19762792	output/SRR19762792_1.fastq.gz	output/SRR19762792_2.fastq.gz
SRR19762793	output/SRR19762793_1.fastq.gz	output/SRR19762793_2.fastq.gz
SRR19762794	output/SRR19762794_1.fastq.gz	output/SRR19762794_2.fastq.gz
SRR19762795	output/SRR19762795_1.fastq.gz	output/SRR19762795_2.fastq.gz
SRR19762796	output/SRR19762796_1.fastq.gz	output/SRR19762796_2.fastq.gz
SRR19762797	output/SRR19762797_1.fastq.gz	output/SRR19762797_2.fastq.gz
SRR19762798	output/SRR19762798_1.fastq.gz	output/SRR19762798_2.fastq.gz
SRR19762799	output/SRR19762799_1.fastq.gz	output/SRR19762799_2.fastq.gz
SRR19762800	output/SRR19762800_1.fastq.gz	output/SRR19762800_2.fastq.gz
SRR19762801	output/SRR19762801_1.fastq.gz	output/SRR19762801_2.fastq.gz
SRR19762802	output/SRR19762802_1.fastq.gz	output/SRR19762802_2.fastq.gz
SRR19762803	output/SRR19762803_1.fastq.gz	output/SRR19762803_2.fastq.gz
SRR19762804	output/SRR19762804_1.fastq.gz	output/SRR19762804_2.fastq.gz
SRR19762805	output/SRR19762805_1.fastq.gz	output/SRR19762805_2.fastq.gz
SRR19762806	output/SRR19762806_1.fastq.gz	output/SRR19762806_2.fastq.gz
SRR19762807	output/SRR19762807_1.fastq.gz	output/SRR19762807_2.fastq.gz
SRR19762808	output/SRR19762808_1.fastq.gz	output/SRR19762808_2.fastq.gz
SRR19762809	output/SRR19762809_1.fastq.gz	output/SRR19762809_2.fastq.gz
SRR19762810	output/SRR19762810_1.fastq.gz	output/SRR19762810_2.fastq.gz
SRR19762811	output/SRR19762811_1.fastq.gz	output/SRR19762811_2.fastq.gz
SRR19762812	output/SRR19762812_1.fastq.gz	output/SRR19762812_2.fastq.gz
SRR19762813	output/SRR19762813_1.fastq.gz	output/SRR19762813_2.fastq.gz
SRR19762814	output/SRR19762814_1.fastq.gz	output/SRR19762814_2.fastq.gz
SRR19762815	output/SRR19762815_1.fastq.gz	output/SRR19762815_2.fastq.gz
SRR19762816	output/SRR19762816_1.fastq.gz	output/SRR19762816_2.fastq.gz
SRR19762817	output/SRR19762817_1.fastq.gz	output/SRR19762817_2.fastq.gz
SRR19762818	output/SRR19762818_1.fastq.gz	output/SRR19762818_2.fastq.gz
SRR19762819	output/SRR19762819_1.fastq.gz	output/SRR19762819_2.fastq.gz
SRR19762820	output/SRR19762820_1.fastq.gz	output/SRR19762820_2.fastq.gz
SRR19762821	output/SRR19762821_1.fastq.gz	output/SRR19762821_2.fastq.gz
SRR19762822	output/SRR19762822_1.fastq.gz	output/SRR19762822_2.fastq.gz
SRR19762823	output/SRR19762823_1.fastq.gz	output/SRR19762823_2.fastq.gz
SRR19762824	output/SRR19762824_1.fastq.gz	output/SRR19762824_2.fastq.gz
SRR19762825	output/SRR19762825_1.fastq.gz	output/SRR19762825_2.fastq.gz
SRR19762826	output/SRR19762826_1.fastq.gz	output/SRR19762826_2.fastq.gz
SRR19762827	output/SRR19762827_1.fastq.gz	output/SRR19762827_2.fastq.gz
SRR19762828	output/SRR19762828_1.fastq.gz	output/SRR19762828_2.fastq.gz
SRR19762829	output/SRR19762829_1.fastq.gz	output/SRR19762829_2.fastq.gz
SRR19762830	output/SRR19762830_1.fastq.gz	output/SRR19762830_2.fastq.gz
SRR19762831	output/SRR19762831_1.fastq.gz	output/SRR19762831_2.fastq.gz
SRR19762832	output/SRR19762832_1.fastq.gz	output/SRR19762832_2.fastq.gz
SRR19762833	output/SRR19762833_1.fastq.gz	output/SRR19762833_2.fastq.gz
SRR19762834	output/SRR19762834_1.fastq.gz	output/SRR19762834_2.fastq.gz
SRR19762835	output/SRR19762835_1.fastq.gz	output/SRR19762835_2.fastq.gz
SRR19762836	output/SRR19762836_1.fastq.gz	output/SRR19762836_2.fastq.gz
SRR19762837	output/SRR19762837_1.fastq.gz	output/SRR19762837_2.fastq.gz
SRR19762838	output/SRR19762838_1.fastq.gz	output/SRR19762838_2.fastq.gz
SRR19762839	output/SRR19762839_1.fastq.gz	output/SRR19762839_2.fastq.gz
SRR19762840	output/SRR19762840_1.fastq.gz	output/SRR19762840_2.fastq.gz
SRR19762841	output/SRR19762841_1.fastq.gz	output/SRR19762841_2.fastq.gz
SRR19762842	output/SRR19762842_1.fastq.gz	output/SRR19762842_2.fastq.gz
SRR19762843	output/SRR19762843_1.fastq.gz	output/SRR19762843_2.fastq.gz
SRR19762844	output/SRR19762844_1.fastq.gz	output/SRR19762844_2.fastq.gz
SRR19762845	output/SRR19762845_1.fastq.gz	output/SRR19762845_2.fastq.gz
SRR19762846	output/SRR19762846_1.fastq.gz	output/SRR19762846_2.fastq.gz
SRR19762847	output/SRR19762847_1.fastq.gz	output/SRR19762847_2.fastq.gz
SRR19762848	output/SRR19762848_1.fastq.gz	output/SRR19762848_2.fastq.gz
SRR19762849	output/SRR19762849_1.fastq.gz	output/SRR19762849_2.fastq.gz
SRR19762850	output/SRR19762850_1.fastq.gz	output/SRR19762850_2.fastq.gz
SRR19762851	output/SRR19762851_1.fastq.gz	output/SRR19762851_2.fastq.gz
SRR19762852	output/SRR19762852_1.fastq.gz	output/SRR19762852_2.fastq.gz
SRR19762853	output/SRR19762853_1.fastq.gz	output/SRR19762853_2.fastq.gz
SRR19762854	output/SRR19762854_1.fastq.gz	output/SRR19762854_2.fastq.gz
SRR19762855	output/SRR19762855_1.fastq.gz	output/SRR19762855_2.fastq.gz
SRR19762856	output/SRR19762856_1.fastq.gz	output/SRR19762856_2.fastq.gz
SRR19762857	output/SRR19762857_1.fastq.gz	output/SRR19762857_2.fastq.gz
SRR19762858	output/SRR19762858_1.fastq.gz	output/SRR19762858_2.fastq.gz
SRR19762859	output/SRR19762859_1.fastq.gz	output/SRR19762859_2.fastq.gz
SRR19762860	output/SRR19762860_1.fastq.gz	output/SRR19762860_2.fastq.gz
SRR19762861	output/SRR19762861_1.fastq.gz	output/SRR19762861_2.fastq.gz
SRR19762862	output/SRR19762862_1.fastq.gz	output/SRR19762862_2.fastq.gz
SRR19762863	output/SRR19762863_1.fastq.gz	output/SRR19762863_2.fastq.gz
SRR19762864	output/SRR19762864_1.fastq.gz	output/SRR19762864_2.fastq.gz
SRR19762865	output/SRR19762865_1.fastq.gz	output/SRR19762865_2.fastq.gz
SRR19762866	output/SRR19762866_1.fastq.gz	output/SRR19762866_2.fastq.gz
SRR19762867	output/SRR19762867_1.fastq.gz	output/SRR19762867_2.fastq.gz
SRR19762868	output/SRR19762868_1.fastq.gz	output/SRR19762868_2.fastq.gz
SRR19762869	output/SRR19762869_1.fastq.gz	output/SRR19762869_2.fastq.gz
SRR19762870	output/SRR19762870_1.fastq.gz	output/SRR19762870_2.fastq.gz
SRR19762871	output/SRR19762871_1.fastq.gz	output/SRR19762871_2.fastq.gz
SRR19762872	output/SRR19762872_1.fastq.gz	output/SRR19762872_2.fastq.gz
SRR19762873	output/SRR19762873_1.fastq.gz	output/SRR19762873_2.fastq.gz
SRR19762874	output/SRR19762874_1.fastq.gz	output/SRR19762874_2.fastq.gz
SRR19762875	output/SRR19762875_1.fastq.gz	output/SRR19762875_2.fastq.gz
SRR19762876	output/SRR19762876_1.fastq.gz	output/SRR19762876_2.fastq.gz
SRR19762877	output/SRR19762877_1.fastq.gz	output/SRR19762877_2.fastq.gz
SRR19762878	output/SRR19762878_1.fastq.gz	output/SRR19762878_2.fastq.gz
SRR19762879	output/SRR19762879_1.fastq.gz	output/SRR19762879_2.fastq.gz
SRR19762880	output/SRR19762880_1.fastq.gz	output/SRR19762880_2.fastq.gz
SRR19762881	output/SRR19762881_1.fastq.gz	output/SRR19762881_2.fastq.gz
SRR19762882	output/SRR19762882_1.fastq.gz	output/SRR19762882_2.fastq.gz
SRR19762883	output/SRR19762883_1.fastq.gz	output/SRR19762883_2.fastq.gz
SRR19762884	output/SRR19762884_1.fastq.gz	output/SRR19762884_2.fastq.gz
SRR19762885	output/SRR19762885_1.fastq.gz	output/SRR19762885_2.fastq.gz
SRR19762886	output/SRR19762886_1.fastq.gz	output/SRR19762886_2.fastq.gz
SRR19762887	output/SRR19762887_1.fastq.gz	output/SRR19762887_2.fastq.gz
SRR19762888	output/SRR19762888_1.fastq.gz	output/SRR19762888_2.fastq.gz
SRR19762889	output/SRR19762889_1.fastq.gz	output/SRR19762889_2.fastq.gz
SRR19762890	output/SRR19762890_1.fastq.gz	output/SRR19762890_2.fastq.gz
SRR19762891	output/SRR19762891_1.fastq.gz	output/SRR19762891_2.fastq.gz
SRR19762892	output/SRR19762892_1.fastq.gz	output/SRR19762892_2.fastq.gz
SRR19762893	output/SRR19762893_1.fastq.gz	output/SRR19762893_2.fastq.gz
SRR19762894	output/SRR19762894_1.fastq.gz	output/SRR19762894_2.fastq.gz
SRR19762895	output/SRR19762895_1.fastq.gz	output/SRR19762895_2.fastq.gz
SRR19762896	output/SRR19762896_1.fastq.gz	output/SRR19762896_2.fastq.gz
SRR19762897	output/SRR19762897_1.fastq.gz	output/SRR19762897_2.fastq.gz
SRR19762898	output/SRR19762898_1.fastq.gz	output/SRR19762898_2.fastq.gz
SRR19762899	output/SRR19762899_1.fastq.gz	output/SRR19762899_2.fastq.gz
SRR19762900	output/SRR19762900_1.fastq.gz	output/SRR19762900_2.fastq.gz
SRR19762901	output/SRR19762901_1.fastq.gz	output/SRR19762901_2.fastq.gz
SRR19762902	output/SRR19762902_1.fastq.gz	output/SRR19762902_2.fastq.gz
SRR19762903	output/SRR19762903_1.fastq.gz	output/SRR19762903_2.fastq.gz
SRR19762904	output/SRR19762904_1.fastq.gz	output/SRR19762904_2.fastq.gz
SRR19762905	output/SRR19762905_1.fastq.gz	output/SRR19762905_2.fastq.gz
SRR19762906	output/SRR19762906_1.fastq.gz	output/SRR19762906_2.fastq.gz
SRR19762907	output/SRR19762907_1.fastq.gz	output/SRR19762907_2.fastq.gz
SRR19762908	output/SRR19762908_1.fastq.gz	output/SRR19762908_2.fastq.gz
SRR19762909	output/SRR19762909_1.fastq.gz	output/SRR19762909_2.fastq.gz
SRR19762910	output/SRR19762910_1.fastq.gz	output/SRR19762910_2.fastq.gz
SRR19762911	output/SRR19762911_1.fastq.gz	output/SRR19762911_2.fastq.gz
SRR19762912	output/SRR19762912_1.fastq.gz	output/SRR19762912_2.fastq.gz
SRR19762913	output/SRR19762913_1.fastq.gz	output/SRR19762913_2.fastq.gz
SRR19762914	output/SRR19762914_1.fastq.gz	output/SRR19762914_2.fastq.gz
SRR19762915	output/SRR19762915_1.fastq.gz	output/SRR19762915_2.fastq.gz
SRR19762916	output/SRR19762916_1.fastq.gz	output/SRR19762916_2.fastq.gz
SRR19762917	output/SRR19762917_1.fastq.gz	output/SRR19762917_2.fastq.gz
SRR19762918	output/SRR19762918_1.fastq.gz	output/SRR19762918_2.fastq.gz
SRR19762919	output/SRR19762919_1.fastq.gz	output/SRR19762919_2.fastq.gz
SRR19762920	output/SRR19762920_1.fastq.gz	output/SRR19762920_2.fastq.gz
SRR19762921	output/SRR19762921_1.fastq.gz	output/SRR19762921_2.fastq.gz
SRR19762922	output/SRR19762922_1.fastq.gz	output/SRR19762922_2.fastq.gz
SRR19762923	output/SRR19762923_1.fastq.gz	output/SRR19762923_2.fastq.gz
SRR19762924	output/SRR19762924_1.fastq.gz	output/SRR19762924_2.fastq.gz
SRR19762925	output/SRR19762925_1.fastq.gz	output/SRR19762925_2.fastq.gz
SRR19762926	output/SRR19762926_1.fastq.gz	output/SRR19762926_2.fastq.gz
SRR19762927	output/SRR19762927_1.fastq.gz	output/SRR19762927_2.fastq.gz
SRR19762928	output/SRR19762928_1.fastq.gz	output/SRR19762928_2.fastq.gz
SRR19762929	output/SRR19762929_1.fastq.gz	output/SRR19762929_2.fastq.gz
SRR19762930	output/SRR19762930_1.fastq.gz	output/SRR19762930_2.fastq.gz
SRR19762931	output/SRR19762931_1.fastq.gz	output/SRR19762931_2.fastq.gz
SRR19762932	output/SRR19762932_1.fastq.gz	output/SRR19762932_2.fastq.gz
SRR19762933	output/SRR19762933_1.fastq.gz	output/SRR19762933_2.fastq.gz
SRR19762934	output/SRR19762934_1.fastq.gz	output/SRR19762934_2.fastq.gz
SRR19762935	output/SRR19762935_1.fastq.gz	output/SRR19762935_2.fastq.gz
SRR19762936	output/SRR19762936_1.fastq.gz	output/SRR19762936_2.fastq.gz
SRR19762937	output/SRR19762937_1.fastq.gz	output/SRR19762937_2.fastq.gz
SRR19762938	output/SRR19762938_1.fastq.gz	output/SRR19762938_2.fastq.gz
SRR19762939	output/SRR19762939_1.fastq.gz	output/SRR19762939_2.fastq.gz
SRR19762940	output/SRR19762940_1.fastq.gz	output/SRR19762940_2.fastq.gz
SRR19762941	output/SRR19762941_1.fastq.gz	output/SRR19762941_2.fastq.gz
SRR19762942	output/SRR19762942_1.fastq.gz	output/SRR19762942_2.fastq.gz
SRR19762943	output/SRR19762943_1.fastq.gz	output/SRR19762943_2.fastq.gz
