fusion	count	sample_fraction	gene_left	gene_right
PARGP1--TIMM23	307	0.8696883852691218	PARGP1	TIMM23
HLA-A--HLA-S	171	0.48441926345609065	HLA-A	HLA-S
RP11-96H19.1--RP11-446N19.1	148	0.4192634560906516	RP11-96H19.1	RP11-446N19.1
SAA4--SAA1	74	0.2096317280453258	SAA4	SAA1
LEPR--LEPROT	73	0.20679886685552407	LEPR	LEPROT
KANSL1--ARL17A	66	0.18696883852691218	KANSL1	ARL17A
FAM65B--RP11-367G6.3	57	0.16147308781869688	FAM65B	RP11-367G6.3
RP11-33B1.1--PSPH	56	0.15864022662889518	RP11-33B1.1	PSPH
EEF1DP3--FRY	53	0.1501416430594901	EEF1DP3	FRY
PALM2--AKAP2	53	0.1501416430594901	PALM2	AKAP2
RP11-732M18.3--TULP4	49	0.1388101983002833	RP11-732M18.3	TULP4
RAB38--CTSC	44	0.12464589235127478	RAB38	CTSC
SOX5--RP11-444D3.1	40	0.11331444759206799	SOX5	RP11-444D3.1
C1ORF220--RP5-1098D14.1	34	0.09631728045325778	C1ORF220	RP5-1098D14.1
AC005062.2--MACC1	25	0.0708215297450425	AC005062.2	MACC1
AF127936.7--NRIP1	24	0.0679886685552408	AF127936.7	NRIP1
CCDC7--C10orf68	24	0.0679886685552408	CCDC7	C10orf68
PFKFB3--RP11-563J2.2	19	0.053824362606232294	PFKFB3	RP11-563J2.2
HIVEP2--RP11-439L18.2	18	0.05099150141643059	HIVEP2	RP11-439L18.2
PSPH--NUPR1L	18	0.05099150141643059	PSPH	NUPR1L
SEPT7P2--PSPH	16	0.0453257790368272	SEPT7P2	PSPH
RP4-769N13.6--GPRASP2	15	0.042492917847025496	RP4-769N13.6	GPRASP2
CTC-786C10.1--RP11-680G10.1	14	0.039660056657223795	CTC-786C10.1	RP11-680G10.1
NSF--LRRC37A3	14	0.039660056657223795	NSF	LRRC37A3
RIMBP2--RP11-662M24.2	14	0.039660056657223795	RIMBP2	RP11-662M24.2
AKR1E2--AKR1C1	14	0.039660056657223795	AKR1E2	AKR1C1
KANSL1--ARL17B	13	0.036827195467422094	KANSL1	ARL17B
AC096579.7--IGKV2-29	12	0.0339943342776204	AC096579.7	IGKV2-29
MAMDC2-AS1--SMC5-AS1	12	0.0339943342776204	MAMDC2-AS1	SMC5-AS1
MLIP--RP11-411K7.1	11	0.031161473087818695	MLIP	RP11-411K7.1
SEPT14--FBXO25	10	0.028328611898016998	SEPT14	FBXO25
MIA2--CTAGE5	10	0.028328611898016998	MIA2	CTAGE5
CXCR4--PTMA	9	0.025495750708215296	CXCR4	PTMA
PDZK1IP1--SLC8A1-AS1	9	0.025495750708215296	PDZK1IP1	SLC8A1-AS1
OR51S1--TP53I11	9	0.025495750708215296	OR51S1	TP53I11
ALB--FGB	9	0.025495750708215296	ALB	FGB
CTD-2337A12.1--CAST	9	0.025495750708215296	CTD-2337A12.1	CAST
RP11-321F6.1--SMAD6	9	0.025495750708215296	RP11-321F6.1	SMAD6
SRGAP3--RP11-380O24.1	9	0.025495750708215296	SRGAP3	RP11-380O24.1
RPL7AP28--RP11-745L13.2	9	0.025495750708215296	RPL7AP28	RP11-745L13.2
RPA3-AS1--GLCCI1	8	0.0226628895184136	RPA3-AS1	GLCCI1
RP11-96P7.1--CTD-2336H13.2	7	0.019830028328611898	RP11-96P7.1	CTD-2336H13.2
RP11-426C22.5--SNX29P2	7	0.019830028328611898	RP11-426C22.5	SNX29P2
CELF1--DAPL1	7	0.019830028328611898	CELF1	DAPL1
RP11-1E3.1--RP11-455B3.1	6	0.0169971671388102	RP11-1E3.1	RP11-455B3.1
SAMD5--SASH1	6	0.0169971671388102	SAMD5	SASH1
IGSF5--PCP4	6	0.0169971671388102	IGSF5	PCP4
GPR128--TFG	6	0.0169971671388102	GPR128	TFG
CLEC10A--ASGR2	6	0.0169971671388102	CLEC10A	ASGR2
C15orf57--CBX3	5	0.014164305949008499	C15orf57	CBX3
COL1A1--COL3A1	5	0.014164305949008499	COL1A1	COL3A1
C1QTNF3--RP11-1023L17.1	5	0.014164305949008499	C1QTNF3	RP11-1023L17.1
RP11-155G15.2--RP11-1E3.1	5	0.014164305949008499	RP11-155G15.2	RP11-1E3.1
PRICKLE2--RP11-14D22.2	5	0.014164305949008499	PRICKLE2	RP11-14D22.2
LRRC8B--LRRC8C	4	0.0113314447592068	LRRC8B	LRRC8C
TRAV8-6--TRAC	4	0.0113314447592068	TRAV8-6	TRAC
SERPINA1--SERPINA3	4	0.0113314447592068	SERPINA1	SERPINA3
CIITA--RP11-876N24.4	4	0.0113314447592068	CIITA	RP11-876N24.4
CHN1--ATF2	4	0.0113314447592068	CHN1	ATF2
COL3A1--COL1A2	4	0.0113314447592068	COL3A1	COL1A2
RP11-993B23.3--CCDC91	4	0.0113314447592068	RP11-993B23.3	CCDC91
TDP1--CCDC85C	3	0.0084985835694051	TDP1	CCDC85C
TPM4--KLF2	3	0.0084985835694051	TPM4	KLF2
DDX6--LNX2	3	0.0084985835694051	DDX6	LNX2
FAR2--FGD4	3	0.0084985835694051	FAR2	FGD4
MBP--RP11-1136J12.1	3	0.0084985835694051	MBP	RP11-1136J12.1
DNAJC25--UGCG	3	0.0084985835694051	DNAJC25	UGCG
IQCJ-SCHIP1--FNDC3B	3	0.0084985835694051	IQCJ-SCHIP1	FNDC3B
RP11-680G10.1--GSE1	3	0.0084985835694051	RP11-680G10.1	GSE1
SERPINB9--RIPK1	3	0.0084985835694051	SERPINB9	RIPK1
CYP4B1--CYP4X1	3	0.0084985835694051	CYP4B1	CYP4X1
SERPINA1--HP	3	0.0084985835694051	SERPINA1	HP
MAP2K4--UBQLN2	3	0.0084985835694051	MAP2K4	UBQLN2
AP1B1--DUSP18	3	0.0084985835694051	AP1B1	DUSP18
ACAD10--MAPKAPK5	3	0.0084985835694051	ACAD10	MAPKAPK5
NLN--ERBB2IP	3	0.0084985835694051	NLN	ERBB2IP
APOA2--A1BG-AS1	3	0.0084985835694051	APOA2	A1BG-AS1
SLC5A3--AP000318.2	3	0.0084985835694051	SLC5A3	AP000318.2
TRBV6-5--TRBC2	2	0.0056657223796034	TRBV6-5	TRBC2
TIMM23--RP11-574K11.29	2	0.0056657223796034	TIMM23	RP11-574K11.29
PRCP--UBE2R2	2	0.0056657223796034	PRCP	UBE2R2
SLC16A4--RN7SL2	2	0.0056657223796034	SLC16A4	RN7SL2
TRAP1--CREBBP	2	0.0056657223796034	TRAP1	CREBBP
GTF2H5--TULP4	2	0.0056657223796034	GTF2H5	TULP4
KRBOX1--FAM198A	2	0.0056657223796034	KRBOX1	FAM198A
RN7SL2--USP22	2	0.0056657223796034	RN7SL2	USP22
CXCR4--GNAS	2	0.0056657223796034	CXCR4	GNAS
KHDRBS1--RCL1	2	0.0056657223796034	KHDRBS1	RCL1
TBC1D7--CTD-2544L4.1	2	0.0056657223796034	TBC1D7	CTD-2544L4.1
DDX50--DDX21	2	0.0056657223796034	DDX50	DDX21
GRHL3--DTD1	2	0.0056657223796034	GRHL3	DTD1
PRKCH--RP11-47I22.3	2	0.0056657223796034	PRKCH	RP11-47I22.3
CTNNAL1--EPB41L4B	2	0.0056657223796034	CTNNAL1	EPB41L4B
C8orf56--RP11-318M2.2	2	0.0056657223796034	C8orf56	RP11-318M2.2
RNF126--OAZ1	2	0.0056657223796034	RNF126	OAZ1
PARGP1--TIMM23B	2	0.0056657223796034	PARGP1	TIMM23B
ANKRD6--RNF217	2	0.0056657223796034	ANKRD6	RNF217
RP11-206L10.8--SEPT14	2	0.0056657223796034	RP11-206L10.8	SEPT14
OSBPL10--DCBLD2	2	0.0056657223796034	OSBPL10	DCBLD2
RSPO1--SERPINA1	2	0.0056657223796034	RSPO1	SERPINA1
OCLN--NAIP	2	0.0056657223796034	OCLN	NAIP
ALB--AFM	2	0.0056657223796034	ALB	AFM
AL109761.5--CHODL	2	0.0056657223796034	AL109761.5	CHODL
MAML2--CNTN5	2	0.0056657223796034	MAML2	CNTN5
RP13-188A5.1--KLF8	2	0.0056657223796034	RP13-188A5.1	KLF8
ACSBG2--LENG1	2	0.0056657223796034	ACSBG2	LENG1
NME7--KIFAP3	2	0.0056657223796034	NME7	KIFAP3
ZFPL1--PAFAH1B2	2	0.0056657223796034	ZFPL1	PAFAH1B2
RP11-504P24.5--SEPT14	2	0.0056657223796034	RP11-504P24.5	SEPT14
AC083899.3--MIR4435-1HG	2	0.0056657223796034	AC083899.3	MIR4435-1HG
HPSE--HELQ	2	0.0056657223796034	HPSE	HELQ
FAF1--NRD1	2	0.0056657223796034	FAF1	NRD1
ZNF572--NSMCE2	2	0.0056657223796034	ZNF572	NSMCE2
RSPO1--CFB	2	0.0056657223796034	RSPO1	CFB
BACH1--GRIK1-AS1	2	0.0056657223796034	BACH1	GRIK1-AS1
GGA3--GRB2	2	0.0056657223796034	GGA3	GRB2
LINC00623--RP11-403I13.8	2	0.0056657223796034	LINC00623	RP11-403I13.8
TXNDC5--BLOC1S5	2	0.0056657223796034	TXNDC5	BLOC1S5
LINC01006--LMBR1	2	0.0056657223796034	LINC01006	LMBR1
LIPA--SLC16A12	2	0.0056657223796034	LIPA	SLC16A12
UBE2D1--BICC1	2	0.0056657223796034	UBE2D1	BICC1
SPARCL1--RP11-742B18.1	2	0.0056657223796034	SPARCL1	RP11-742B18.1
RP11-1023L17.1--GTF2H2	2	0.0056657223796034	RP11-1023L17.1	GTF2H2
STX16--NPEPL1	2	0.0056657223796034	STX16	NPEPL1
LYZ--RN7SL2	2	0.0056657223796034	LYZ	RN7SL2
PCK1--GPX3	2	0.0056657223796034	PCK1	GPX3
TRIP12--SLC16A14	2	0.0056657223796034	TRIP12	SLC16A14
HP--FGA	2	0.0056657223796034	HP	FGA
CSNK1G2--OAZ1	2	0.0056657223796034	CSNK1G2	OAZ1
QTRT1--DNM2	2	0.0056657223796034	QTRT1	DNM2
RASSF3--GLTP	1	0.0028328611898017	RASSF3	GLTP
RCSD1--CTD-2231E14.8	1	0.0028328611898017	RCSD1	CTD-2231E14.8
RBBP8--DST	1	0.0028328611898017	RBBP8	DST
RCCD1--COL19A1	1	0.0028328611898017	RCCD1	COL19A1
RBP7--PEX14	1	0.0028328611898017	RBP7	PEX14
RBFOX2--TMEM184B	1	0.0028328611898017	RBFOX2	TMEM184B
RBM6--BCL6	1	0.0028328611898017	RBM6	BCL6
RCSD1--MPZL1	1	0.0028328611898017	RCSD1	MPZL1
RECQL5--TRIM65	1	0.0028328611898017	RECQL5	TRIM65
RET--CCDC6	1	0.0028328611898017	RET	CCDC6
RP11-542K23.9--RP11-64P14.7	1	0.0028328611898017	RP11-542K23.9	RP11-64P14.7
RP11-505P4.6--EEF1A1P5	1	0.0028328611898017	RP11-505P4.6	EEF1A1P5
RP11-505E24.2--CHSY1	1	0.0028328611898017	RP11-505E24.2	CHSY1
RP11-345J4.8--BOLA2B	1	0.0028328611898017	RP11-345J4.8	BOLA2B
RP11-317M11.1--RP11-89B16.1	1	0.0028328611898017	RP11-317M11.1	RP11-89B16.1
RP11-298J20.4--MGMT	1	0.0028328611898017	RP11-298J20.4	MGMT
RP11-21B21.4--CBFA2T3	1	0.0028328611898017	RP11-21B21.4	CBFA2T3
RP11-219B17.2--RNF216	1	0.0028328611898017	RP11-219B17.2	RNF216
RP11-1L12.3--NPEPPS	1	0.0028328611898017	RP11-1L12.3	NPEPPS
RP11-184I16.4--EEF2K	1	0.0028328611898017	RP11-184I16.4	EEF2K
RP11-143M1.2--OSTF1	1	0.0028328611898017	RP11-143M1.2	OSTF1
RP11-125B21.2--GDA	1	0.0028328611898017	RP11-125B21.2	GDA
RP11-120D5.1--ARHGAP6	1	0.0028328611898017	RP11-120D5.1	ARHGAP6
RP11-115D19.1--CCSER1	1	0.0028328611898017	RP11-115D19.1	CCSER1
RP11-1137G4.3--ZNF562	1	0.0028328611898017	RP11-1137G4.3	ZNF562
RASGEF1B--LRBA	1	0.0028328611898017	RASGEF1B	LRBA
RFTN1--ITGA9	1	0.0028328611898017	RFTN1	ITGA9
RGS6--DCAF4	1	0.0028328611898017	RGS6	DCAF4
RGSL1--VGLL4	1	0.0028328611898017	RGSL1	VGLL4
RHOF--CLIP1	1	0.0028328611898017	RHOF	CLIP1
RHOH--CHRNA9	1	0.0028328611898017	RHOH	CHRNA9
RHPN2--GPATCH1	1	0.0028328611898017	RHPN2	GPATCH1
RHPN2--PEPD	1	0.0028328611898017	RHPN2	PEPD
RP11-110A12.2--DGKA	1	0.0028328611898017	RP11-110A12.2	DGKA
RIPK2--DECR1	1	0.0028328611898017	RIPK2	DECR1
RIT1--LMNA	1	0.0028328611898017	RIT1	LMNA
RNF167--KIF1C	1	0.0028328611898017	RNF167	KIF1C
RNF185--DRG1	1	0.0028328611898017	RNF185	DRG1
RNF34--KNTC1	1	0.0028328611898017	RNF34	KNTC1
RNF4--SPINK2	1	0.0028328611898017	RNF4	SPINK2
RNLS--PTPRT	1	0.0028328611898017	RNLS	PTPRT
RP1-102K2.6--SEC14L2	1	0.0028328611898017	RP1-102K2.6	SEC14L2
RIMKLB--CEP112	1	0.0028328611898017	RIMKLB	CEP112
OPRM1--SCAF8	1	0.0028328611898017	OPRM1	SCAF8
OSBPL10--SYNPR	1	0.0028328611898017	OSBPL10	SYNPR
PACRG--QKI	1	0.0028328611898017	PACRG	QKI
PAK7--RBPMS	1	0.0028328611898017	PAK7	RBPMS
PAN3--UFD1L	1	0.0028328611898017	PAN3	UFD1L
PANX1--GPR83	1	0.0028328611898017	PANX1	GPR83
PARN--RP11-719K4.6	1	0.0028328611898017	PARN	RP11-719K4.6
PARN--XPO6	1	0.0028328611898017	PARN	XPO6
PBRM1--GABRB1	1	0.0028328611898017	PBRM1	GABRB1
PBX4--LPAR2	1	0.0028328611898017	PBX4	LPAR2
PCDH7--USP46	1	0.0028328611898017	PCDH7	USP46
PRSS46--PRSS42	1	0.0028328611898017	PRSS46	PRSS42
PCNX--SIPA1L1	1	0.0028328611898017	PCNX	SIPA1L1
PDGFD--RFX3	1	0.0028328611898017	PDGFD	RFX3
PDLIM1--SORBS1	1	0.0028328611898017	PDLIM1	SORBS1
PELI2--TMEM260	1	0.0028328611898017	PELI2	TMEM260
PELP1--TNK1	1	0.0028328611898017	PELP1	TNK1
PEPD--CHST8	1	0.0028328611898017	PEPD	CHST8
PEX10--RERE	1	0.0028328611898017	PEX10	RERE
PGAP2--STIM1	1	0.0028328611898017	PGAP2	STIM1
PHLDB3--ETHE1	1	0.0028328611898017	PHLDB3	ETHE1
PIM3--SCO2	1	0.0028328611898017	PIM3	SCO2
PITPNA--RP1-59D14.5	1	0.0028328611898017	PITPNA	RP1-59D14.5
PCGF3--TACC3	1	0.0028328611898017	PCGF3	TACC3
NCOA2--WWP1	1	0.0028328611898017	NCOA2	WWP1
NCOA3--MICALL1	1	0.0028328611898017	NCOA3	MICALL1
NDUFC2--KHDC1	1	0.0028328611898017	NDUFC2	KHDC1
NECAB3--ATP9A	1	0.0028328611898017	NECAB3	ATP9A
NEDD4L--ZNF532	1	0.0028328611898017	NEDD4L	ZNF532
NEDD9--HCG27	1	0.0028328611898017	NEDD9	HCG27
NF1--LRRC37B	1	0.0028328611898017	NF1	LRRC37B
NFIC--SFRP1	1	0.0028328611898017	NFIC	SFRP1
NFKB1--KLHDC10	1	0.0028328611898017	NFKB1	KLHDC10
NFYC--CTPS1	1	0.0028328611898017	NFYC	CTPS1
NNMT--RBM7	1	0.0028328611898017	NNMT	RBM7
OPA1-AS1--DLG1	1	0.0028328611898017	OPA1-AS1	DLG1
NPFFR2--EXOC4	1	0.0028328611898017	NPFFR2	EXOC4
NR1D2--FAM105A	1	0.0028328611898017	NR1D2	FAM105A
NR5A2--RAB4A	1	0.0028328611898017	NR5A2	RAB4A
NT5M--ULK2	1	0.0028328611898017	NT5M	ULK2
NUDT3--SPDEF	1	0.0028328611898017	NUDT3	SPDEF
NUGGC--PURG	1	0.0028328611898017	NUGGC	PURG
NUMB--HEATR4	1	0.0028328611898017	NUMB	HEATR4
NUP210--WNT7A	1	0.0028328611898017	NUP210	WNT7A
NUP50--FAM118A	1	0.0028328611898017	NUP50	FAM118A
NUTM2A-AS1--MINPP1	1	0.0028328611898017	NUTM2A-AS1	MINPP1
NXN--SMG6	1	0.0028328611898017	NXN	SMG6
OBSCN--NLRP3	1	0.0028328611898017	OBSCN	NLRP3
NOTCH2--PRUNE	1	0.0028328611898017	NOTCH2	PRUNE
PRKCQ--FAM168A	1	0.0028328611898017	PRKCQ	FAM168A
PRRC2A--GPANK1	1	0.0028328611898017	PRRC2A	GPANK1
RP11-545E17.3--DOLPP1	1	0.0028328611898017	RP11-545E17.3	DOLPP1
PRSS50--PRSS42	1	0.0028328611898017	PRSS50	PRSS42
PSMB6--DRG2	1	0.0028328611898017	PSMB6	DRG2
PSPC1--CTC-260E6.6	1	0.0028328611898017	PSPC1	CTC-260E6.6
PTP4A1--EEF1A1P5	1	0.0028328611898017	PTP4A1	EEF1A1P5
PTPRF--PARD3	1	0.0028328611898017	PTPRF	PARD3
PTPRK--PDE7B	1	0.0028328611898017	PTPRK	PDE7B
PUF60--ZNF250	1	0.0028328611898017	PUF60	ZNF250
PUM1--RP11-266K22.2	1	0.0028328611898017	PUM1	RP11-266K22.2
PITPNM3--STX8	1	0.0028328611898017	PITPNM3	STX8
PUM1--TCTEX1D1	1	0.0028328611898017	PUM1	TCTEX1D1
PXDNL--PCMTD1	1	0.0028328611898017	PXDNL	PCMTD1
PXK--MCC	1	0.0028328611898017	PXK	MCC
QSOX2--SNAPC4	1	0.0028328611898017	QSOX2	SNAPC4
RAB2A--CHD7	1	0.0028328611898017	RAB2A	CHD7
RAB31--PIEZO2	1	0.0028328611898017	RAB31	PIEZO2
RAB32--ESR1	1	0.0028328611898017	RAB32	ESR1
RAB8B--USP3	1	0.0028328611898017	RAB8B	USP3
RAC2--GGA1	1	0.0028328611898017	RAC2	GGA1
RACGAP1--WIBG	1	0.0028328611898017	RACGAP1	WIBG
RASGEF1B--LIN54	1	0.0028328611898017	RASGEF1B	LIN54
PUM1--RP11-473O4.5	1	0.0028328611898017	PUM1	RP11-473O4.5
PKM--HIGD2B	1	0.0028328611898017	PKM	HIGD2B
PKNOX1--TRAPPC10	1	0.0028328611898017	PKNOX1	TRAPPC10
PLB1--PPP1CB	1	0.0028328611898017	PLB1	PPP1CB
PLD5--DIP2C	1	0.0028328611898017	PLD5	DIP2C
PLEKHA7--PIK3C2A	1	0.0028328611898017	PLEKHA7	PIK3C2A
PLEKHM2--AK2	1	0.0028328611898017	PLEKHM2	AK2
PLEKHM2--LPCAT2	1	0.0028328611898017	PLEKHM2	LPCAT2
PLIN5--LRG1	1	0.0028328611898017	PLIN5	LRG1
PLXDC2--MDH1B	1	0.0028328611898017	PLXDC2	MDH1B
PMPCA--EHMT1	1	0.0028328611898017	PMPCA	EHMT1
POC1A--FLNB	1	0.0028328611898017	POC1A	FLNB
PRKCE--RTN4	1	0.0028328611898017	PRKCE	RTN4
POLE--ANKLE2	1	0.0028328611898017	POLE	ANKLE2
POLR2F--BRD1	1	0.0028328611898017	POLR2F	BRD1
PPL--SP2	1	0.0028328611898017	PPL	SP2
PPME1--PKNOX2	1	0.0028328611898017	PPME1	PKNOX2
PPP2R2D--JAKMIP3	1	0.0028328611898017	PPP2R2D	JAKMIP3
PPP2R5D--MEP1A	1	0.0028328611898017	PPP2R5D	MEP1A
PPP2R5E--WDR89	1	0.0028328611898017	PPP2R5E	WDR89
PPP6R3--APLP2	1	0.0028328611898017	PPP6R3	APLP2
PPTC7--TCTN1	1	0.0028328611898017	PPTC7	TCTN1
PRCP--RAB30	1	0.0028328611898017	PRCP	RAB30
PRDM2--FBLIM1	1	0.0028328611898017	PRDM2	FBLIM1
PRKAR2A--QRICH1	1	0.0028328611898017	PRKAR2A	QRICH1
POLDIP2--VTN	1	0.0028328611898017	POLDIP2	VTN
TUG1--MAPKAPK3	1	0.0028328611898017	TUG1	MAPKAPK3
TYK2--DOCK6	1	0.0028328611898017	TYK2	DOCK6
U91328.21--MYO6	1	0.0028328611898017	U91328.21	MYO6
UBA2--CAPN12	1	0.0028328611898017	UBA2	CAPN12
UBA6--PARM1	1	0.0028328611898017	UBA6	PARM1
UBAC2--TM9SF2	1	0.0028328611898017	UBAC2	TM9SF2
UBB--EEF1A1	1	0.0028328611898017	UBB	EEF1A1
UBE2D2--SPINK5	1	0.0028328611898017	UBE2D2	SPINK5
UBE2I--FAHD1	1	0.0028328611898017	UBE2I	FAHD1
UBE2J2--MXRA8	1	0.0028328611898017	UBE2J2	MXRA8
UBE2R2--UBAP1	1	0.0028328611898017	UBE2R2	UBAP1
SERPINA1--ALB	1	0.0028328611898017	SERPINA1	ALB
UBR2--SPATS1	1	0.0028328611898017	UBR2	SPATS1
UBXN11--SLC9A1	1	0.0028328611898017	UBXN11	SLC9A1
UBXN4--CXCR4	1	0.0028328611898017	UBXN4	CXCR4
UCK2--PCMTD2	1	0.0028328611898017	UCK2	PCMTD2
UGT1A1--MROH2A	1	0.0028328611898017	UGT1A1	MROH2A
UGT1A6--MROH2A	1	0.0028328611898017	UGT1A6	MROH2A
UGT2B15--FGG	1	0.0028328611898017	UGT2B15	FGG
UHRF2--KDM4C	1	0.0028328611898017	UHRF2	KDM4C
UNKL--IFT140	1	0.0028328611898017	UNKL	IFT140
UPF3A--CHAMP1	1	0.0028328611898017	UPF3A	CHAMP1
UPK1B--RYK	1	0.0028328611898017	UPK1B	RYK
UBR2--SH3BGRL2	1	0.0028328611898017	UBR2	SH3BGRL2
TMEM138--TMEM216	1	0.0028328611898017	TMEM138	TMEM216
TMEM185A--LINC00894	1	0.0028328611898017	TMEM185A	LINC00894
TMEM194A--CTDSP2	1	0.0028328611898017	TMEM194A	CTDSP2
TMEM255B--GAS6-AS1	1	0.0028328611898017	TMEM255B	GAS6-AS1
TMEM35--CENPI	1	0.0028328611898017	TMEM35	CENPI
TMEM50B--RUNX1	1	0.0028328611898017	TMEM50B	RUNX1
TMEM74--SAMD12	1	0.0028328611898017	TMEM74	SAMD12
TMEM8A--USP7	1	0.0028328611898017	TMEM8A	USP7
TMF1--UBA3	1	0.0028328611898017	TMF1	UBA3
TMTC1--SPPL3	1	0.0028328611898017	TMTC1	SPPL3
TNFRSF10D--MAN1B1	1	0.0028328611898017	TNFRSF10D	MAN1B1
TUBD1--BRE	1	0.0028328611898017	TUBD1	BRE
TNRC6B--ADSL	1	0.0028328611898017	TNRC6B	ADSL
TOPAZ1--ZNF660	1	0.0028328611898017	TOPAZ1	ZNF660
TOR1AIP1--CEP350	1	0.0028328611898017	TOR1AIP1	CEP350
TOX--EYA1	1	0.0028328611898017	TOX	EYA1
TP53BP1--GPATCH8	1	0.0028328611898017	TP53BP1	GPATCH8
TPCN1--SPPL3	1	0.0028328611898017	TPCN1	SPPL3
TRAF3IP2--FYN	1	0.0028328611898017	TRAF3IP2	FYN
TRAV1-1--TRAC	1	0.0028328611898017	TRAV1-1	TRAC
TRIM13--DLEU1	1	0.0028328611898017	TRIM13	DLEU1
TRIM63--SFSWAP	1	0.0028328611898017	TRIM63	SFSWAP
TRIM9--NEK9	1	0.0028328611898017	TRIM9	NEK9
TUBB--ICK	1	0.0028328611898017	TUBB	ICK
TNFRSF12A--BCL7B	1	0.0028328611898017	TNFRSF12A	BCL7B
WNK2--FAM120A	1	0.0028328611898017	WNK2	FAM120A
WWOX--SNX31	1	0.0028328611898017	WWOX	SNX31
WDR33--ATIC	1	0.0028328611898017	WDR33	ATIC
XPO1--STAG2	1	0.0028328611898017	XPO1	STAG2
XPO6--EYA4	1	0.0028328611898017	XPO6	EYA4
YWHAE--CRK	1	0.0028328611898017	YWHAE	CRK
YY1AP1--ARHGEF2	1	0.0028328611898017	YY1AP1	ARHGEF2
ZC2HC1B--UTRN	1	0.0028328611898017	ZC2HC1B	UTRN
ZC3H13--LCP1	1	0.0028328611898017	ZC3H13	LCP1
ZC3H3--EEF1D	1	0.0028328611898017	ZC3H3	EEF1D
ZCCHC6--SHC3	1	0.0028328611898017	ZCCHC6	SHC3
URB1--PAXBP1	1	0.0028328611898017	URB1	PAXBP1
ZDHHC20--CPAMD8	1	0.0028328611898017	ZDHHC20	CPAMD8
ZEB1--KIF5B	1	0.0028328611898017	ZEB1	KIF5B
ZMYM2--ZNF90	1	0.0028328611898017	ZMYM2	ZNF90
ZMYM6--SCMH1	1	0.0028328611898017	ZMYM6	SCMH1
ZMYND11--NET1	1	0.0028328611898017	ZMYND11	NET1
ZNF143--SWAP70	1	0.0028328611898017	ZNF143	SWAP70
ZNF208--MZF1	1	0.0028328611898017	ZNF208	MZF1
ZNF365--JMJD1C	1	0.0028328611898017	ZNF365	JMJD1C
ZNF493--RP11-678G14.2	1	0.0028328611898017	ZNF493	RP11-678G14.2
ZNF527--SIPA1L3	1	0.0028328611898017	ZNF527	SIPA1L3
ZNF594--GGNBP2	1	0.0028328611898017	ZNF594	GGNBP2
ZNF595--MAGED1	1	0.0028328611898017	ZNF595	MAGED1
ZCCHC8--RSRC2	1	0.0028328611898017	ZCCHC8	RSRC2
USP12--FLT3	1	0.0028328611898017	USP12	FLT3
USP22--RN7SL5P	1	0.0028328611898017	USP22	RN7SL5P
USP25--AP001597.1	1	0.0028328611898017	USP25	AP001597.1
USP34--WDPCP	1	0.0028328611898017	USP34	WDPCP
USP34--XPO1	1	0.0028328611898017	USP34	XPO1
USP48--WNT4	1	0.0028328611898017	USP48	WNT4
USP49--MRPS18A	1	0.0028328611898017	USP49	MRPS18A
USP6--RABEP1	1	0.0028328611898017	USP6	RABEP1
VMP1--TUBD1	1	0.0028328611898017	VMP1	TUBD1
VPS13B--OXR1	1	0.0028328611898017	VPS13B	OXR1
VPS13D--ARHGAP39	1	0.0028328611898017	VPS13D	ARHGAP39
WIBG--CS	1	0.0028328611898017	WIBG	CS
VPS33A--CLIP1	1	0.0028328611898017	VPS33A	CLIP1
VPS35--ITFG1	1	0.0028328611898017	VPS35	ITFG1
VTI1A--CACUL1	1	0.0028328611898017	VTI1A	CACUL1
VTI1A--DNAH5	1	0.0028328611898017	VTI1A	DNAH5
VWA3A--ZNF426	1	0.0028328611898017	VWA3A	ZNF426
WASF2--IFI6	1	0.0028328611898017	WASF2	IFI6
WBSCR22--CLIP2	1	0.0028328611898017	WBSCR22	CLIP2
ACAP2--PPP1R2	1	0.0028328611898017	ACAP2	PPP1R2
WDR34--PNPLA7	1	0.0028328611898017	WDR34	PNPLA7
WDR83--BRD4	1	0.0028328611898017	WDR83	BRD4
WDR83--MAST1	1	0.0028328611898017	WDR83	MAST1
WHSC1L1--FGFR1	1	0.0028328611898017	WHSC1L1	FGFR1
VPS26B--SPINT2	1	0.0028328611898017	VPS26B	SPINT2
SGPL1--FBXW4	1	0.0028328611898017	SGPL1	FBXW4
SHISA2--FLJ27365	1	0.0028328611898017	SHISA2	FLJ27365
SIAH2-AS1--RP11-166N6.2	1	0.0028328611898017	SIAH2-AS1	RP11-166N6.2
SIK2--SLC2A9	1	0.0028328611898017	SIK2	SLC2A9
SIRPA--PTPRA	1	0.0028328611898017	SIRPA	PTPRA
SLC12A4--DPEP2	1	0.0028328611898017	SLC12A4	DPEP2
SLC16A3--HEXDC	1	0.0028328611898017	SLC16A3	HEXDC
SLC16A4--RN7SL5P	1	0.0028328611898017	SLC16A4	RN7SL5P
SLC22A23--HSP90AB1	1	0.0028328611898017	SLC22A23	HSP90AB1
SLC28A1--PDE8A	1	0.0028328611898017	SLC28A1	PDE8A
SLC30A6--AP001597.1	1	0.0028328611898017	SLC30A6	AP001597.1
TMEM123--MMP7	1	0.0028328611898017	TMEM123	MMP7
SLC38A10--P4HB	1	0.0028328611898017	SLC38A10	P4HB
SLC41A3--MBNL1	1	0.0028328611898017	SLC41A3	MBNL1
SLC4A1AP--MRPL33	1	0.0028328611898017	SLC4A1AP	MRPL33
SLC5A12--RP11-1L12.3	1	0.0028328611898017	SLC5A12	RP11-1L12.3
SLC7A1--ZNF608	1	0.0028328611898017	SLC7A1	ZNF608
SLK--WDR96	1	0.0028328611898017	SLK	WDR96
SMAD1--LRBA	1	0.0028328611898017	SMAD1	LRBA
SMCHD1--DLGAP1	1	0.0028328611898017	SMCHD1	DLGAP1
SMCO2--PPFIBP1	1	0.0028328611898017	SMCO2	PPFIBP1
SMG5--CCT3	1	0.0028328611898017	SMG5	CCT3
SNAPC3--LPPR1	1	0.0028328611898017	SNAPC3	LPPR1
SND1--BRAF	1	0.0028328611898017	SND1	BRAF
SLC37A3--WDR86	1	0.0028328611898017	SLC37A3	WDR86
RP11-552D8.1--DTL	1	0.0028328611898017	RP11-552D8.1	DTL
RP11-624C23.1--RP11-181B11.2	1	0.0028328611898017	RP11-624C23.1	RP11-181B11.2
RP11-624L4.1--RORA	1	0.0028328611898017	RP11-624L4.1	RORA
RP11-634B7.4--TRIM58	1	0.0028328611898017	RP11-634B7.4	TRIM58
RP11-671P2.1--RPS6KA2	1	0.0028328611898017	RP11-671P2.1	RPS6KA2
RP11-692D12.1--ALB	1	0.0028328611898017	RP11-692D12.1	ALB
RP11-697N18.4--MCM4	1	0.0028328611898017	RP11-697N18.4	MCM4
RP11-754B17.1--AP2A2	1	0.0028328611898017	RP11-754B17.1	AP2A2
RP5-1098D14.1--RALGPS2	1	0.0028328611898017	RP5-1098D14.1	RALGPS2
RPL22--KIF1B	1	0.0028328611898017	RPL22	KIF1B
RPPH1--COL3A1	1	0.0028328611898017	RPPH1	COL3A1
SGK3--PREX2	1	0.0028328611898017	SGK3	PREX2
RRAGC--EIF2B3	1	0.0028328611898017	RRAGC	EIF2B3
RSF1--AAMDC	1	0.0028328611898017	RSF1	AAMDC
RSPO1--IGF2	1	0.0028328611898017	RSPO1	IGF2
RTF1--RPAP1	1	0.0028328611898017	RTF1	RPAP1
SAFB2--CCDC130	1	0.0028328611898017	SAFB2	CCDC130
SAMD12--TAF2	1	0.0028328611898017	SAMD12	TAF2
SAMD4A--MTHFD1	1	0.0028328611898017	SAMD4A	MTHFD1
NBPF1--KHDRBS1	1	0.0028328611898017	NBPF1	KHDRBS1
SERPINF1--FRMD1	1	0.0028328611898017	SERPINF1	FRMD1
SERPING1--SH3GL3	1	0.0028328611898017	SERPING1	SH3GL3
SETD1B--PCDH9-AS1	1	0.0028328611898017	SETD1B	PCDH9-AS1
SF3B4--OTUD7B	1	0.0028328611898017	SF3B4	OTUD7B
RPS15--OAZ1	1	0.0028328611898017	RPS15	OAZ1
STYK1--SEMG2	1	0.0028328611898017	STYK1	SEMG2
SUFU--CNNM2	1	0.0028328611898017	SUFU	CNNM2
SYNRG--PLXDC1	1	0.0028328611898017	SYNRG	PLXDC1
SYT9--PPFIBP2	1	0.0028328611898017	SYT9	PPFIBP2
SYVN1--SIK3	1	0.0028328611898017	SYVN1	SIK3
TAF4B--NSG1	1	0.0028328611898017	TAF4B	NSG1
TANC1--AC009299.2	1	0.0028328611898017	TANC1	AC009299.2
TARSL2--SCARB2	1	0.0028328611898017	TARSL2	SCARB2
TATDN1--MTSS1	1	0.0028328611898017	TATDN1	MTSS1
TAX1BP1--AMPH	1	0.0028328611898017	TAX1BP1	AMPH
TBC1D9--RNF150	1	0.0028328611898017	TBC1D9	RNF150
SNRNP27--ZNF638	1	0.0028328611898017	SNRNP27	ZNF638
TCEA3--WDHD1	1	0.0028328611898017	TCEA3	WDHD1
TCERG1L--MTG1	1	0.0028328611898017	TCERG1L	MTG1
TCF3--OAZ1	1	0.0028328611898017	TCF3	OAZ1
TDRP--ST3GAL1	1	0.0028328611898017	TDRP	ST3GAL1
TEAD1--GDPD4	1	0.0028328611898017	TEAD1	GDPD4
TECTA--SORL1	1	0.0028328611898017	TECTA	SORL1
TEX2--RP11-247A12.2	1	0.0028328611898017	TEX2	RP11-247A12.2
TFDP2--ATR	1	0.0028328611898017	TFDP2	ATR
TFDP2--GK5	1	0.0028328611898017	TFDP2	GK5
TFDP2--XRN1	1	0.0028328611898017	TFDP2	XRN1
THOC5--SEC14L3	1	0.0028328611898017	THOC5	SEC14L3
TMEM117--ARID2	1	0.0028328611898017	TMEM117	ARID2
TCAIM--ZNF445	1	0.0028328611898017	TCAIM	ZNF445
SNTB2--MCTP1	1	0.0028328611898017	SNTB2	MCTP1
SNX25--SORBS2	1	0.0028328611898017	SNX25	SORBS2
SOCS5--PRADC1	1	0.0028328611898017	SOCS5	PRADC1
SOGA1--SAMHD1	1	0.0028328611898017	SOGA1	SAMHD1
SORT1--PSMA5	1	0.0028328611898017	SORT1	PSMA5
SOX5--SSPN	1	0.0028328611898017	SOX5	SSPN
SPATA12--APPL1	1	0.0028328611898017	SPATA12	APPL1
SPCS2--AAMDC	1	0.0028328611898017	SPCS2	AAMDC
SPINT2--AC067969.2	1	0.0028328611898017	SPINT2	AC067969.2
SPPL3--LRBA	1	0.0028328611898017	SPPL3	LRBA
SPRED3--RASGRP4	1	0.0028328611898017	SPRED3	RASGRP4
STXBP3--SARS	1	0.0028328611898017	STXBP3	SARS
SSFA2--PPP1R1C	1	0.0028328611898017	SSFA2	PPP1R1C
ST7L--FAM118A	1	0.0028328611898017	ST7L	FAM118A
ST8SIA1--WWOX	1	0.0028328611898017	ST8SIA1	WWOX
STAB1--KLHL3	1	0.0028328611898017	STAB1	KLHL3
STARD13--RP11-141M1.3	1	0.0028328611898017	STARD13	RP11-141M1.3
STARD7--LIMS1	1	0.0028328611898017	STARD7	LIMS1
STAT3--AC016629.3	1	0.0028328611898017	STAT3	AC016629.3
STAT5B--SH2D3C	1	0.0028328611898017	STAT5B	SH2D3C
STAU2--EEF1D	1	0.0028328611898017	STAU2	EEF1D
STK33--PTPRJ	1	0.0028328611898017	STK33	PTPRJ
STK40--GPHN	1	0.0028328611898017	STK40	GPHN
STX8--TMEM35	1	0.0028328611898017	STX8	TMEM35
SRGAP3--SETD5-AS1	1	0.0028328611898017	SRGAP3	SETD5-AS1
CHD2--ITCH	1	0.0028328611898017	CHD2	ITCH
CHD4--U47924.31	1	0.0028328611898017	CHD4	U47924.31
CHD6--FAM188B	1	0.0028328611898017	CHD6	FAM188B
CHERP--GATAD2A	1	0.0028328611898017	CHERP	GATAD2A
CHERP--TMEM38A	1	0.0028328611898017	CHERP	TMEM38A
CHRNA7--TMOD3	1	0.0028328611898017	CHRNA7	TMOD3
CIITA--CLEC16A	1	0.0028328611898017	CIITA	CLEC16A
CIT--EIF3H	1	0.0028328611898017	CIT	EIF3H
CLDN10--DNAJC3	1	0.0028328611898017	CLDN10	DNAJC3
CLK1--ALS2CR12	1	0.0028328611898017	CLK1	ALS2CR12
CLPP--CTD-2529P6.3	1	0.0028328611898017	CLPP	CTD-2529P6.3
MED26--TMEM38A	1	0.0028328611898017	MED26	TMEM38A
CNST--SCCPDH	1	0.0028328611898017	CNST	SCCPDH
COL13A1--DNAH5	1	0.0028328611898017	COL13A1	DNAH5
COL14A1--PVT1	1	0.0028328611898017	COL14A1	PVT1
COL22A1--TRAPPC9	1	0.0028328611898017	COL22A1	TRAPPC9
COL3A1--COL5A2	1	0.0028328611898017	COL3A1	COL5A2
COL4A1--ARL8B	1	0.0028328611898017	COL4A1	ARL8B
COL4A3--AGFG1	1	0.0028328611898017	COL4A3	AGFG1
COL6A6--NEK11	1	0.0028328611898017	COL6A6	NEK11
COL8A2--SHANK2	1	0.0028328611898017	COL8A2	SHANK2
COPB1--CYP2R1	1	0.0028328611898017	COPB1	CYP2R1
COPG1--IFT122	1	0.0028328611898017	COPG1	IFT122
COQ10A--CS	1	0.0028328611898017	COQ10A	CS
CNBD2--EPB41L1	1	0.0028328611898017	CNBD2	EPB41L1
CA14--RPRD2	1	0.0028328611898017	CA14	RPRD2
CACNB4--STAM2	1	0.0028328611898017	CACNB4	STAM2
CACNG4--AC005775.2	1	0.0028328611898017	CACNG4	AC005775.2
CANX--MAML1	1	0.0028328611898017	CANX	MAML1
CAPN1--MALAT1	1	0.0028328611898017	CAPN1	MALAT1
CAPNS1--CCDC61	1	0.0028328611898017	CAPNS1	CCDC61
CAPZA2--CADPS2	1	0.0028328611898017	CAPZA2	CADPS2
CARM1--SMARCA4	1	0.0028328611898017	CARM1	SMARCA4
CASZ1--C1orf127	1	0.0028328611898017	CASZ1	C1orf127
CAT--EHF	1	0.0028328611898017	CAT	EHF
CAT--POLDIP3	1	0.0028328611898017	CAT	POLDIP3
CEP350--QSOX1	1	0.0028328611898017	CEP350	QSOX1
CCDC135--KATNB1	1	0.0028328611898017	CCDC135	KATNB1
CCDC144A--PDRG1	1	0.0028328611898017	CCDC144A	PDRG1
CCDC179--BDNF-AS	1	0.0028328611898017	CCDC179	BDNF-AS
CCDC6--ANK3	1	0.0028328611898017	CCDC6	ANK3
CCDC68--SHROOM3	1	0.0028328611898017	CCDC68	SHROOM3
CCND3--MRPL2	1	0.0028328611898017	CCND3	MRPL2
CD209--SPIB	1	0.0028328611898017	CD209	SPIB
CD58--SETD2	1	0.0028328611898017	CD58	SETD2
CD74--STK10	1	0.0028328611898017	CD74	STK10
CD83--JARID2	1	0.0028328611898017	CD83	JARID2
CECR2--ATP6V1E1	1	0.0028328611898017	CECR2	ATP6V1E1
CELF5--AP1M2	1	0.0028328611898017	CELF5	AP1M2
CBLB--BCL6	1	0.0028328611898017	CBLB	BCL6
DDX39A--KXD1	1	0.0028328611898017	DDX39A	KXD1
DDX52--PLXDC1	1	0.0028328611898017	DDX52	PLXDC1
DDX58--NDUFB6	1	0.0028328611898017	DDX58	NDUFB6
DEFB123--TPX2	1	0.0028328611898017	DEFB123	TPX2
DENND4C--ACER2	1	0.0028328611898017	DENND4C	ACER2
DENND4C--DCAF12	1	0.0028328611898017	DENND4C	DCAF12
DERL1--TSC1	1	0.0028328611898017	DERL1	TSC1
DGKA--IKZF4	1	0.0028328611898017	DGKA	IKZF4
DGUOK--TET3	1	0.0028328611898017	DGUOK	TET3
DHRS4-AS1--NRL	1	0.0028328611898017	DHRS4-AS1	NRL
DIRC3--TRIP12	1	0.0028328611898017	DIRC3	TRIP12
COX6A1--GATC	1	0.0028328611898017	COX6A1	GATC
DNAJC11--CAMTA1	1	0.0028328611898017	DNAJC11	CAMTA1
DNAJC11--CHD8	1	0.0028328611898017	DNAJC11	CHD8
DNAJC11--UTS2	1	0.0028328611898017	DNAJC11	UTS2
DNAJC15--RNASEH2B	1	0.0028328611898017	DNAJC15	RNASEH2B
DNAJC15--TPP2	1	0.0028328611898017	DNAJC15	TPP2
DNM3--SUCO	1	0.0028328611898017	DNM3	SUCO
DOCK8--KANK1	1	0.0028328611898017	DOCK8	KANK1
DPM1--RP5-955M13.4	1	0.0028328611898017	DPM1	RP5-955M13.4
DPP10--AP1S3	1	0.0028328611898017	DPP10	AP1S3
DPY19L3--AKT2	1	0.0028328611898017	DPY19L3	AKT2
DRG1--NHP2L1	1	0.0028328611898017	DRG1	NHP2L1
DSTYK--LEMD1	1	0.0028328611898017	DSTYK	LEMD1
DMTF1--RP11-183I6.2	1	0.0028328611898017	DMTF1	RP11-183I6.2
CPB2--LCP1	1	0.0028328611898017	CPB2	LCP1
CPEB3--MYOF	1	0.0028328611898017	CPEB3	MYOF
CRHR1--BPIFB1	1	0.0028328611898017	CRHR1	BPIFB1
CRKL--ALB	1	0.0028328611898017	CRKL	ALB
CSN2--PPP2R2A	1	0.0028328611898017	CSN2	PPP2R2A
CSNK1A1--CAMK2A	1	0.0028328611898017	CSNK1A1	CAMK2A
CSNK1E--DMC1	1	0.0028328611898017	CSNK1E	DMC1
CSNK2A1--SLC52A3	1	0.0028328611898017	CSNK2A1	SLC52A3
CSRNP2--TFCP2	1	0.0028328611898017	CSRNP2	TFCP2
CTB-180A7.3--ZNF558	1	0.0028328611898017	CTB-180A7.3	ZNF558
CTBP2--FBXO17	1	0.0028328611898017	CTBP2	FBXO17
CTCF--NUTF2	1	0.0028328611898017	CTCF	NUTF2
DDX31--AK8	1	0.0028328611898017	DDX31	AK8
CTD-2384A14.1--RP11-148E17.1	1	0.0028328611898017	CTD-2384A14.1	RP11-148E17.1
CTDP1--ADNP2	1	0.0028328611898017	CTDP1	ADNP2
CTNNBL1--RPRD1B	1	0.0028328611898017	CTNNBL1	RPRD1B
CTPS1--TMEM53	1	0.0028328611898017	CTPS1	TMEM53
CWC25--PLXDC1	1	0.0028328611898017	CWC25	PLXDC1
CWC27--RANBP17	1	0.0028328611898017	CWC27	RANBP17
CWF19L2--VAV1	1	0.0028328611898017	CWF19L2	VAV1
CXCR4--FGD5-AS1	1	0.0028328611898017	CXCR4	FGD5-AS1
CYP4A11--ALB	1	0.0028328611898017	CYP4A11	ALB
CYP4B1--PRKCE	1	0.0028328611898017	CYP4B1	PRKCE
DAPL1--TANC1	1	0.0028328611898017	DAPL1	TANC1
DDB2--PTPRJ	1	0.0028328611898017	DDB2	PTPRJ
CTD-2152M20.2--GOLPH3	1	0.0028328611898017	CTD-2152M20.2	GOLPH3
AFTPH--C1D	1	0.0028328611898017	AFTPH	C1D
AGAP1--ASB1	1	0.0028328611898017	AGAP1	ASB1
AGTRAP--DHRS7	1	0.0028328611898017	AGTRAP	DHRS7
AKAP12--ESR1	1	0.0028328611898017	AKAP12	ESR1
AKR1A1--ITPK1	1	0.0028328611898017	AKR1A1	ITPK1
ALB--AFP	1	0.0028328611898017	ALB	AFP
ALB--AKR1B10	1	0.0028328611898017	ALB	AKR1B10
ALB--ALDOB	1	0.0028328611898017	ALB	ALDOB
ALB--CCDC152	1	0.0028328611898017	ALB	CCDC152
XPNPEP3--EP300	1	0.0028328611898017	XPNPEP3	EP300
ALB--FGG	1	0.0028328611898017	ALB	FGG
C7orf50--HECW1	1	0.0028328611898017	C7orf50	HECW1
ANG--ZNF18	1	0.0028328611898017	ANG	ZNF18
ANHX--UBR2	1	0.0028328611898017	ANHX	UBR2
ANKRD13C--RALYL	1	0.0028328611898017	ANKRD13C	RALYL
ANKRD17--RP11-359D14.3	1	0.0028328611898017	ANKRD17	RP11-359D14.3
ANKRD22--TMC7	1	0.0028328611898017	ANKRD22	TMC7
AP006216.12--TF	1	0.0028328611898017	AP006216.12	TF
APBA1--PTAR1	1	0.0028328611898017	APBA1	PTAR1
APOA1--HP	1	0.0028328611898017	APOA1	HP
APOA2--ALB	1	0.0028328611898017	APOA2	ALB
AQR--ZNF770	1	0.0028328611898017	AQR	ZNF770
ARFGAP2--MTCH2	1	0.0028328611898017	ARFGAP2	MTCH2
ARHGAP23--CYB561	1	0.0028328611898017	ARHGAP23	CYB561
ALG8--KHDC1	1	0.0028328611898017	ALG8	KHDC1
ABCA4--ABCD3	1	0.0028328611898017	ABCA4	ABCD3
ABHD6--FOXP1	1	0.0028328611898017	ABHD6	FOXP1
ABI3--BZRAP1	1	0.0028328611898017	ABI3	BZRAP1
ABLIM2--APBB2	1	0.0028328611898017	ABLIM2	APBB2
AC013394.2--CXCR4	1	0.0028328611898017	AC013394.2	CXCR4
AC022182.1--CLVS1	1	0.0028328611898017	AC022182.1	CLVS1
AC024084.1--AC009784.3	1	0.0028328611898017	AC024084.1	AC009784.3
AC074091.13--RBKS	1	0.0028328611898017	AC074091.13	RBKS
AC096579.7--IGKV1D-27	1	0.0028328611898017	AC096579.7	IGKV1D-27
AC096579.7--IGKV2-10	1	0.0028328611898017	AC096579.7	IGKV2-10
UNC45A--COL19A1	1	0.0028328611898017	UNC45A	COL19A1
AC096579.7--IGKV2-14	1	0.0028328611898017	AC096579.7	IGKV2-14
AF127936.7--TSPAN17	1	0.0028328611898017	AF127936.7	TSPAN17
AC096579.7--IGKV2-26	1	0.0028328611898017	AC096579.7	IGKV2-26
AC106876.2--TRAF3IP1	1	0.0028328611898017	AC106876.2	TRAF3IP1
AC131097.3--AC093642.5	1	0.0028328611898017	AC131097.3	AC093642.5
ZNF652--PHB	1	0.0028328611898017	ZNF652	PHB
ACTA2--RHEB	1	0.0028328611898017	ACTA2	RHEB
ACTL6A--VPS8	1	0.0028328611898017	ACTL6A	VPS8
ACVR2A--MBD5	1	0.0028328611898017	ACVR2A	MBD5
ADCK4--CTD-2195B23.3	1	0.0028328611898017	ADCK4	CTD-2195B23.3
ADCY2--TRIO	1	0.0028328611898017	ADCY2	TRIO
ADD3--AFAP1L2	1	0.0028328611898017	ADD3	AFAP1L2
ADD3--SHOC2	1	0.0028328611898017	ADD3	SHOC2
ADRBK1--CCND3	1	0.0028328611898017	ADRBK1	CCND3
AC096579.7--IGKV2-18	1	0.0028328611898017	AC096579.7	IGKV2-18
BCKDHB--RP11-250B2.3	1	0.0028328611898017	BCKDHB	RP11-250B2.3
BCL6--RHOH	1	0.0028328611898017	BCL6	RHOH
BIRC3--SLC14A2	1	0.0028328611898017	BIRC3	SLC14A2
BIRC6--TTC27	1	0.0028328611898017	BIRC6	TTC27
BMP8A--SCMH1	1	0.0028328611898017	BMP8A	SCMH1
BMS1--PARG	1	0.0028328611898017	BMS1	PARG
BOLL--AGTPBP1	1	0.0028328611898017	BOLL	AGTPBP1
BPIFB4--ITCH	1	0.0028328611898017	BPIFB4	ITCH
BPNT1--PPP3CA	1	0.0028328611898017	BPNT1	PPP3CA
BRAF--ABCA1	1	0.0028328611898017	BRAF	ABCA1
BRD4--ARMC6	1	0.0028328611898017	BRD4	ARMC6
ARHGAP26--AFAP1L1	1	0.0028328611898017	ARHGAP26	AFAP1L1
BTBD16--PLEKHA1	1	0.0028328611898017	BTBD16	PLEKHA1
BTBD9--GCLC	1	0.0028328611898017	BTBD9	GCLC
C10orf11--KCTD16	1	0.0028328611898017	C10orf11	KCTD16
C11orf80--KDM2A	1	0.0028328611898017	C11orf80	KDM2A
C14orf105--PTPN2	1	0.0028328611898017	C14orf105	PTPN2
C18orf25--ZNF407	1	0.0028328611898017	C18orf25	ZNF407
C1QB--LIN52	1	0.0028328611898017	C1QB	LIN52
C1orf220--RP5-1098D14.1	1	0.0028328611898017	C1orf220	RP5-1098D14.1
C1orf222--NUMB	1	0.0028328611898017	C1orf222	NUMB
C1orf222--WASF2	1	0.0028328611898017	C1orf222	WASF2
C1orf54--PRPF3	1	0.0028328611898017	C1orf54	PRPF3
C3--SH2D3A	1	0.0028328611898017	C3	SH2D3A
BRE--WDR43	1	0.0028328611898017	BRE	WDR43
ARHGAP27--TKT	1	0.0028328611898017	ARHGAP27	TKT
ARHGEF11--AZI1	1	0.0028328611898017	ARHGEF11	AZI1
ARHGEF18--CERS4	1	0.0028328611898017	ARHGEF18	CERS4
ARHGEF18--EPHX3	1	0.0028328611898017	ARHGEF18	EPHX3
ARID4B--RP11-671P2.1	1	0.0028328611898017	ARID4B	RP11-671P2.1
ARID5B--SOX5	1	0.0028328611898017	ARID5B	SOX5
ASTL--TMEM127	1	0.0028328611898017	ASTL	TMEM127
ASXL1--C20orf112	1	0.0028328611898017	ASXL1	C20orf112
ATAD2--EFR3A	1	0.0028328611898017	ATAD2	EFR3A
ATAD2--KCNQ3	1	0.0028328611898017	ATAD2	KCNQ3
ATG2B--SETD3	1	0.0028328611898017	ATG2B	SETD3
ATL2--HNRNPLL	1	0.0028328611898017	ATL2	HNRNPLL
BAZ2B--ZNF595	1	0.0028328611898017	BAZ2B	ZNF595
ATP8B1--CDK14	1	0.0028328611898017	ATP8B1	CDK14
ATP9B--NFATC1	1	0.0028328611898017	ATP9B	NFATC1
ATRN--PANK2	1	0.0028328611898017	ATRN	PANK2
AXIN1--CDH1	1	0.0028328611898017	AXIN1	CDH1
B2M--AC013394.2	1	0.0028328611898017	B2M	AC013394.2
B2M--CXCR4	1	0.0028328611898017	B2M	CXCR4
B2M--GNAS	1	0.0028328611898017	B2M	GNAS
B4GALNT1--CTDSP2	1	0.0028328611898017	B4GALNT1	CTDSP2
B4GALT1--BAG1	1	0.0028328611898017	B4GALT1	BAG1
B4GALT5--SPATA2	1	0.0028328611898017	B4GALT5	SPATA2
BAG6--MEP1A	1	0.0028328611898017	BAG6	MEP1A
BAIAP2--ENTHD2	1	0.0028328611898017	BAIAP2	ENTHD2
ATP1B1--FMO4	1	0.0028328611898017	ATP1B1	FMO4
KLHL21--DNAJC11	1	0.0028328611898017	KLHL21	DNAJC11
KMT2B--IFNAR1	1	0.0028328611898017	KMT2B	IFNAR1
KMT2C--PTPRN2	1	0.0028328611898017	KMT2C	PTPRN2
KMT2E--SRPK2	1	0.0028328611898017	KMT2E	SRPK2
KNG1--ALB	1	0.0028328611898017	KNG1	ALB
KRBOX4--UBA1	1	0.0028328611898017	KRBOX4	UBA1
LAMA5--CABLES2	1	0.0028328611898017	LAMA5	CABLES2
LAMC1--LAMC2	1	0.0028328611898017	LAMC1	LAMC2
LAPTM4B--MATN2	1	0.0028328611898017	LAPTM4B	MATN2
LCE4A--TMEM206	1	0.0028328611898017	LCE4A	TMEM206
LCE6A--HAX1	1	0.0028328611898017	LCE6A	HAX1
DSTYK--NUAK2	1	0.0028328611898017	DSTYK	NUAK2
LDLR--GATAD2A	1	0.0028328611898017	LDLR	GATAD2A
LEMD3--MSRB3	1	0.0028328611898017	LEMD3	MSRB3
LHFPL3--KMT2E	1	0.0028328611898017	LHFPL3	KMT2E
LIG1--ZNF808	1	0.0028328611898017	LIG1	ZNF808
LPAR6--IRF1	1	0.0028328611898017	LPAR6	IRF1
LRBA--ASIC5	1	0.0028328611898017	LRBA	ASIC5
LRP4-AS1--PHYKPL	1	0.0028328611898017	LRP4-AS1	PHYKPL
LRRC72--AHR	1	0.0028328611898017	LRRC72	AHR
LRRFIP1--UBE2F	1	0.0028328611898017	LRRFIP1	UBE2F
LRSAM1--SH2D3C	1	0.0028328611898017	LRSAM1	SH2D3C
LSM12--ESCO1	1	0.0028328611898017	LSM12	ESCO1
LUC7L--TMEM8A	1	0.0028328611898017	LUC7L	TMEM8A
LDB1--PCGF6	1	0.0028328611898017	LDB1	PCGF6
INO80C--NAPB	1	0.0028328611898017	INO80C	NAPB
INSR--ASF1B	1	0.0028328611898017	INSR	ASF1B
INTS1--TMEM184A	1	0.0028328611898017	INTS1	TMEM184A
IPO8--AMN1	1	0.0028328611898017	IPO8	AMN1
IQCG--LMLN-AS1	1	0.0028328611898017	IQCG	LMLN-AS1
IQGAP3--CDC42BPA	1	0.0028328611898017	IQGAP3	CDC42BPA
IRF4--EEF1A1P5	1	0.0028328611898017	IRF4	EEF1A1P5
ITFG1--RP11-15F12.3	1	0.0028328611898017	ITFG1	RP11-15F12.3
ITPKB--ZNF669	1	0.0028328611898017	ITPKB	ZNF669
ITPR2--TM7SF3	1	0.0028328611898017	ITPR2	TM7SF3
JUP--AARSD1	1	0.0028328611898017	JUP	AARSD1
JUP--LEPREL4	1	0.0028328611898017	JUP	LEPREL4
KLHDC2--NEMF	1	0.0028328611898017	KLHDC2	NEMF
KB-1507C5.2--ATP6V1C1	1	0.0028328611898017	KB-1507C5.2	ATP6V1C1
KCNJ6--ARHGEF26	1	0.0028328611898017	KCNJ6	ARHGEF26
KDELR1--SULT2B1	1	0.0028328611898017	KDELR1	SULT2B1
KDM1B--DEK	1	0.0028328611898017	KDM1B	DEK
KDM2B--AFF4	1	0.0028328611898017	KDM2B	AFF4
KDM3B--CTNNA1	1	0.0028328611898017	KDM3B	CTNNA1
KDSR--SERPINB5	1	0.0028328611898017	KDSR	SERPINB5
KIAA0125--MYC	1	0.0028328611898017	KIAA0125	MYC
KIAA1586--PRIM2	1	0.0028328611898017	KIAA1586	PRIM2
KIF1A--DLG1	1	0.0028328611898017	KIF1A	DLG1
KIF2A--SNX2	1	0.0028328611898017	KIF2A	SNX2
KLC4--TJAP1	1	0.0028328611898017	KLC4	TJAP1
KAT6A--SLC20A2	1	0.0028328611898017	KAT6A	SLC20A2
MGST2--LRBA	1	0.0028328611898017	MGST2	LRBA
MIPEP--COL4A1	1	0.0028328611898017	MIPEP	COL4A1
MLLT6--PLXDC1	1	0.0028328611898017	MLLT6	PLXDC1
MND1--KIAA0922	1	0.0028328611898017	MND1	KIAA0922
MOGAT2--UVRAG	1	0.0028328611898017	MOGAT2	UVRAG
MPP7--PRR4	1	0.0028328611898017	MPP7	PRR4
MPRIP--FLCN	1	0.0028328611898017	MPRIP	FLCN
MRPL35--IGKV2-14	1	0.0028328611898017	MRPL35	IGKV2-14
MSH6--AC079807.2	1	0.0028328611898017	MSH6	AC079807.2
MSL2--STAG1	1	0.0028328611898017	MSL2	STAG1
MTF1--LRP8	1	0.0028328611898017	MTF1	LRP8
LYPLA1--CHD7	1	0.0028328611898017	LYPLA1	CHD7
MTUS2--RAI1	1	0.0028328611898017	MTUS2	RAI1
MUC16--OR7G3	1	0.0028328611898017	MUC16	OR7G3
MUC22--CCND3	1	0.0028328611898017	MUC22	CCND3
MVB12A--ZNF492	1	0.0028328611898017	MVB12A	ZNF492
MYBBP1A--MYH10	1	0.0028328611898017	MYBBP1A	MYH10
MYOF--C10orf90	1	0.0028328611898017	MYOF	C10orf90
NAGLU--ZNF121	1	0.0028328611898017	NAGLU	ZNF121
NARG2--ARMC1	1	0.0028328611898017	NARG2	ARMC1
NAT10--C17orf98	1	0.0028328611898017	NAT10	C17orf98
NBEAL1--CYP20A1	1	0.0028328611898017	NBEAL1	CYP20A1
NBPF1--ANKRD13C	1	0.0028328611898017	NBPF1	ANKRD13C
NBPF1--ARHGEF10L	1	0.0028328611898017	NBPF1	ARHGEF10L
MTMR3--CTA-941F9.9	1	0.0028328611898017	MTMR3	CTA-941F9.9
MACF1--CCDC146	1	0.0028328611898017	MACF1	CCDC146
MADD--BTNL3	1	0.0028328611898017	MADD	BTNL3
MADD--PTPRJ	1	0.0028328611898017	MADD	PTPRJ
MAGOH--SEP15	1	0.0028328611898017	MAGOH	SEP15
MALAT1--ALB	1	0.0028328611898017	MALAT1	ALB
MAML3--CLGN	1	0.0028328611898017	MAML3	CLGN
MAP4--CAMP	1	0.0028328611898017	MAP4	CAMP
MAP7D1--THRAP3	1	0.0028328611898017	MAP7D1	THRAP3
MAPK1--CDKN1A	1	0.0028328611898017	MAPK1	CDKN1A
MAPKAPK2--CR1	1	0.0028328611898017	MAPKAPK2	CR1
MARK2--KLHL14	1	0.0028328611898017	MARK2	KLHL14
MARK3--CERS6	1	0.0028328611898017	MARK3	CERS6
MGST2--F13A1	1	0.0028328611898017	MGST2	F13A1
MATR3--AC084125.4	1	0.0028328611898017	MATR3	AC084125.4
MCMBP--RP11-624L4.1	1	0.0028328611898017	MCMBP	RP11-624L4.1
MCU--TMEM254-AS1	1	0.0028328611898017	MCU	TMEM254-AS1
MDC1-AS1--ICK	1	0.0028328611898017	MDC1-AS1	ICK
MDM1--RP11-81H14.2	1	0.0028328611898017	MDM1	RP11-81H14.2
ME1--SLC35A1	1	0.0028328611898017	ME1	SLC35A1
MED15--TFE3	1	0.0028328611898017	MED15	TFE3
A1BG--ITIH4	1	0.0028328611898017	A1BG	ITIH4
MED4--KLF12	1	0.0028328611898017	MED4	KLF12
MEIS2--LRRC16A	1	0.0028328611898017	MEIS2	LRRC16A
MET--RBPMS	1	0.0028328611898017	MET	RBPMS
MEX3B--RNF19A	1	0.0028328611898017	MEX3B	RNF19A
MAST2--HEATR1	1	0.0028328611898017	MAST2	HEATR1
EYS--SH3BGRL2	1	0.0028328611898017	EYS	SH3BGRL2
F13A1--HIST1H2BK	1	0.0028328611898017	F13A1	HIST1H2BK
FAF1--RAD51B	1	0.0028328611898017	FAF1	RAD51B
FAF2--NSD1	1	0.0028328611898017	FAF2	NSD1
FAM114A1--ATP8A1	1	0.0028328611898017	FAM114A1	ATP8A1
FAM157C--HLA-E	1	0.0028328611898017	FAM157C	HLA-E
FAM168A--RAB6A	1	0.0028328611898017	FAM168A	RAB6A
FAM35A--C8orf12	1	0.0028328611898017	FAM35A	C8orf12
FARP1--RNF185	1	0.0028328611898017	FARP1	RNF185
FARP2--SENP5	1	0.0028328611898017	FARP2	SENP5
FBL--RABAC1	1	0.0028328611898017	FBL	RABAC1
INO80--EXD1	1	0.0028328611898017	INO80	EXD1
FBXL18--ACTB	1	0.0028328611898017	FBXL18	ACTB
FBXL20--ORMDL3	1	0.0028328611898017	FBXL20	ORMDL3
FBXL3--MYCBP2	1	0.0028328611898017	FBXL3	MYCBP2
FBXO7--TIMP3	1	0.0028328611898017	FBXO7	TIMP3
FGFR1OP--CCR6	1	0.0028328611898017	FGFR1OP	CCR6
FN1--COL1A2	1	0.0028328611898017	FN1	COL1A2
FNTB--FUT8	1	0.0028328611898017	FNTB	FUT8
FNTB--RBM25	1	0.0028328611898017	FNTB	RBM25
FOXP1--PTPRD	1	0.0028328611898017	FOXP1	PTPRD
FUBP1--EVI5	1	0.0028328611898017	FUBP1	EVI5
GAB2--CCDC148	1	0.0028328611898017	GAB2	CCDC148
GAB2--RP11-452H21.4	1	0.0028328611898017	GAB2	RP11-452H21.4
FBRS--AHSP	1	0.0028328611898017	FBRS	AHSP
DTNB--HADHA	1	0.0028328611898017	DTNB	HADHA
DUSP6--POC1B	1	0.0028328611898017	DUSP6	POC1B
DYNC1LI2--ZNF610	1	0.0028328611898017	DYNC1LI2	ZNF610
DYRK1A--KCNJ6	1	0.0028328611898017	DYRK1A	KCNJ6
ECE1--RAP1GAP	1	0.0028328611898017	ECE1	RAP1GAP
ECSIT--IP6K1	1	0.0028328611898017	ECSIT	IP6K1
EEFSEC--RAB7A	1	0.0028328611898017	EEFSEC	RAB7A
EFCAB2--SMYD3	1	0.0028328611898017	EFCAB2	SMYD3
EFCC1--RAB43	1	0.0028328611898017	EFCC1	RAB43
EHD1--BATF2	1	0.0028328611898017	EHD1	BATF2
EHMT2--NELFE	1	0.0028328611898017	EHMT2	NELFE
ELAVL1--ANKRD36C	1	0.0028328611898017	ELAVL1	ANKRD36C
EYS--LMBRD1	1	0.0028328611898017	EYS	LMBRD1
ELL--PBX4	1	0.0028328611898017	ELL	PBX4
EPHA2--ARHGEF19	1	0.0028328611898017	EPHA2	ARHGEF19
EPSTI1--ZNF407	1	0.0028328611898017	EPSTI1	ZNF407
ETV6--SAMD4B	1	0.0028328611898017	ETV6	SAMD4B
EVC2--TBC1D14	1	0.0028328611898017	EVC2	TBC1D14
EWSR1--SELM	1	0.0028328611898017	EWSR1	SELM
EXOSC10--MTOR	1	0.0028328611898017	EXOSC10	MTOR
EXT1--SAMD12	1	0.0028328611898017	EXT1	SAMD12
EXTL3--RBPMS	1	0.0028328611898017	EXTL3	RBPMS
EYA1--RP11-1102P16.1	1	0.0028328611898017	EYA1	RP11-1102P16.1
EYS--ADAM9	1	0.0028328611898017	EYS	ADAM9
EYS--FILIP1	1	0.0028328611898017	EYS	FILIP1
ELF2--NDUFC1	1	0.0028328611898017	ELF2	NDUFC1
HK1--TSPAN15	1	0.0028328611898017	HK1	TSPAN15
HKR1--AC074286.1	1	0.0028328611898017	HKR1	AC074286.1
HLA-J--HLA-S	1	0.0028328611898017	HLA-J	HLA-S
HLTF--IQCJ	1	0.0028328611898017	HLTF	IQCJ
HM13--TPX2	1	0.0028328611898017	HM13	TPX2
HN1--GGA3	1	0.0028328611898017	HN1	GGA3
HN1--GRB2	1	0.0028328611898017	HN1	GRB2
HNRNPK--ABCA1	1	0.0028328611898017	HNRNPK	ABCA1
HNRNPUL2--WDR74	1	0.0028328611898017	HNRNPUL2	WDR74
HP--ALB	1	0.0028328611898017	HP	ALB
HPCA--ADC	1	0.0028328611898017	HPCA	ADC
GANAB--UBXN1	1	0.0028328611898017	GANAB	UBXN1
HRG--ST6GAL1	1	0.0028328611898017	HRG	ST6GAL1
HSD11B1--AMACR	1	0.0028328611898017	HSD11B1	AMACR
HSD17B11--FARS2	1	0.0028328611898017	HSD17B11	FARS2
HTT--DOK7	1	0.0028328611898017	HTT	DOK7
IARS2--DCAF17	1	0.0028328611898017	IARS2	DCAF17
IFNL1--CTB-129P6.11	1	0.0028328611898017	IFNL1	CTB-129P6.11
IFT172--RBKS	1	0.0028328611898017	IFT172	RBKS
IGSF23--PPP1R37	1	0.0028328611898017	IGSF23	PPP1R37
IKBKB--HOOK3	1	0.0028328611898017	IKBKB	HOOK3
ILF3--C19orf38	1	0.0028328611898017	ILF3	C19orf38
ILF3--DNM2	1	0.0028328611898017	ILF3	DNM2
INADL--NEGR1	1	0.0028328611898017	INADL	NEGR1
HPSE2--PARP4	1	0.0028328611898017	HPSE2	PARP4
GAS6-AS1--SMARCB1	1	0.0028328611898017	GAS6-AS1	SMARCB1
GBE1--SRP19	1	0.0028328611898017	GBE1	SRP19
GBF1--NKD2	1	0.0028328611898017	GBF1	NKD2
GCKR--ZNF512	1	0.0028328611898017	GCKR	ZNF512
GFOD1--RANBP9	1	0.0028328611898017	GFOD1	RANBP9
GIPC1--ILVBL	1	0.0028328611898017	GIPC1	ILVBL
GK5--XRN1	1	0.0028328611898017	GK5	XRN1
GLB1L--TUBA4A	1	0.0028328611898017	GLB1L	TUBA4A
GLO1--LMBRD1	1	0.0028328611898017	GLO1	LMBRD1
GLUD1--FAM167A	1	0.0028328611898017	GLUD1	FAM167A
GNB5--SLCO3A1	1	0.0028328611898017	GNB5	SLCO3A1
GNL3--GLT8D1	1	0.0028328611898017	GNL3	GLT8D1
HIAT1--NOTO	1	0.0028328611898017	HIAT1	NOTO
GRB2--GALK1	1	0.0028328611898017	GRB2	GALK1
GREB1L--ESCO1	1	0.0028328611898017	GREB1L	ESCO1
GRIK5--CTB-171A8.1	1	0.0028328611898017	GRIK5	CTB-171A8.1
GRIK5--VASP	1	0.0028328611898017	GRIK5	VASP
GTF2F1--SIPA1L3	1	0.0028328611898017	GTF2F1	SIPA1L3
GXYLT2--PPP4R2	1	0.0028328611898017	GXYLT2	PPP4R2
H2AFY2--CDH23	1	0.0028328611898017	H2AFY2	CDH23
H6PD--SPSB1	1	0.0028328611898017	H6PD	SPSB1
HAT1--SPATS2L	1	0.0028328611898017	HAT1	SPATS2L
HDAC5--SLC25A39	1	0.0028328611898017	HDAC5	SLC25A39
HERC1--DAPK2	1	0.0028328611898017	HERC1	DAPK2
HERC4--GATM	1	0.0028328611898017	HERC4	GATM
GPR31--RNF38	1	0.0028328611898017	GPR31	RNF38
