fusion	count	sample_fraction	gene_left	gene_right	samples_thousg_mage_short_read_rna	frac_samples_thousg_mage_short_read_rna
PARGP1--TIMM23	725	0.9477124183006536	PARGP1	TIMM23	767	1.0
LEPR--LEPROT	643	0.8405228758169935	LEPR	LEPROT	754	0.9830508474576272
KLF16--OAZ1	321	0.4196078431372549	KLF16	OAZ1	693	0.9035202086049544
EIF5A--EIF4A1	287	0.37516339869281046	EIF5A	EIF4A1	727	0.9478487614080835
PTMA--ACTB	191	0.2496732026143791	PTMA	ACTB	766	0.9986962190352021
SRSF1--DDX5	154	0.20130718954248367	SRSF1	DDX5	605	0.788787483702738
POLE--ANKLE2	152	0.19869281045751633	POLE	ANKLE2	576	0.7509778357235984
DOT1L--OAZ1	137	0.17908496732026144	DOT1L	OAZ1	686	0.894393741851369
OAZ1--PTMA	136	0.17777777777777778	OAZ1	PTMA	695	0.9061277705345502
KANSL1--ARL17A	134	0.17516339869281045	KANSL1	ARL17A	349	0.455019556714472
NCOR2--UBC	119	0.15555555555555556	NCOR2	UBC	691	0.9009126466753585
BSG--RNF126	117	0.15294117647058825	BSG	RNF126	660	0.8604954367666232
AC005062.2--MACC1	102	0.13333333333333333	AC005062.2	MACC1	753	0.9817470664928292
RPA3-AS1--GLCCI1	98	0.12810457516339868	RPA3-AS1	GLCCI1	767	1.0
ACTB--FSCN1	97	0.12679738562091503	ACTB	FSCN1	701	0.9139504563233377
VTI1A--RP11-57H14.3	82	0.10718954248366012	VTI1A	RP11-57H14.3	422	0.5501955671447197
AKAP13--TRIM60	78	0.10196078431372549	AKAP13	TRIM60	620	0.8083441981747066
RAB38--CTSC	78	0.10196078431372549	RAB38	CTSC	485	0.6323337679269883
EIF4A1--PTMA	70	0.0915032679738562	EIF4A1	PTMA	655	0.8539765319426337
KLHL36--USP10	69	0.09019607843137255	KLHL36	USP10	507	0.6610169491525424
ZEB1--HNRNPF	68	0.08888888888888889	ZEB1	HNRNPF	518	0.6753585397653195
PIM3--SCO2	68	0.08888888888888889	PIM3	SCO2	516	0.6727509778357236
DAZAP1--OAZ1	66	0.08627450980392157	DAZAP1	OAZ1	564	0.7353324641460235
OAZ1--ACTB	60	0.0784313725490196	OAZ1	ACTB	720	0.9387222946544981
MAFK--ACTB	60	0.0784313725490196	MAFK	ACTB	680	0.8865710560625815
EIF4A1--ACTB	51	0.06666666666666667	EIF4A1	ACTB	732	0.954367666232073
NUDT3--RPS10	50	0.06535947712418301	NUDT3	RPS10	528	0.6883963494132985
YWHAE--CRK	48	0.06274509803921569	YWHAE	CRK	482	0.6284224250325945
C15orf57--CBX3	48	0.06274509803921569	C15orf57	CBX3	697	0.9087353324641461
ACTB--RNF216	47	0.06143790849673202	ACTB	RNF216	731	0.9530638852672751
RAB2A--KCNS2	46	0.06013071895424837	RAB2A	KCNS2	46	0.05997392438070404
KANSL1--ARL17B	46	0.06013071895424837	KANSL1	ARL17B	358	0.4667535853976532
NUTM2A-AS1--MINPP1	43	0.05620915032679739	NUTM2A-AS1	MINPP1	87	0.11342894393741851
BSG--PTBP1	42	0.054901960784313725	BSG	PTBP1	654	0.8526727509778357
SET--FNBP1	42	0.054901960784313725	SET	FNBP1	519	0.6766623207301173
USP12--HMGB1	40	0.05228758169934641	USP12	HMGB1	438	0.5710560625814863
RNF126--PTBP1	38	0.04967320261437908	RNF126	PTBP1	679	0.8852672750977836
PARGP1--TIMM23B	37	0.048366013071895426	PARGP1	TIMM23B	767	1.0
SIK1--ACTB	35	0.0457516339869281	SIK1	ACTB	586	0.7640156453715776
SETD1A--FUS	35	0.0457516339869281	SETD1A	FUS	418	0.5449804432855281
TCF3--OAZ1	32	0.04183006535947712	TCF3	OAZ1	439	0.5723598435462842
NCL--PTMA	31	0.040522875816993466	NCL	PTMA	721	0.940026075619296
TPM4--KLF2	31	0.040522875816993466	TPM4	KLF2	378	0.49282920469361147
EIF4A1--DDX5	31	0.040522875816993466	EIF4A1	DDX5	495	0.6453715775749674
PTMA--IRF4	30	0.0392156862745098	PTMA	IRF4	612	0.7979139504563233
ITM2C--PTMA	29	0.03790849673202614	ITM2C	PTMA	528	0.6883963494132985
C5orf56--RAD50	29	0.03790849673202614	C5orf56	RAD50	504	0.6571056062581486
PTP4A1--EEF1A1	29	0.03790849673202614	PTP4A1	EEF1A1	562	0.7327249022164276
ZC3H3--EEF1D	28	0.036601307189542485	ZC3H3	EEF1D	474	0.6179921773142112
SOCS5--AC016722.2	27	0.03529411764705882	SOCS5	AC016722.2	455	0.5932203389830508
CSNK1G2--OAZ1	27	0.03529411764705882	CSNK1G2	OAZ1	420	0.5475880052151239
HMGN2--PTMA	26	0.03398692810457516	HMGN2	PTMA	538	0.7014341590612777
TIMM23--AGAP6	26	0.03398692810457516	TIMM23	AGAP6	658	0.8578878748370273
CYTH1--USP36	24	0.03137254901960784	CYTH1	USP36	405	0.5280312907431551
CTC-786C10.1--RP11-680G10.1	23	0.030065359477124184	CTC-786C10.1	RP11-680G10.1	36	0.0469361147327249
PRKCH--RP11-47I22.3	22	0.02875816993464052	PRKCH	RP11-47I22.3	300	0.39113428943937417
CARKD--ING1	22	0.02875816993464052	CARKD	ING1	394	0.5136897001303781
TPM4--PTMA	22	0.02875816993464052	TPM4	PTMA	549	0.7157757496740548
POM121C--ZP3	21	0.027450980392156862	POM121C	ZP3	147	0.19165580182529335
OAZ1--IRF4	20	0.026143790849673203	OAZ1	IRF4	411	0.5358539765319427
OAZ1--RAC2	20	0.026143790849673203	OAZ1	RAC2	363	0.47327249022164275
WAC--ZEB1	19	0.02483660130718954	WAC	ZEB1	351	0.4576271186440678
ACTB--SET	19	0.02483660130718954	ACTB	SET	572	0.7457627118644068
SRGAP3--RP11-380O24.1	19	0.02483660130718954	SRGAP3	RP11-380O24.1	472	0.6153846153846154
B2M--IRF4	18	0.023529411764705882	B2M	IRF4	501	0.6531942633637549
B3GNT2--EHBP1	17	0.022222222222222223	B3GNT2	EHBP1	308	0.4015645371577575
KLHL3--RP11-381K20.2	17	0.022222222222222223	KLHL3	RP11-381K20.2	521	0.6792698826597132
VEGFA--TMEM63B	17	0.022222222222222223	VEGFA	TMEM63B	303	0.39504563233376794
POLE--FUS	16	0.02091503267973856	POLE	FUS	288	0.3754889178617992
PTMA--PPARGC1B	16	0.02091503267973856	PTMA	PPARGC1B	426	0.5554106910039114
RABL6--EDF1	16	0.02091503267973856	RABL6	EDF1	422	0.5501955671447197
RNF126--OAZ1	16	0.02091503267973856	RNF126	OAZ1	445	0.5801825293350718
YAF2--RYBP	15	0.0196078431372549	YAF2	RYBP	346	0.4511082138200782
BMS1--PARG	15	0.0196078431372549	BMS1	PARG	20	0.02607561929595828
PI4KA--HIC2	15	0.0196078431372549	PI4KA	HIC2	437	0.5697522816166884
KLF10--AZIN1	14	0.018300653594771243	KLF10	AZIN1	346	0.4511082138200782
OAZ1--SET	13	0.01699346405228758	OAZ1	SET	370	0.48239895697522817
EEF1A1--SYNCRIP	13	0.01699346405228758	EEF1A1	SYNCRIP	522	0.6805736636245111
PLXNB2--SCO2	13	0.01699346405228758	PLXNB2	SCO2	404	0.5267275097783573
SF1--CFL1	12	0.01568627450980392	SF1	CFL1	400	0.5215123859191656
NOC4L--FBRSL1	12	0.01568627450980392	NOC4L	FBRSL1	574	0.7483702737940026
DDX5--HNRNPH1	12	0.01568627450980392	DDX5	HNRNPH1	243	0.31681877444589307
EIF4A1--SET	12	0.01568627450980392	EIF4A1	SET	274	0.35723598435462844
IRF4--ACTB	12	0.01568627450980392	IRF4	ACTB	663	0.864406779661017
DDX5--EEF1A1	12	0.01568627450980392	DDX5	EEF1A1	634	0.8265971316818774
OAZ1--SGTA	12	0.01568627450980392	OAZ1	SGTA	436	0.5684485006518905
PTMA--SIK1	11	0.01437908496732026	PTMA	SIK1	369	0.4810951760104302
HMGB1--N4BP2L1	11	0.01437908496732026	HMGB1	N4BP2L1	274	0.35723598435462844
YWHAE--PITPNA	11	0.01437908496732026	YWHAE	PITPNA	402	0.5241199478487614
HMGN2--ACTB	11	0.01437908496732026	HMGN2	ACTB	667	0.8696219035202086
TPM4--ACTB	10	0.013071895424836602	TPM4	ACTB	564	0.7353324641460235
SBNO1--SETD8	10	0.013071895424836602	SBNO1	SETD8	354	0.46153846153846156
RP11-505E24.2--CHSY1	10	0.013071895424836602	RP11-505E24.2	CHSY1	360	0.46936114732724904
YWHAZ--ZNF706	10	0.013071895424836602	YWHAZ	ZNF706	410	0.5345501955671447
PTMA--FNBP1	10	0.013071895424836602	PTMA	FNBP1	502	0.6544980443285529
EIF4A1--IRF4	10	0.013071895424836602	EIF4A1	IRF4	376	0.49022164276401564
DDX5--SET	10	0.013071895424836602	DDX5	SET	325	0.423728813559322
BMI1--ZEB1	9	0.011764705882352941	BMI1	ZEB1	310	0.4041720990873533
PTBP1--OAZ1	9	0.011764705882352941	PTBP1	OAZ1	427	0.5567144719687093
DDX5--ACTB	9	0.011764705882352941	DDX5	ACTB	610	0.7953063885267275
DDX5--IRF4	9	0.011764705882352941	DDX5	IRF4	337	0.439374185136897
TMEM18--PTMA	8	0.01045751633986928	TMEM18	PTMA	364	0.4745762711864407
PTP4A1--SYNCRIP	8	0.01045751633986928	PTP4A1	SYNCRIP	282	0.36766623207301175
AP3S1--AQPEP	8	0.01045751633986928	AP3S1	AQPEP	316	0.41199478487614083
KLF16--CSNK1G2	8	0.01045751633986928	KLF16	CSNK1G2	220	0.28683181225554105
LRRC8B--LRRC8C	8	0.01045751633986928	LRRC8B	LRRC8C	267	0.34810951760104303
DDX5--PTMA	8	0.01045751633986928	DDX5	PTMA	535	0.6975228161668839
PTMA--BOP1	8	0.01045751633986928	PTMA	BOP1	308	0.4015645371577575
G3BP2--CCNG2	7	0.009150326797385621	G3BP2	CCNG2	157	0.2046936114732725
CALM2--PTMA	7	0.009150326797385621	CALM2	PTMA	419	0.546284224250326
FASN--ACTB	7	0.009150326797385621	FASN	ACTB	467	0.6088657105606258
SERPINB9--RIPK1	7	0.009150326797385621	SERPINB9	RIPK1	270	0.3520208604954368
RP11-1151B14.4--MALT1	7	0.009150326797385621	RP11-1151B14.4	MALT1	33	0.04302477183833116
RAC2--ACTB	7	0.009150326797385621	RAC2	ACTB	489	0.6375488917861799
PLEKHO1--ANP32E	7	0.009150326797385621	PLEKHO1	ANP32E	329	0.42894393741851367
SLC16A3--METRNL	7	0.009150326797385621	SLC16A3	METRNL	320	0.4172099087353325
FAM60A--DENND5B	7	0.009150326797385621	FAM60A	DENND5B	243	0.31681877444589307
LIMD2--OAZ1	7	0.009150326797385621	LIMD2	OAZ1	307	0.4002607561929596
CNN2--PTMA	7	0.009150326797385621	CNN2	PTMA	307	0.4002607561929596
CCDC41--TMCC3	7	0.009150326797385621	CCDC41	TMCC3	269	0.35071707953063885
COTL1--KLHL36	7	0.009150326797385621	COTL1	KLHL36	313	0.40808344198174706
DHX40--KPNA2	6	0.00784313725490196	DHX40	KPNA2	27	0.035202086049543675
MBP--PQLC1	6	0.00784313725490196	MBP	PQLC1	189	0.24641460234680573
EIF4A1--OAZ1	6	0.00784313725490196	EIF4A1	OAZ1	366	0.4771838331160365
DHRS4-AS1--NRL	6	0.00784313725490196	DHRS4-AS1	NRL	3	0.003911342894393742
GPR128--TFG	6	0.00784313725490196	GPR128	TFG	17	0.02216427640156454
YWHAZ--KLF10	6	0.00784313725490196	YWHAZ	KLF10	349	0.455019556714472
OAZ1--SCO2	6	0.00784313725490196	OAZ1	SCO2	313	0.40808344198174706
TBC1D3F--NPEPPS	6	0.00784313725490196	TBC1D3F	NPEPPS	378	0.49282920469361147
SUMO3--SLC19A1	6	0.00784313725490196	SUMO3	SLC19A1	275	0.35853976531942633
SET--EDF1	6	0.00784313725490196	SET	EDF1	310	0.4041720990873533
SBF1--SCO2	6	0.00784313725490196	SBF1	SCO2	206	0.2685788787483703
CD81--LSP1	6	0.00784313725490196	CD81	LSP1	0	0.0
CFL1--ACTB	6	0.00784313725490196	CFL1	ACTB	660	0.8604954367666232
PTBP1--PTMA	6	0.00784313725490196	PTBP1	PTMA	490	0.6388526727509778
SPTAN1--SET	6	0.00784313725490196	SPTAN1	SET	278	0.3624511082138201
PTBP1--ACTB	5	0.006535947712418301	PTBP1	ACTB	549	0.7157757496740548
NR3C1--PPARGC1B	5	0.006535947712418301	NR3C1	PPARGC1B	191	0.24902216427640156
NSF--LRRC37A3	5	0.006535947712418301	NSF	LRRC37A3	221	0.288135593220339
BSG--PTMA	5	0.006535947712418301	BSG	PTMA	311	0.40547588005215124
C15orf39--SIN3A	5	0.006535947712418301	C15orf39	SIN3A	237	0.3089960886571056
SEPT14--FBXO25	5	0.006535947712418301	SEPT14	FBXO25	347	0.45241199478487615
ADAP1--C7orf50	5	0.006535947712418301	ADAP1	C7orf50	478	0.6232073011734028
DHX34--GLTSCR2	5	0.006535947712418301	DHX34	GLTSCR2	243	0.31681877444589307
YWHAE--SET	5	0.006535947712418301	YWHAE	SET	223	0.2907431551499348
HMGN2--SET	5	0.006535947712418301	HMGN2	SET	204	0.26597131681877445
FUS--ACTB	5	0.006535947712418301	FUS	ACTB	545	0.7105606258148631
OAZ1--LMNB2	5	0.006535947712418301	OAZ1	LMNB2	344	0.4485006518904824
C7orf50--ACTB	5	0.006535947712418301	C7orf50	ACTB	621	0.8096479791395046
CTD-2337A12.1--CAST	5	0.006535947712418301	CTD-2337A12.1	CAST	416	0.5423728813559322
PTBP1--MED16	5	0.006535947712418301	PTBP1	MED16	395	0.5149934810951761
UBQLN1--HNRNPK	5	0.006535947712418301	UBQLN1	HNRNPK	313	0.40808344198174706
CLTC--VMP1	5	0.006535947712418301	CLTC	VMP1	158	0.20599739243807041
C22orf34--SCO2	4	0.00522875816993464	C22orf34	SCO2	162	0.21121251629726207
RP11-680G10.1--GSE1	4	0.00522875816993464	RP11-680G10.1	GSE1	184	0.23989569752281617
UBE2I--UNKL	4	0.00522875816993464	UBE2I	UNKL	333	0.43415906127770537
B2M--SET	4	0.00522875816993464	B2M	SET	397	0.5176010430247718
RMND5A--ANAPC1	4	0.00522875816993464	RMND5A	ANAPC1	346	0.4511082138200782
PTMA--SET	4	0.00522875816993464	PTMA	SET	540	0.7040417209908736
IRF4--PTP4A1	4	0.00522875816993464	IRF4	PTP4A1	231	0.3011734028683181
FUS--DDX5	4	0.00522875816993464	FUS	DDX5	213	0.2777053455019557
ACTG1--FASN	4	0.00522875816993464	ACTG1	FASN	207	0.26988265971316816
ACTB--MKLN1-AS1	4	0.00522875816993464	ACTB	MKLN1-AS1	389	0.5071707953063885
NFATC1--PQLC1	4	0.00522875816993464	NFATC1	PQLC1	433	0.5645371577574967
IRF4--EEF1A1	4	0.00522875816993464	IRF4	EEF1A1	703	0.9165580182529335
HNRNPAB--HNRNPH1	4	0.00522875816993464	HNRNPAB	HNRNPH1	211	0.27509778357235987
GTF2I--GATSL2	4	0.00522875816993464	GTF2I	GATSL2	171	0.22294654498044328
PRCP--RAB30	4	0.00522875816993464	PRCP	RAB30	154	0.20078226857887874
PIK3C2A--CD74	4	0.00522875816993464	PIK3C2A	CD74	163	0.21251629726205998
OAZ1--ZBTB7A	4	0.00522875816993464	OAZ1	ZBTB7A	245	0.3194263363754889
PPP1R12C--ACTB	4	0.00522875816993464	PPP1R12C	ACTB	232	0.30247718383311606
CFL1--PTMA	4	0.00522875816993464	CFL1	PTMA	428	0.5580182529335072
PTBP1--TMEM259	4	0.00522875816993464	PTBP1	TMEM259	375	0.48891786179921776
DDX5--OAZ1	4	0.00522875816993464	DDX5	OAZ1	290	0.37809647979139505
MAFF--CSNK1E	4	0.00522875816993464	MAFF	CSNK1E	235	0.30638852672750977
SBNO2--DAZAP1	4	0.00522875816993464	SBNO2	DAZAP1	275	0.35853976531942633
BTBD2--OAZ1	4	0.00522875816993464	BTBD2	OAZ1	250	0.3259452411994785
ATP6V0C--OAZ1	4	0.00522875816993464	ATP6V0C	OAZ1	269	0.35071707953063885
RCC1--UBE2D2	4	0.00522875816993464	RCC1	UBE2D2	171	0.22294654498044328
SEP15--HS2ST1	4	0.00522875816993464	SEP15	HS2ST1	279	0.363754889178618
BSG--SET	4	0.00522875816993464	BSG	SET	258	0.3363754889178618
ZEB1--SET	3	0.00392156862745098	ZEB1	SET	209	0.27249022164276404
ANP32A--PTMA	3	0.00392156862745098	ANP32A	PTMA	445	0.5801825293350718
UBC--NOC4L	3	0.00392156862745098	UBC	NOC4L	153	0.19947848761408082
TMC6--PTMA	3	0.00392156862745098	TMC6	PTMA	369	0.4810951760104302
ZEB1--B2M	3	0.00392156862745098	ZEB1	B2M	279	0.363754889178618
ADRM1--OGFR	3	0.00392156862745098	ADRM1	OGFR	273	0.3559322033898305
AOAH--ELMO1	3	0.00392156862745098	AOAH	ELMO1	298	0.38852672750977835
SUMO3--ITGB2	3	0.00392156862745098	SUMO3	ITGB2	311	0.40547588005215124
SYNCRIP--ZNF292	3	0.00392156862745098	SYNCRIP	ZNF292	187	0.2438070404172099
TBC1D3C--NPEPPS	3	0.00392156862745098	TBC1D3C	NPEPPS	515	0.6714471968709257
POLE--PGAM5	3	0.00392156862745098	POLE	PGAM5	244	0.318122555410691
PTMA--SAMD10	3	0.00392156862745098	PTMA	SAMD10	321	0.41851368970013036
BEST1--HNRNPA0	3	0.00392156862745098	BEST1	HNRNPA0	662	0.863102998696219
CDKN1A--EEF1A1	3	0.00392156862745098	CDKN1A	EEF1A1	390	0.5084745762711864
PTBP1--SBNO2	3	0.00392156862745098	PTBP1	SBNO2	367	0.4784876140808344
PTMA--EDF1	3	0.00392156862745098	PTMA	EDF1	275	0.35853976531942633
CDKN1A--SET	3	0.00392156862745098	CDKN1A	SET	152	0.1981747066492829
SBNO2--KLF16	3	0.00392156862745098	SBNO2	KLF16	204	0.26597131681877445
BSG--SCO2	3	0.00392156862745098	BSG	SCO2	129	0.1681877444589309
RNF126--SBNO2	3	0.00392156862745098	RNF126	SBNO2	252	0.3285528031290743
RPS15--OAZ1	3	0.00392156862745098	RPS15	OAZ1	254	0.33116036505867014
SF1--OAZ1	3	0.00392156862745098	SF1	OAZ1	231	0.3011734028683181
MAFK--MAD1L1	3	0.00392156862745098	MAFK	MAD1L1	332	0.43285528031290743
PABPC1--YWHAZ	3	0.00392156862745098	PABPC1	YWHAZ	402	0.5241199478487614
PALM--PTBP1	3	0.00392156862745098	PALM	PTBP1	18	0.02346805736636245
PFKL--SUMO3	3	0.00392156862745098	PFKL	SUMO3	233	0.30378096479791394
HSPA12A--RP11-539I5.1	3	0.00392156862745098	HSPA12A	RP11-539I5.1	199	0.25945241199478486
LIMD2--ACTB	3	0.00392156862745098	LIMD2	ACTB	395	0.5149934810951761
MTHFD1L--ZBTB2	3	0.00392156862745098	MTHFD1L	ZBTB2	294	0.3833116036505867
OAZ1--PPP1R12C	3	0.00392156862745098	OAZ1	PPP1R12C	141	0.18383311603650587
HNRNPH1--SET	3	0.00392156862745098	HNRNPH1	SET	235	0.30638852672750977
IRF4--TMEM63B	3	0.00392156862745098	IRF4	TMEM63B	159	0.20730117340286833
IRF4--CDKN1A	3	0.00392156862745098	IRF4	CDKN1A	249	0.3246414602346806
DAZAP1--KLF16	3	0.00392156862745098	DAZAP1	KLF16	212	0.27640156453715775
YWHAE--MYO1C	3	0.00392156862745098	YWHAE	MYO1C	257	0.3350717079530639
EIF4A1--FASN	3	0.00392156862745098	EIF4A1	FASN	198	0.258148631029987
ARF1--GUK1	3	0.00392156862745098	ARF1	GUK1	210	0.2737940026075619
ARL6IP4--ACTB	3	0.00392156862745098	ARL6IP4	ACTB	281	0.3663624511082138
ZEB1--ACTB	3	0.00392156862745098	ZEB1	ACTB	444	0.5788787483702738
ADAP1--ACTB	3	0.00392156862745098	ADAP1	ACTB	448	0.5840938722294654
ACTB--BOP1	3	0.00392156862745098	ACTB	BOP1	242	0.3155149934810952
ACTB--FNBP1	3	0.00392156862745098	ACTB	FNBP1	529	0.6897001303780965
HMGB1--ACTB	2	0.00261437908496732	HMGB1	ACTB	515	0.6714471968709257
NOP2--OAZ1	2	0.00261437908496732	NOP2	OAZ1	97	0.12646675358539766
PTMA--HNRNPH1	2	0.00261437908496732	PTMA	HNRNPH1	424	0.5528031290743155
EIF4ENIF1--PISD	2	0.00261437908496732	EIF4ENIF1	PISD	185	0.24119947848761408
PTMA--HNRNPA2B1	2	0.00261437908496732	PTMA	HNRNPA2B1	449	0.5853976531942634
FUS--PTMA	2	0.00261437908496732	FUS	PTMA	302	0.39374185136897
CPSF6--PTMA	2	0.00261437908496732	CPSF6	PTMA	266	0.3468057366362451
ZEB1--IRF4	2	0.00261437908496732	ZEB1	IRF4	168	0.21903520208604954
ZEB1--PTMA	2	0.00261437908496732	ZEB1	PTMA	249	0.3246414602346806
ABAT--PMM2	2	0.00261437908496732	ABAT	PMM2	29	0.03780964797913951
SREBF2--SET	2	0.00261437908496732	SREBF2	SET	156	0.2033898305084746
ANKLE2--P2RY8	2	0.00261437908496732	ANKLE2	P2RY8	37	0.048239895697522815
SREBF2--ACTB	2	0.00261437908496732	SREBF2	ACTB	345	0.4498044328552803
EIF4G2--PTMA	2	0.00261437908496732	EIF4G2	PTMA	365	0.4758800521512386
SPN--QPRT	2	0.00261437908496732	SPN	QPRT	767	1.0
CNN2--ACTB	2	0.00261437908496732	CNN2	ACTB	304	0.3963494132985658
LARS2--LIMD1	2	0.00261437908496732	LARS2	LIMD1	275	0.35853976531942633
B2M--ANP32A	2	0.00261437908496732	B2M	ANP32A	264	0.34419817470664926
RPS3--UBB	2	0.00261437908496732	RPS3	UBB	230	0.29986962190352023
EIF4G2--DDX5	2	0.00261437908496732	EIF4G2	DDX5	224	0.2920469361147327
CXXC5--NR3C1	2	0.00261437908496732	CXXC5	NR3C1	158	0.20599739243807041
MFSD10--ACTB	2	0.00261437908496732	MFSD10	ACTB	232	0.30247718383311606
HMGB1--B2M	2	0.00261437908496732	HMGB1	B2M	307	0.4002607561929596
SFSWAP--NOC4L	2	0.00261437908496732	SFSWAP	NOC4L	216	0.2816166883963494
INPP5E--SEC16A	2	0.00261437908496732	INPP5E	SEC16A	18	0.02346805736636245
ATP6V0C--SRRM2	2	0.00261437908496732	ATP6V0C	SRRM2	199	0.25945241199478486
DAZAP1--C19orf25	2	0.00261437908496732	DAZAP1	C19orf25	250	0.3259452411994785
SAMD10--ACTB	2	0.00261437908496732	SAMD10	ACTB	409	0.5332464146023468
SS18L1--ADRM1	2	0.00261437908496732	SS18L1	ADRM1	219	0.28552803129074317
REXO1--KLF16	2	0.00261437908496732	REXO1	KLF16	255	0.3324641460234681
RCC1--SNX5	2	0.00261437908496732	RCC1	SNX5	209	0.27249022164276404
HNRNPK--SET	2	0.00261437908496732	HNRNPK	SET	243	0.31681877444589307
SAV1--GYPE	2	0.00261437908496732	SAV1	GYPE	171	0.22294654498044328
EZH2--ZNF777	2	0.00261437908496732	EZH2	ZNF777	207	0.26988265971316816
TKTL1--FLNA	2	0.00261437908496732	TKTL1	FLNA	38	0.04954367666232073
C7orf50--MAFK	2	0.00261437908496732	C7orf50	MAFK	329	0.42894393741851367
SPDEF--C6orf106	2	0.00261437908496732	SPDEF	C6orf106	56	0.07301173402868318
RNF126--DAZAP1	2	0.00261437908496732	RNF126	DAZAP1	237	0.3089960886571056
RNF125--RNF138	2	0.00261437908496732	RNF125	RNF138	28	0.03650586701434159
SMG1--RP11-231C14.4	2	0.00261437908496732	SMG1	RP11-231C14.4	505	0.6584093872229465
RCC1--SRP9	2	0.00261437908496732	RCC1	SRP9	177	0.23076923076923078
SF1--YWHAE	2	0.00261437908496732	SF1	YWHAE	75	0.09778357235984354
ACAD10--MAPKAPK5	2	0.00261437908496732	ACAD10	MAPKAPK5	24	0.03129074315514994
TMEM255B--GAS6-AS1	2	0.00261437908496732	TMEM255B	GAS6-AS1	10	0.01303780964797914
ARID3A--SBNO2	2	0.00261437908496732	ARID3A	SBNO2	143	0.1864406779661017
BRD1--PIM3	2	0.00261437908496732	BRD1	PIM3	211	0.27509778357235987
PTMA--C7orf50	2	0.00261437908496732	PTMA	C7orf50	274	0.35723598435462844
MYO19--GGNBP2	2	0.00261437908496732	MYO19	GGNBP2	40	0.05215123859191656
EIF4A1--LRCH4	2	0.00261437908496732	EIF4A1	LRCH4	180	0.23468057366362452
GOLM1--ISCA1	2	0.00261437908496732	GOLM1	ISCA1	166	0.21642764015645372
MYH9--RAC2	2	0.00261437908496732	MYH9	RAC2	272	0.3546284224250326
SF3A2--OAZ1	2	0.00261437908496732	SF3A2	OAZ1	209	0.27249022164276404
PTMA--MKLN1-AS1	2	0.00261437908496732	PTMA	MKLN1-AS1	346	0.4511082138200782
EEF1A1--PABPC1	2	0.00261437908496732	EEF1A1	PABPC1	706	0.9204693611473272
NARS2--TENM4	2	0.00261437908496732	NARS2	TENM4	6	0.007822685788787484
PTMA--KLF10	2	0.00261437908496732	PTMA	KLF10	236	0.3076923076923077
EIF1B--PABPC1	2	0.00261437908496732	EIF1B	PABPC1	180	0.23468057366362452
GEMIN4--YWHAE	2	0.00261437908496732	GEMIN4	YWHAE	88	0.11473272490221642
GPX4--SBNO2	2	0.00261437908496732	GPX4	SBNO2	214	0.2790091264667536
PTMA--ING5	2	0.00261437908496732	PTMA	ING5	283	0.36897001303780963
SUN1--C7orf50	2	0.00261437908496732	SUN1	C7orf50	370	0.48239895697522817
TXNDC5--BLOC1S5	2	0.00261437908496732	TXNDC5	BLOC1S5	639	0.833116036505867
OAZ1--SIK1	2	0.00261437908496732	OAZ1	SIK1	192	0.2503259452411995
B2M--GNAS	2	0.00261437908496732	B2M	GNAS	342	0.44589308996088656
CFL1--SET	2	0.00261437908496732	CFL1	SET	118	0.15384615384615385
RNF126--PTMA	2	0.00261437908496732	RNF126	PTMA	285	0.37157757496740546
OCLN--NAIP	2	0.00261437908496732	OCLN	NAIP	135	0.1760104302477184
RNF126--TMEM259	2	0.00261437908496732	RNF126	TMEM259	161	0.20990873533246415
SCAMP4--OAZ1	2	0.00261437908496732	SCAMP4	OAZ1	256	0.33376792698826596
B2M--ACTB	2	0.00261437908496732	B2M	ACTB	687	0.8956975228161669
BSG--ACTB	2	0.00261437908496732	BSG	ACTB	439	0.5723598435462842
YWHAE--EIF5A	2	0.00261437908496732	YWHAE	EIF5A	150	0.19556714471968709
HMGB1--PTMA	2	0.00261437908496732	HMGB1	PTMA	485	0.6323337679269883
OAZ1--FKBP8	2	0.00261437908496732	OAZ1	FKBP8	134	0.17470664928292046
OAZ1--EEF1A1	2	0.00261437908496732	OAZ1	EEF1A1	558	0.727509778357236
VPS33A--CLIP1	2	0.00261437908496732	VPS33A	CLIP1	26	0.03389830508474576
KLF13--B2M	2	0.00261437908496732	KLF13	B2M	213	0.2777053455019557
ASMTL--P2RY8	2	0.00261437908496732	ASMTL	P2RY8	245	0.3194263363754889
PTBP1--KLF16	2	0.00261437908496732	PTBP1	KLF16	216	0.2816166883963494
HMGN2--IRF4	2	0.00261437908496732	HMGN2	IRF4	232	0.30247718383311606
BSG--KLF16	2	0.00261437908496732	BSG	KLF16	195	0.2542372881355932
SBNO2--PTMA	2	0.00261437908496732	SBNO2	PTMA	260	0.3389830508474576
B2M--DDX5	1	0.00130718954248366	B2M	DDX5	305	0.39765319426336376
B2M--CHMP1A	1	0.00130718954248366	B2M	CHMP1A	23	0.02998696219035202
ATF3--PTMA	1	0.00130718954248366	ATF3	PTMA	175	0.22816166883963493
ATG4D--SLC5A5	1	0.00130718954248366	ATG4D	SLC5A5	1	0.001303780964797914
ATP6V0C--ACTB	1	0.00130718954248366	ATP6V0C	ACTB	307	0.4002607561929596
B2M--C15orf39	1	0.00130718954248366	B2M	C15orf39	201	0.2620599739243807
ATP6V0C--CDKN1A	1	0.00130718954248366	ATP6V0C	CDKN1A	44	0.05736636245110821
SFPQ--HIF1A	1	0.00130718954248366	SFPQ	HIF1A	30	0.03911342894393742
SFMBT1--PRKCD	1	0.00130718954248366	SFMBT1	PRKCD	45	0.05867014341590613
SF1--POLA2	1	0.00130718954248366	SF1	POLA2	5	0.00651890482398957
SF1--IRF4	1	0.00130718954248366	SF1	IRF4	149	0.19426336375488917
SF1--EIF4A1	1	0.00130718954248366	SF1	EIF4A1	240	0.31290743155149936
RNPC3--TAF1D	1	0.00130718954248366	RNPC3	TAF1D	224	0.2920469361147327
RNF166--ACTB	1	0.00130718954248366	RNF166	ACTB	102	0.13298565840938723
RNF126--POLR2E	1	0.00130718954248366	RNF126	POLR2E	70	0.09126466753585398
RP5-940J5.9--RPS9	1	0.00130718954248366	RP5-940J5.9	RPS9	272	0.3546284224250326
RP5-886K2.3--CDC6	1	0.00130718954248366	RP5-886K2.3	CDC6	1	0.001303780964797914
RP5-882C2.2--BSG	1	0.00130718954248366	RP5-882C2.2	BSG	39	0.05084745762711865
ATP9B--NFATC1	1	0.00130718954248366	ATP9B	NFATC1	61	0.07953063885267275
RP11-499P20.2--NSUN6	1	0.00130718954248366	RP11-499P20.2	NSUN6	110	0.14341590612777053
BOP1--RPL8	1	0.00130718954248366	BOP1	RPL8	116	0.15123859191655803
C11orf54--RNASET2	1	0.00130718954248366	C11orf54	RNASET2	3	0.003911342894393742
C10orf137--BCCIP	1	0.00130718954248366	C10orf137	BCCIP	10	0.01303780964797914
BTLA--SETX	1	0.00130718954248366	BTLA	SETX	1	0.001303780964797914
BSG--RAC2	1	0.00130718954248366	BSG	RAC2	82	0.10691003911342895
C4orf32--AP1AR	1	0.00130718954248366	C4orf32	AP1AR	9	0.011734028683181226
C22orf34--BRD1	1	0.00130718954248366	C22orf34	BRD1	167	0.21773142112125163
C19orf24--OAZ1	1	0.00130718954248366	C19orf24	OAZ1	184	0.23989569752281617
C19orf24--DAZAP1	1	0.00130718954248366	C19orf24	DAZAP1	55	0.07170795306388526
C16orf96--MGRN1	1	0.00130718954248366	C16orf96	MGRN1	9	0.011734028683181226
ATP6V0C--PDPK1	1	0.00130718954248366	ATP6V0C	PDPK1	148	0.19295958279009126
ATP6V0C--FUS	1	0.00130718954248366	ATP6V0C	FUS	169	0.22033898305084745
RP11-381K20.2--NME5	1	0.00130718954248366	RP11-381K20.2	NME5	2	0.002607561929595828
PTBP1--SET	1	0.00130718954248366	PTBP1	SET	246	0.32073011734028684
PTMA--HNRNPAB	1	0.00130718954248366	PTMA	HNRNPAB	204	0.26597131681877445
PTMA--DUSP4	1	0.00130718954248366	PTMA	DUSP4	209	0.27249022164276404
PTMA--CDKN1A	1	0.00130718954248366	PTMA	CDKN1A	324	0.42242503259452413
CARD11--AC073316.1	1	0.00130718954248366	CARD11	AC073316.1	1	0.001303780964797914
CDK17--UBC	1	0.00130718954248366	CDK17	UBC	49	0.06388526727509779
CDC16--UPF3A	1	0.00130718954248366	CDC16	UPF3A	15	0.01955671447196871
CD81--PPP1R12C	1	0.00130718954248366	CD81	PPP1R12C	8	0.010430247718383311
CD70--PABPC1	1	0.00130718954248366	CD70	PABPC1	103	0.13428943937418514
CD46--ENTPD4	1	0.00130718954248366	CD46	ENTPD4	3	0.003911342894393742
CD44--BIN2	1	0.00130718954248366	CD44	BIN2	2	0.002607561929595828
CCT3--SLC35A5	1	0.00130718954248366	CCT3	SLC35A5	1	0.001303780964797914
CFL1--FOSL1	1	0.00130718954248366	CFL1	FOSL1	152	0.1981747066492829
RCC1--MS4A1	1	0.00130718954248366	RCC1	MS4A1	54	0.07040417209908735
CELF2--EVL	1	0.00130718954248366	CELF2	EVL	13	0.01694915254237288
CDKN1A--ACTB	1	0.00130718954248366	CDKN1A	ACTB	363	0.47327249022164275
BIRC2--TMEM123	1	0.00130718954248366	BIRC2	TMEM123	150	0.19556714471968709
BCLAF1--LTV1	1	0.00130718954248366	BCLAF1	LTV1	10	0.01303780964797914
BCL2L11--PTMA	1	0.00130718954248366	BCL2L11	PTMA	274	0.35723598435462844
BAZ1A--NFKBIA	1	0.00130718954248366	BAZ1A	NFKBIA	31	0.04041720990873533
BAZ1A--ATP6V0C	1	0.00130718954248366	BAZ1A	ATP6V0C	53	0.06910039113428944
BSG--IRF4	1	0.00130718954248366	BSG	IRF4	120	0.15645371577574968
BSG--DAZAP1	1	0.00130718954248366	BSG	DAZAP1	191	0.24902216427640156
PTMA--PCED1A	1	0.00130718954248366	PTMA	PCED1A	106	0.13820078226857888
PTMA--MYH9	1	0.00130718954248366	PTMA	MYH9	362	0.47196870925684486
PTMA--LRCH4	1	0.00130718954248366	PTMA	LRCH4	248	0.32333767926988266
PTMA--IRF1	1	0.00130718954248366	PTMA	IRF1	84	0.10951760104302477
PTMA--WDR6	1	0.00130718954248366	PTMA	WDR6	177	0.23076923076923078
CFL1--EIF4A1	1	0.00130718954248366	CFL1	EIF4A1	266	0.3468057366362451
ATP6V1E1--PITPNB	1	0.00130718954248366	ATP6V1E1	PITPNB	5	0.00651890482398957
RP11-31F15.1--LRIG2	1	0.00130718954248366	RP11-31F15.1	LRIG2	82	0.10691003911342895
RPL37A--IGFBP2	1	0.00130718954248366	RPL37A	IGFBP2	166	0.21642764015645372
RPL36--PTMA	1	0.00130718954248366	RPL36	PTMA	245	0.3194263363754889
RPL31--FSBP	1	0.00130718954248366	RPL31	FSBP	5	0.00651890482398957
RPL18A--PTMA	1	0.00130718954248366	RPL18A	PTMA	366	0.4771838331160365
RPL14--MLLT3	1	0.00130718954248366	RPL14	MLLT3	639	0.833116036505867
SAP130--IRF4	1	0.00130718954248366	SAP130	IRF4	22	0.028683181225554105
RUNX3--CCNE1	1	0.00130718954248366	RUNX3	CCNE1	1	0.001303780964797914
RAC2--PIM3	1	0.00130718954248366	RAC2	PIM3	118	0.15384615384615385
RAC2--PACSIN2	1	0.00130718954248366	RAC2	PACSIN2	49	0.06388526727509779
PTRH1--SH2D3C	1	0.00130718954248366	PTRH1	SH2D3C	25	0.03259452411994785
SET--PKN3	1	0.00130718954248366	SET	PKN3	245	0.3194263363754889
PTMA--ADAP1	1	0.00130718954248366	PTMA	ADAP1	235	0.30638852672750977
RCC1--KLK1	1	0.00130718954248366	RCC1	KLK1	127	0.16558018252933507
RCC1--FOCAD	1	0.00130718954248366	RCC1	FOCAD	13	0.01694915254237288
RCC1--EEF1D	1	0.00130718954248366	RCC1	EEF1D	134	0.17470664928292046
RBAK--PMS2	1	0.00130718954248366	RBAK	PMS2	87	0.11342894393741851
RAF1--TMEM40	1	0.00130718954248366	RAF1	TMEM40	7	0.009126466753585397
RAC2--SREBF2	1	0.00130718954248366	RAC2	SREBF2	137	0.17861799217731422
RER1--MAFF	1	0.00130718954248366	RER1	MAFF	2	0.002607561929595828
RCC1--USP3	1	0.00130718954248366	RCC1	USP3	13	0.01694915254237288
RCC1--RPS4X	1	0.00130718954248366	RCC1	RPS4X	23	0.02998696219035202
RCC1--RBM5	1	0.00130718954248366	RCC1	RBM5	9	0.011734028683181226
RCC1--PPP3CC	1	0.00130718954248366	RCC1	PPP3CC	14	0.018252933507170794
RNF126--MED16	1	0.00130718954248366	RNF126	MED16	272	0.3546284224250326
RNF126--KLF16	1	0.00130718954248366	RNF126	KLF16	119	0.15514993481095177
REXO1--OAZ1	1	0.00130718954248366	REXO1	OAZ1	162	0.21121251629726207
RCC1--MEF2C	1	0.00130718954248366	RCC1	MEF2C	34	0.04432855280312908
ANP32A--RAC2	1	0.00130718954248366	ANP32A	RAC2	80	0.10430247718383312
ABI1--KAT6A	1	0.00130718954248366	ABI1	KAT6A	2	0.002607561929595828
ANP32A--PKM	1	0.00130718954248366	ANP32A	PKM	161	0.20990873533246415
AMFR--NUDT21	1	0.00130718954248366	AMFR	NUDT21	23	0.02998696219035202
YWHAZ--AZIN1	1	0.00130718954248366	YWHAZ	AZIN1	365	0.4758800521512386
ZEB1--HMGB1	1	0.00130718954248366	ZEB1	HMGB1	144	0.1877444589308996
ZEB1--GNAS	1	0.00130718954248366	ZEB1	GNAS	174	0.22685788787483702
ZEB1--DUSP4	1	0.00130718954248366	ZEB1	DUSP4	35	0.04563233376792699
ZEB1--ATP6V0C	1	0.00130718954248366	ZEB1	ATP6V0C	129	0.1681877444589309
ZNF407--ZADH2	1	0.00130718954248366	ZNF407	ZADH2	161	0.20990873533246415
ZNF292--PNRC1	1	0.00130718954248366	ZNF292	PNRC1	162	0.21121251629726207
ACTB--EIF2AK1	1	0.00130718954248366	ACTB	EIF2AK1	76	0.09908735332464146
ZNF276--ACTB	1	0.00130718954248366	ZNF276	ACTB	199	0.25945241199478486
ZNF260--ZNF850	1	0.00130718954248366	ZNF260	ZNF850	2	0.002607561929595828
SPON2--CTBP1	1	0.00130718954248366	SPON2	CTBP1	169	0.22033898305084745
TMEM175--MRPS30	1	0.00130718954248366	TMEM175	MRPS30	1	0.001303780964797914
TMCC1--TBL1XR1	1	0.00130718954248366	TMCC1	TBL1XR1	7	0.009126466753585397
TMC6--TFEB	1	0.00130718954248366	TMC6	TFEB	14	0.018252933507170794
UBE2J1--AGPAT6	1	0.00130718954248366	UBE2J1	AGPAT6	2	0.002607561929595828
UBE2I--SIK1	1	0.00130718954248366	UBE2I	SIK1	15	0.01955671447196871
UBE2E2--UBE2E1	1	0.00130718954248366	UBE2E2	UBE2E1	227	0.29595827900912647
TMEM248--TRRAP	1	0.00130718954248366	TMEM248	TRRAP	3	0.003911342894393742
TPM3--ARPC2	1	0.00130718954248366	TPM3	ARPC2	21	0.027379400260756193
TPD52--AZIN1	1	0.00130718954248366	TPD52	AZIN1	12	0.01564537157757497
TOPBP1--FAM133B	1	0.00130718954248366	TOPBP1	FAM133B	2	0.002607561929595828
TOP2B--GLB1	1	0.00130718954248366	TOP2B	GLB1	5	0.00651890482398957
TOMM40--ZNF83	1	0.00130718954248366	TOMM40	ZNF83	2	0.002607561929595828
TNRC18--ACTB	1	0.00130718954248366	TNRC18	ACTB	409	0.5332464146023468
TNPO2--TPM4	1	0.00130718954248366	TNPO2	TPM4	47	0.061277705345501955
TRBJ2-3--TRBC2	1	0.00130718954248366	TRBJ2-3	TRBC2	135	0.1760104302477184
ZEB1--RBBP6	1	0.00130718954248366	ZEB1	RBBP6	54	0.07040417209908735
GNPTG--SET	1	0.00130718954248366	GNPTG	SET	63	0.08213820078226858
GLB1L2--MUM1	1	0.00130718954248366	GLB1L2	MUM1	1	0.001303780964797914
GIGYF2--SREK1	1	0.00130718954248366	GIGYF2	SREK1	3	0.003911342894393742
EHD4--DNMT3A	1	0.00130718954248366	EHD4	DNMT3A	4	0.005215123859191656
EEF2--AKAP8	1	0.00130718954248366	EEF2	AKAP8	41	0.05345501955671447
EEF1A1--ACTB	1	0.00130718954248366	EEF1A1	ACTB	763	0.9947848761408083
DUSP22--IRF4	1	0.00130718954248366	DUSP22	IRF4	235	0.30638852672750977
EIF4A1--CXCR4	1	0.00130718954248366	EIF4A1	CXCR4	13	0.01694915254237288
EIF4A1--AC113189.5	1	0.00130718954248366	EIF4A1	AC113189.5	161	0.20990873533246415
ALDOA--FUS	1	0.00130718954248366	ALDOA	FUS	193	0.2516297262059974
ARID3A--PTMA	1	0.00130718954248366	ARID3A	PTMA	133	0.17340286831812254
ARHGAP26--NR3C1	1	0.00130718954248366	ARHGAP26	NR3C1	87	0.11342894393741851
ARHGAP18--SAMD3	1	0.00130718954248366	ARHGAP18	SAMD3	2	0.002607561929595828
ARF1--PTMA	1	0.00130718954248366	ARF1	PTMA	145	0.18904823989569752
ARF1--KLHDC4	1	0.00130718954248366	ARF1	KLHDC4	5	0.00651890482398957
ANP32A--TLE3	1	0.00130718954248366	ANP32A	TLE3	135	0.1760104302477184
ASH1L--SIK1	1	0.00130718954248366	ASH1L	SIK1	11	0.014341590612777053
ARID5A--SEMA4C	1	0.00130718954248366	ARID5A	SEMA4C	140	0.18252933507170796
ARID4B--HNRNPA2B1	1	0.00130718954248366	ARID4B	HNRNPA2B1	28	0.03650586701434159
ARID4A--UBB	1	0.00130718954248366	ARID4A	UBB	12	0.01564537157757497
YWHAE--DDX5	1	0.00130718954248366	YWHAE	DDX5	121	0.1577574967405476
YPEL5--PTMA	1	0.00130718954248366	YPEL5	PTMA	129	0.1681877444589309
YME1L1--MKX	1	0.00130718954248366	YME1L1	MKX	3	0.003911342894393742
WBP11--ATP5O	1	0.00130718954248366	WBP11	ATP5O	1	0.001303780964797914
AKAP8--TPM4	1	0.00130718954248366	AKAP8	TPM4	197	0.25684485006518903
ZNF608--SLC25A6	1	0.00130718954248366	ZNF608	SLC25A6	4	0.005215123859191656
AGRN--SET	1	0.00130718954248366	AGRN	SET	162	0.21121251629726207
AGRN--EIF4A1	1	0.00130718954248366	AGRN	EIF4A1	88	0.11473272490221642
ADCY7--RBL2	1	0.00130718954248366	ADCY7	RBL2	1	0.001303780964797914
ADAP1--MAFK	1	0.00130718954248366	ADAP1	MAFK	215	0.2803129074315515
ABAT--RP11-77H9.2	1	0.00130718954248366	ABAT	RP11-77H9.2	26	0.03389830508474576
ATAT1--C6orf136	1	0.00130718954248366	ATAT1	C6orf136	13	0.01694915254237288
SLCO4A1--OGFR	1	0.00130718954248366	SLCO4A1	OGFR	63	0.08213820078226858
SLCO4A1--DNAJC5	1	0.00130718954248366	SLCO4A1	DNAJC5	5	0.00651890482398957
SLC38A10--ASPSCR1	1	0.00130718954248366	SLC38A10	ASPSCR1	18	0.02346805736636245
SLC35F2--BIVM	1	0.00130718954248366	SLC35F2	BIVM	7	0.009126466753585397
SLC35A3--MREG	1	0.00130718954248366	SLC35A3	MREG	2	0.002607561929595828
SLC26A11--SET	1	0.00130718954248366	SLC26A11	SET	6	0.007822685788787484
SLC25A3--POLR2A	1	0.00130718954248366	SLC25A3	POLR2A	46	0.05997392438070404
SLC25A18--BCL2L13	1	0.00130718954248366	SLC25A18	BCL2L13	5	0.00651890482398957
SPEN--FYTTD1	1	0.00130718954248366	SPEN	FYTTD1	11	0.014341590612777053
SPEN--DOT1L	1	0.00130718954248366	SPEN	DOT1L	17	0.02216427640156454
SPAST--SLC30A6	1	0.00130718954248366	SPAST	SLC30A6	9	0.011734028683181226
SMCO4--CNTN5	1	0.00130718954248366	SMCO4	CNTN5	2	0.002607561929595828
SMAD4--DAPK1	1	0.00130718954248366	SMAD4	DAPK1	1	0.001303780964797914
SRP9--LRBA	1	0.00130718954248366	SRP9	LRBA	12	0.01564537157757497
TRAPPC1--NCOA1	1	0.00130718954248366	TRAPPC1	NCOA1	1	0.001303780964797914
PTMA--TTYH3	1	0.00130718954248366	PTMA	TTYH3	110	0.14341590612777053
SDF4--SSU72	1	0.00130718954248366	SDF4	SSU72	172	0.2242503259452412
SDF4--RAB11FIP3	1	0.00130718954248366	SDF4	RAB11FIP3	2	0.002607561929595828
SDF4--PTMA	1	0.00130718954248366	SDF4	PTMA	281	0.3663624511082138
SDF4--FAM132A	1	0.00130718954248366	SDF4	FAM132A	55	0.07170795306388526
SCO2--ACTB	1	0.00130718954248366	SCO2	ACTB	256	0.33376792698826596
SBNO2--SCO2	1	0.00130718954248366	SBNO2	SCO2	52	0.06779661016949153
SERP1--MBNL1	1	0.00130718954248366	SERP1	MBNL1	19	0.024771838331160364
SERINC2--OAZ1	1	0.00130718954248366	SERINC2	OAZ1	79	0.10299869621903521
SERBP1--NPC1	1	0.00130718954248366	SERBP1	NPC1	11	0.014341590612777053
SEMA4C--PIM3	1	0.00130718954248366	SEMA4C	PIM3	67	0.08735332464146023
SEMA4C--N4BP3	1	0.00130718954248366	SEMA4C	N4BP3	9	0.011734028683181226
SF1--EHD1	1	0.00130718954248366	SF1	EHD1	239	0.3116036505867014
SF1--AIM1	1	0.00130718954248366	SF1	AIM1	12	0.01564537157757497
SETD8--PTMA	1	0.00130718954248366	SETD8	PTMA	138	0.17992177314211213
SRP9--ARPC2	1	0.00130718954248366	SRP9	ARPC2	181	0.23598435462842243
TRABD--TUBGCP6	1	0.00130718954248366	TRABD	TUBGCP6	20	0.02607561929595828
TPM4--IRF4	1	0.00130718954248366	TPM4	IRF4	247	0.3220338983050847
TPM4--GNAS	1	0.00130718954248366	TPM4	GNAS	93	0.121251629726206
TPM4--BBC3	1	0.00130718954248366	TPM4	BBC3	50	0.0651890482398957
SSU72--SF1	1	0.00130718954248366	SSU72	SF1	10	0.01303780964797914
SSH2--HNRNPLL	1	0.00130718954248366	SSH2	HNRNPLL	2	0.002607561929595828
SSBP2--RNASET2	1	0.00130718954248366	SSBP2	RNASET2	11	0.014341590612777053
SRSF9--UBC	1	0.00130718954248366	SRSF9	UBC	65	0.0847457627118644
SRRM2--DDX3X	1	0.00130718954248366	SRRM2	DDX3X	57	0.07431551499348109
SRRM2--CSNK1G2	1	0.00130718954248366	SRRM2	CSNK1G2	12	0.01564537157757497
SUB1--NPR3	1	0.00130718954248366	SUB1	NPR3	145	0.18904823989569752
STX18-AS1--MSX1	1	0.00130718954248366	STX18-AS1	MSX1	111	0.14471968709256844
STRADB--NOP58	1	0.00130718954248366	STRADB	NOP58	34	0.04432855280312908
STMN1--HMGN2	1	0.00130718954248366	STMN1	HMGN2	188	0.24511082138200782
STK11--DAZAP1	1	0.00130718954248366	STK11	DAZAP1	70	0.09126466753585398
SIK1--IRF4	1	0.00130718954248366	SIK1	IRF4	155	0.20208604954367665
ST13--FAM49B	1	0.00130718954248366	ST13	FAM49B	3	0.003911342894393742
SSU72--VPS13B	1	0.00130718954248366	SSU72	VPS13B	5	0.00651890482398957
SYNCRIP--PNRC1	1	0.00130718954248366	SYNCRIP	PNRC1	84	0.10951760104302477
SUMO3--FAM207A	1	0.00130718954248366	SUMO3	FAM207A	407	0.530638852672751
TIAL1--SF1	1	0.00130718954248366	TIAL1	SF1	47	0.061277705345501955
THEMIS2--SMPDL3B	1	0.00130718954248366	THEMIS2	SMPDL3B	5	0.00651890482398957
TGDS--SRSF1	1	0.00130718954248366	TGDS	SRSF1	2	0.002607561929595828
TEX30--ING1	1	0.00130718954248366	TEX30	ING1	2	0.002607561929595828
TET2--PPA2	1	0.00130718954248366	TET2	PPA2	126	0.16427640156453716
TCF3--ACTB	1	0.00130718954248366	TCF3	ACTB	276	0.35984354628422427
TCF25--SCO2	1	0.00130718954248366	TCF25	SCO2	22	0.028683181225554105
SLC16A3--LCORL	1	0.00130718954248366	SLC16A3	LCORL	3	0.003911342894393742
SLC12A7--LPCAT1	1	0.00130718954248366	SLC12A7	LPCAT1	199	0.25945241199478486
SLAMF1--CERS6	1	0.00130718954248366	SLAMF1	CERS6	15	0.01955671447196871
SIK1--PDXK	1	0.00130718954248366	SIK1	PDXK	92	0.11994784876140809
ST6GALNAC4--PIP5KL1	1	0.00130718954248366	ST6GALNAC4	PIP5KL1	13	0.01694915254237288
HAUS1--C18orf25	1	0.00130718954248366	HAUS1	C18orf25	19	0.024771838331160364
H3F3A--DDX5	1	0.00130718954248366	H3F3A	DDX5	24	0.03129074315514994
HMGN2--EIF4A1	1	0.00130718954248366	HMGN2	EIF4A1	229	0.2985658409387223
HMGB3--IKBKG	1	0.00130718954248366	HMGB3	IKBKG	50	0.0651890482398957
HMGB1--PDS5B	1	0.00130718954248366	HMGB1	PDS5B	112	0.14602346805736635
EIF3J--B2M	1	0.00130718954248366	EIF3J	B2M	99	0.1290743155149935
EIF5A--ACTB	1	0.00130718954248366	EIF5A	ACTB	559	0.7288135593220338
EIF4A1--TMC6	1	0.00130718954248366	EIF4A1	TMC6	153	0.19947848761408082
EP400--GALNT9	1	0.00130718954248366	EP400	GALNT9	5	0.00651890482398957
ENTHD2--ACTG1	1	0.00130718954248366	ENTHD2	ACTG1	49	0.06388526727509779
ENO1--RCC1	1	0.00130718954248366	ENO1	RCC1	118	0.15384615384615385
EML4--RFC4	1	0.00130718954248366	EML4	RFC4	1	0.001303780964797914
ELL--UBA52	1	0.00130718954248366	ELL	UBA52	117	0.15254237288135594
ELL--PTP4A3	1	0.00130718954248366	ELL	PTP4A3	3	0.003911342894393742
ELK4--UBQLN1	1	0.00130718954248366	ELK4	UBQLN1	3	0.003911342894393742
PTBP1--DAZAP1	1	0.00130718954248366	PTBP1	DAZAP1	327	0.42633637548891784
HNRNPUL1--HLA-C	1	0.00130718954248366	HNRNPUL1	HLA-C	144	0.1877444589308996
HNRNPUL1--LIPE-AS1	1	0.00130718954248366	HNRNPUL1	LIPE-AS1	16	0.020860495436766623
HNRNPUL1--RPS19	1	0.00130718954248366	HNRNPUL1	RPS19	120	0.15645371577574968
HOMER2--BTBD1	1	0.00130718954248366	HOMER2	BTBD1	14	0.018252933507170794
HOOK1--CNOT1	1	0.00130718954248366	HOOK1	CNOT1	2	0.002607561929595828
HOOK3--HGSNAT	1	0.00130718954248366	HOOK3	HGSNAT	105	0.13689700130378096
HP1BP3--EIF4G3	1	0.00130718954248366	HP1BP3	EIF4G3	98	0.12777053455019557
DAZAP1--TCF3	1	0.00130718954248366	DAZAP1	TCF3	95	0.12385919165580182
HNRNPA2B1--HNRNPK	1	0.00130718954248366	HNRNPA2B1	HNRNPK	73	0.09517601043024772
HNRNPF--OAZ1	1	0.00130718954248366	HNRNPF	OAZ1	78	0.1016949152542373
HNRNPH1--SQSTM1	1	0.00130718954248366	HNRNPH1	SQSTM1	127	0.16558018252933507
DDHD1--USP9X	1	0.00130718954248366	DDHD1	USP9X	7	0.009126466753585397
DDX5--HN1	1	0.00130718954248366	DDX5	HN1	94	0.12255541069100391
DDX5--HNRNPA2B1	1	0.00130718954248366	DDX5	HNRNPA2B1	206	0.2685788787483703
CXXC5--PSD2	1	0.00130718954248366	CXXC5	PSD2	103	0.13428943937418514
DAZAP1--CSNK1G2	1	0.00130718954248366	DAZAP1	CSNK1G2	138	0.17992177314211213
HMGN2--YWHAZ	1	0.00130718954248366	HMGN2	YWHAZ	59	0.07692307692307693
KRI1--CDKN2D	1	0.00130718954248366	KRI1	CDKN2D	4	0.005215123859191656
LYRM1--RPL10A	1	0.00130718954248366	LYRM1	RPL10A	4	0.005215123859191656
LYPLAL1--PRDM1	1	0.00130718954248366	LYPLAL1	PRDM1	1	0.001303780964797914
LRRC8D--DARS	1	0.00130718954248366	LRRC8D	DARS	2	0.002607561929595828
LRRC28--GADD45B	1	0.00130718954248366	LRRC28	GADD45B	4	0.005215123859191656
LRRC27--INPP5A	1	0.00130718954248366	LRRC27	INPP5A	8	0.010430247718383311
LMNB2--SGTA	1	0.00130718954248366	LMNB2	SGTA	119	0.15514993481095177
LMNB2--PTMA	1	0.00130718954248366	LMNB2	PTMA	322	0.4198174706649283
IKZF2--REV3L	1	0.00130718954248366	IKZF2	REV3L	5	0.00651890482398957
IDI1--ZC3H12D	1	0.00130718954248366	IDI1	ZC3H12D	2	0.002607561929595828
IDI1--PMPCB	1	0.00130718954248366	IDI1	PMPCB	8	0.010430247718383311
IDH3G--PDZD4	1	0.00130718954248366	IDH3G	PDZD4	6	0.007822685788787484
HSP90AB1--EEF1A1	1	0.00130718954248366	HSP90AB1	EEF1A1	697	0.9087353324641461
HSD17B12--MOB3A	1	0.00130718954248366	HSD17B12	MOB3A	7	0.009126466753585397
HPS1--KAT5	1	0.00130718954248366	HPS1	KAT5	2	0.002607561929595828
HERPUD1--ROCK1	1	0.00130718954248366	HERPUD1	ROCK1	3	0.003911342894393742
HIC1--MNT	1	0.00130718954248366	HIC1	MNT	198	0.258148631029987
HIC1--PTMA	1	0.00130718954248366	HIC1	PTMA	193	0.2516297262059974
KB-1615E4.2--MAP7D2	1	0.00130718954248366	KB-1615E4.2	MAP7D2	1	0.001303780964797914
KDM2B--RGS20	1	0.00130718954248366	KDM2B	RGS20	1	0.001303780964797914
KDM3A--BOD1	1	0.00130718954248366	KDM3A	BOD1	1	0.001303780964797914
KDM4B--PTMA	1	0.00130718954248366	KDM4B	PTMA	277	0.36114732724902215
KDM4B--SET	1	0.00130718954248366	KDM4B	SET	130	0.1694915254237288
IRF4--AZIN1	1	0.00130718954248366	IRF4	AZIN1	32	0.041720990873533245
IRF4--LRCH4	1	0.00130718954248366	IRF4	LRCH4	107	0.1395045632333768
IRF4--RP1-151F17.1	1	0.00130718954248366	IRF4	RP1-151F17.1	70	0.09126466753585398
IRF4--SET	1	0.00130718954248366	IRF4	SET	249	0.3246414602346806
ING3--HEY1	1	0.00130718954248366	ING3	HEY1	1	0.001303780964797914
INTS3--UBAP2L	1	0.00130718954248366	INTS3	UBAP2L	12	0.01564537157757497
IRF2BP2--HNRNPU	1	0.00130718954248366	IRF2BP2	HNRNPU	49	0.06388526727509779
IRF2BP2--OAZ1	1	0.00130718954248366	IRF2BP2	OAZ1	73	0.09517601043024772
IRF4--ANP32B	1	0.00130718954248366	IRF4	ANP32B	78	0.1016949152542373
KDM5A--CPNE8	1	0.00130718954248366	KDM5A	CPNE8	2	0.002607561929595828
BAHD1--B2M	1	0.00130718954248366	BAHD1	B2M	172	0.2242503259452412
B3GNT2--CXCR4	1	0.00130718954248366	B3GNT2	CXCR4	8	0.010430247718383311
B2M--YWHAE	1	0.00130718954248366	B2M	YWHAE	251	0.3272490221642764
B2M--SNRPA1	1	0.00130718954248366	B2M	SNRPA1	71	0.09256844850065189
B2M--RAC2	1	0.00130718954248366	B2M	RAC2	239	0.3116036505867014
UBC--BRI3BP	1	0.00130718954248366	UBC	BRI3BP	186	0.242503259452412
U2SURP--SEC62	1	0.00130718954248366	U2SURP	SEC62	6	0.007822685788787484
WBP11--DNAJC7	1	0.00130718954248366	WBP11	DNAJC7	2	0.002607561929595828
TUBGCP5--HSPA5	1	0.00130718954248366	TUBGCP5	HSPA5	3	0.003911342894393742
TUBG2--SETD2	1	0.00130718954248366	TUBG2	SETD2	1	0.001303780964797914
TSEN2--SETD2	1	0.00130718954248366	TSEN2	SETD2	2	0.002607561929595828
TRBJ2-7--TRBC2	1	0.00130718954248366	TRBJ2-7	TRBC2	187	0.2438070404172099
UBE2J2--SSU72	1	0.00130718954248366	UBE2J2	SSU72	141	0.18383311603650587
UBE2J2--SQSTM1	1	0.00130718954248366	UBE2J2	SQSTM1	13	0.01694915254237288
UBE2J2--PTMA	1	0.00130718954248366	UBE2J2	PTMA	88	0.11473272490221642
FAM60A--PTP4A1	1	0.00130718954248366	FAM60A	PTP4A1	48	0.06258148631029987
UBL7--EEF2	1	0.00130718954248366	UBL7	EEF2	14	0.018252933507170794
USP10--DNAJB1	1	0.00130718954248366	USP10	DNAJB1	46	0.05997392438070404
USP12--ACTB	1	0.00130718954248366	USP12	ACTB	249	0.3246414602346806
USP12--SET	1	0.00130718954248366	USP12	SET	39	0.05084745762711865
USP48--SET	1	0.00130718954248366	USP48	SET	31	0.04041720990873533
VEGFA--SLC29A1	1	0.00130718954248366	VEGFA	SLC29A1	20	0.02607561929595828
UBC--SFSWAP	1	0.00130718954248366	UBC	SFSWAP	126	0.16427640156453716
ACTB--CBX3	1	0.00130718954248366	ACTB	CBX3	133	0.17340286831812254
ZBTB38--RASA2	1	0.00130718954248366	ZBTB38	RASA2	159	0.20730117340286833
ZC3H12C--TMEM161B	1	0.00130718954248366	ZC3H12C	TMEM161B	2	0.002607561929595828
ZNF276--BSG	1	0.00130718954248366	ZNF276	BSG	41	0.05345501955671447
TIMM13--PTMA	1	0.00130718954248366	TIMM13	PTMA	200	0.2607561929595828
ARL2BP--CD74	1	0.00130718954248366	ARL2BP	CD74	9	0.011734028683181226
AL109761.5--CHODL	1	0.00130718954248366	AL109761.5	CHODL	122	0.1590612777053455
AC009133.12--PTMA	1	0.00130718954248366	AC009133.12	PTMA	12	0.01564537157757497
AC027763.2--EIF5A	1	0.00130718954248366	AC027763.2	EIF5A	28	0.03650586701434159
ZBTB2--ACTB	1	0.00130718954248366	ZBTB2	ACTB	174	0.22685788787483702
FAM168B--MICU3	1	0.00130718954248366	FAM168B	MICU3	1	0.001303780964797914
FAM132A--ALDOA	1	0.00130718954248366	FAM132A	ALDOA	7	0.009126466753585397
EXOSC3--SLC25A51	1	0.00130718954248366	EXOSC3	SLC25A51	160	0.20860495436766624
ESCO1--TGOLN2	1	0.00130718954248366	ESCO1	TGOLN2	5	0.00651890482398957
FOSL1--PTMA	1	0.00130718954248366	FOSL1	PTMA	141	0.18383311603650587
FKBP8--SLC5A3	1	0.00130718954248366	FKBP8	SLC5A3	4	0.005215123859191656
FKBP4--TMEM63B	1	0.00130718954248366	FKBP4	TMEM63B	5	0.00651890482398957
FKBP4--P2RX5	1	0.00130718954248366	FKBP4	P2RX5	12	0.01564537157757497
FGF12--MB21D2	1	0.00130718954248366	FGF12	MB21D2	100	0.1303780964797914
FBRSL1--ANKLE2	1	0.00130718954248366	FBRSL1	ANKLE2	61	0.07953063885267275
FASN--SCO2	1	0.00130718954248366	FASN	SCO2	42	0.054758800521512385
FASN--PTMA	1	0.00130718954248366	FASN	PTMA	435	0.5671447196870926
GEMIN4--ABR	1	0.00130718954248366	GEMIN4	ABR	55	0.07170795306388526
GARNL3--SET	1	0.00130718954248366	GARNL3	SET	80	0.10430247718383312
FUS--RAC2	1	0.00130718954248366	FUS	RAC2	96	0.12516297262059975
BAZ1A--ACTB	1	0.00130718954248366	BAZ1A	ACTB	210	0.2737940026075619
B2M--EIF4A1	1	0.00130718954248366	B2M	EIF4A1	321	0.41851368970013036
B2M--FUS	1	0.00130718954248366	B2M	FUS	204	0.26597131681877445
B2M--LIMD2	1	0.00130718954248366	B2M	LIMD2	72	0.0938722294654498
B2M--METRNL	1	0.00130718954248366	B2M	METRNL	21	0.027379400260756193
B2M--MKNK2	1	0.00130718954248366	B2M	MKNK2	424	0.5528031290743155
B2M--PIM3	1	0.00130718954248366	B2M	PIM3	102	0.13298565840938723
ATP6V0D1--AGRP	1	0.00130718954248366	ATP6V0D1	AGRP	4	0.005215123859191656
FUS--CCNG2	1	0.00130718954248366	FUS	CCNG2	59	0.07692307692307693
TMEM8A--CAPN15	1	0.00130718954248366	TMEM8A	CAPN15	122	0.1590612777053455
TMOD1--NCBP1	1	0.00130718954248366	TMOD1	NCBP1	4	0.005215123859191656
TMX2--DARS	1	0.00130718954248366	TMX2	DARS	4	0.005215123859191656
TNFAIP8--HSD17B4	1	0.00130718954248366	TNFAIP8	HSD17B4	230	0.29986962190352023
TNFRSF13B--ATF4	1	0.00130718954248366	TNFRSF13B	ATF4	51	0.06649282920469361
ACTB--HNRNPA2B1	1	0.00130718954248366	ACTB	HNRNPA2B1	425	0.5541069100391134
GPHN--MPP5	1	0.00130718954248366	GPHN	MPP5	50	0.0651890482398957
GPX4--ACTB	1	0.00130718954248366	GPX4	ACTB	341	0.4445893089960887
TMEM63B--ACTB	1	0.00130718954248366	TMEM63B	ACTB	171	0.22294654498044328
CPSF6--UBC	1	0.00130718954248366	CPSF6	UBC	153	0.19947848761408082
CPSF6--IRF4	1	0.00130718954248366	CPSF6	IRF4	117	0.15254237288135594
CXCR4--PTMA	1	0.00130718954248366	CXCR4	PTMA	169	0.22033898305084745
CUL1--ZNF777	1	0.00130718954248366	CUL1	ZNF777	158	0.20599739243807041
CTNNA1--MATR3	1	0.00130718954248366	CTNNA1	MATR3	76	0.09908735332464146
CTDP1--PQLC1	1	0.00130718954248366	CTDP1	PQLC1	294	0.3833116036505867
CTDP1--ANKRD27	1	0.00130718954248366	CTDP1	ANKRD27	2	0.002607561929595828
CTC-378H22.1--CTC-378H22.2	1	0.00130718954248366	CTC-378H22.1	CTC-378H22.2	206	0.2685788787483703
CAPN15--UBE2I	1	0.00130718954248366	CAPN15	UBE2I	176	0.22946544980443284
CAPN15--SCO2	1	0.00130718954248366	CAPN15	SCO2	44	0.05736636245110821
CALM2--SET	1	0.00130718954248366	CALM2	SET	93	0.121251629726206
CALM2--BCL2L11	1	0.00130718954248366	CALM2	BCL2L11	36	0.0469361147327249
CCNL2--DNAJC24	1	0.00130718954248366	CCNL2	DNAJC24	4	0.005215123859191656
CCNG2--C7orf50	1	0.00130718954248366	CCNG2	C7orf50	36	0.0469361147327249
CCDC23--UBC	1	0.00130718954248366	CCDC23	UBC	4	0.005215123859191656
LAPTM5--UBB	1	0.00130718954248366	LAPTM5	UBB	106	0.13820078226857888
NOC4L--OAZ1	1	0.00130718954248366	NOC4L	OAZ1	77	0.10039113428943937
NOC4L--PGAM5	1	0.00130718954248366	NOC4L	PGAM5	211	0.27509778357235987
PIDD--MED16	1	0.00130718954248366	PIDD	MED16	9	0.011734028683181226
PIM3--ACTB	1	0.00130718954248366	PIM3	ACTB	319	0.41590612777053454
PIM3--IRF4	1	0.00130718954248366	PIM3	IRF4	117	0.15254237288135594
PIM3--SELO	1	0.00130718954248366	PIM3	SELO	104	0.13559322033898305
PIM3--SET	1	0.00130718954248366	PIM3	SET	199	0.25945241199478486
CCDC14--ROPN1	1	0.00130718954248366	CCDC14	ROPN1	1	0.001303780964797914
PCBP3--DVL3	1	0.00130718954248366	PCBP3	DVL3	1	0.001303780964797914
PDXK--SUMO3	1	0.00130718954248366	PDXK	SUMO3	181	0.23598435462842243
PHF13--CAMTA1	1	0.00130718954248366	PHF13	CAMTA1	87	0.11342894393741851
PHF13--SLC16A3	1	0.00130718954248366	PHF13	SLC16A3	22	0.028683181225554105
PHRF1--ING5	1	0.00130718954248366	PHRF1	ING5	9	0.011734028683181226
PHRF1--USP10	1	0.00130718954248366	PHRF1	USP10	2	0.002607561929595828
P2RX5--FASN	1	0.00130718954248366	P2RX5	FASN	32	0.041720990873533245
CASS4--RTFDC1	1	0.00130718954248366	CASS4	RTFDC1	6	0.007822685788787484
PARVB--ZNF367	1	0.00130718954248366	PARVB	ZNF367	2	0.002607561929595828
PTMA--SEPT2	1	0.00130718954248366	PTMA	SEPT2	330	0.4302477183833116
POLE--CHFR	1	0.00130718954248366	POLE	CHFR	52	0.06779661016949153
PNRC1--RRAGD	1	0.00130718954248366	PNRC1	RRAGD	35	0.04563233376792699
PNPLA6--ATG4D	1	0.00130718954248366	PNPLA6	ATG4D	2	0.002607561929595828
PNPLA4--TBL1X	1	0.00130718954248366	PNPLA4	TBL1X	3	0.003911342894393742
PIP5K1A--PSMD4	1	0.00130718954248366	PIP5K1A	PSMD4	12	0.01564537157757497
PPIP5K1--STRC	1	0.00130718954248366	PPIP5K1	STRC	706	0.9204693611473272
PPARGC1B--IRF4	1	0.00130718954248366	PPARGC1B	IRF4	109	0.1421121251629726
POM121--ZP3	1	0.00130718954248366	POM121	ZP3	137	0.17861799217731422
POLR2E--PTMA	1	0.00130718954248366	POLR2E	PTMA	134	0.17470664928292046
POLR1A--REEP1	1	0.00130718954248366	POLR1A	REEP1	1	0.001303780964797914
PRMT1--PTMA	1	0.00130718954248366	PRMT1	PTMA	198	0.258148631029987
PQLC1--ADNP2	1	0.00130718954248366	PQLC1	ADNP2	32	0.041720990873533245
PPP6R2--SCO2	1	0.00130718954248366	PPP6R2	SCO2	279	0.363754889178618
PPP2R5A--TSSC1	1	0.00130718954248366	PPP2R5A	TSSC1	4	0.005215123859191656
CRAMP1L--MAPK8IP3	1	0.00130718954248366	CRAMP1L	MAPK8IP3	23	0.02998696219035202
CSNK1G2--BTBD2	1	0.00130718954248366	CSNK1G2	BTBD2	145	0.18904823989569752
CTBP1--MAEA	1	0.00130718954248366	CTBP1	MAEA	392	0.5110821382007823
CTBP1--MICAL1	1	0.00130718954248366	CTBP1	MICAL1	6	0.007822685788787484
P2RX5--PTMA	1	0.00130718954248366	P2RX5	PTMA	141	0.18383311603650587
P2RY8--OTUD5	1	0.00130718954248366	P2RY8	OTUD5	6	0.007822685788787484
PARVB--PARVG	1	0.00130718954248366	PARVB	PARVG	58	0.07561929595827901
OAZ1--TRABD	1	0.00130718954248366	OAZ1	TRABD	41	0.05345501955671447
PPP2R5A--RHEB	1	0.00130718954248366	PPP2R5A	RHEB	3	0.003911342894393742
OGN--IPPK	1	0.00130718954248366	OGN	IPPK	2	0.002607561929595828
OSBPL3--UBQLN1	1	0.00130718954248366	OSBPL3	UBQLN1	4	0.005215123859191656
P2RX5--ACTB	1	0.00130718954248366	P2RX5	ACTB	341	0.4445893089960887
PRPF3--NFKBID	1	0.00130718954248366	PRPF3	NFKBID	4	0.005215123859191656
PRPSAP2--BSG	1	0.00130718954248366	PRPSAP2	BSG	1	0.001303780964797914
PSMA7--TTYH3	1	0.00130718954248366	PSMA7	TTYH3	2	0.002607561929595828
PSMC1--PSME4	1	0.00130718954248366	PSMC1	PSME4	1	0.001303780964797914
WDR37--RP11-662B19.2	1	0.00130718954248366	WDR37	RP11-662B19.2	67	0.08735332464146023
OAZ1--WBP1	1	0.00130718954248366	OAZ1	WBP1	31	0.04041720990873533
CLCF1--ZNF524	1	0.00130718954248366	CLCF1	ZNF524	1	0.001303780964797914
CIRBP--ACTB	1	0.00130718954248366	CIRBP	ACTB	170	0.22164276401564537
CHSY1--CNTN6	1	0.00130718954248366	CHSY1	CNTN6	1	0.001303780964797914
CHN1--ATF2	1	0.00130718954248366	CHN1	ATF2	210	0.2737940026075619
CFL1--SAMD10	1	0.00130718954248366	CFL1	SAMD10	43	0.0560625814863103
CPSF6--GET4	1	0.00130718954248366	CPSF6	GET4	45	0.05867014341590613
CPSF6--DAZAP1	1	0.00130718954248366	CPSF6	DAZAP1	101	0.1316818774445893
CPSF6--ACTB	1	0.00130718954248366	CPSF6	ACTB	284	0.37027379400260757
COX6A1--GATC	1	0.00130718954248366	COX6A1	GATC	58	0.07561929595827901
CNOT3--LENG8	1	0.00130718954248366	CNOT3	LENG8	178	0.2320730117340287
MVD--PTMA	1	0.00130718954248366	MVD	PTMA	68	0.08865710560625815
MTG1--ACTB	1	0.00130718954248366	MTG1	ACTB	29	0.03780964797913951
MTFR1L--CPSF6	1	0.00130718954248366	MTFR1L	CPSF6	3	0.003911342894393742
MTF2--CCDC18	1	0.00130718954248366	MTF2	CCDC18	24	0.03129074315514994
MTA2--ANP32A	1	0.00130718954248366	MTA2	ANP32A	7	0.009126466753585397
NOC4L--ARRDC1	1	0.00130718954248366	NOC4L	ARRDC1	12	0.01564537157757497
LATS2--MYCBP2	1	0.00130718954248366	LATS2	MYCBP2	1	0.001303780964797914
LDLR--DCAF13	1	0.00130718954248366	LDLR	DCAF13	1	0.001303780964797914
KLF16--MOB3A	1	0.00130718954248366	KLF16	MOB3A	93	0.121251629726206
KLF16--TIMM13	1	0.00130718954248366	KLF16	TIMM13	298	0.38852672750977835
KLHL36--SLC7A5	1	0.00130718954248366	KLHL36	SLC7A5	77	0.10039113428943937
KPNA1--SNX14	1	0.00130718954248366	KPNA1	SNX14	2	0.002607561929595828
KDM8--IL4R	1	0.00130718954248366	KDM8	IL4R	4	0.005215123859191656
MRPL20--SSU72	1	0.00130718954248366	MRPL20	SSU72	126	0.16427640156453716
KIF20B--ACTR3	1	0.00130718954248366	KIF20B	ACTR3	2	0.002607561929595828
KIF2A--IPO11	1	0.00130718954248366	KIF2A	IPO11	751	0.9791395045632334
KIFAP3--C19orf48	1	0.00130718954248366	KIFAP3	C19orf48	2	0.002607561929595828
KLF13--ZBTB2	1	0.00130718954248366	KLF13	ZBTB2	6	0.007822685788787484
MYL6--ALDOA	1	0.00130718954248366	MYL6	ALDOA	66	0.08604954367666232
MYO1E--RFX3	1	0.00130718954248366	MYO1E	RFX3	6	0.007822685788787484
NEK6--PSMB7	1	0.00130718954248366	NEK6	PSMB7	502	0.6544980443285529
MOB3A--OAZ1	1	0.00130718954248366	MOB3A	OAZ1	181	0.23598435462842243
KIAA0125--SLC25A12	1	0.00130718954248366	KIAA0125	SLC25A12	1	0.001303780964797914
LYST--NID1	1	0.00130718954248366	LYST	NID1	6	0.007822685788787484
MAPK1--RBPJ	1	0.00130718954248366	MAPK1	RBPJ	5	0.00651890482398957
MAZ--FUS	1	0.00130718954248366	MAZ	FUS	52	0.06779661016949153
MBP--CTDP1	1	0.00130718954248366	MBP	CTDP1	132	0.17209908735332463
MBP--NFATC1	1	0.00130718954248366	MBP	NFATC1	240	0.31290743155149936
OAZ1--PPP6R2	1	0.00130718954248366	OAZ1	PPP6R2	185	0.24119947848761408
OAZ1--RBM38	1	0.00130718954248366	OAZ1	RBM38	89	0.11603650586701435
CMIP--ACSL1	1	0.00130718954248366	CMIP	ACSL1	5	0.00651890482398957
OAZ1--GET4	1	0.00130718954248366	OAZ1	GET4	140	0.18252933507170796
OAZ1--LPAR2	1	0.00130718954248366	OAZ1	LPAR2	190	0.24771838331160365
OAZ1--MSL3	1	0.00130718954248366	OAZ1	MSL3	12	0.01564537157757497
NOP2--RPL36	1	0.00130718954248366	NOP2	RPL36	12	0.01564537157757497
NPM1--SET	1	0.00130718954248366	NPM1	SET	304	0.3963494132985658
NIF3L1--IL6ST	1	0.00130718954248366	NIF3L1	IL6ST	7	0.009126466753585397
NME1-NME2--MPP6	1	0.00130718954248366	NME1-NME2	MPP6	2	0.002607561929595828
NOC4L--ANKLE2	1	0.00130718954248366	NOC4L	ANKLE2	151	0.196870925684485
OAZ1--CCNG2	1	0.00130718954248366	OAZ1	CCNG2	192	0.2503259452411995
DEF8--KDM6B	1	0.00130718954248366	DEF8	KDM6B	4	0.005215123859191656
DGKZ--CHRM4	1	0.00130718954248366	DGKZ	CHRM4	71	0.09256844850065189
DNAJC25--UGCG	1	0.00130718954248366	DNAJC25	UGCG	215	0.2803129074315515
DNMT1--PTMA	1	0.00130718954248366	DNMT1	PTMA	141	0.18383311603650587
DOT1L--EGR3	1	0.00130718954248366	DOT1L	EGR3	6	0.007822685788787484
DDX5--MAT2A	1	0.00130718954248366	DDX5	MAT2A	113	0.14732724902216426
DDX5--MKLN1-AS1	1	0.00130718954248366	DDX5	MKLN1-AS1	58	0.07561929595827901
MNT--CLUH	1	0.00130718954248366	MNT	CLUH	148	0.19295958279009126
DDX5--SRSF7	1	0.00130718954248366	DDX5	SRSF7	101	0.1316818774445893
DDX50--KDM5A	1	0.00130718954248366	DDX50	KDM5A	4	0.005215123859191656
DAZAP1--TIMM13	1	0.00130718954248366	DAZAP1	TIMM13	89	0.11603650586701435
METRNL--DAZAP1	1	0.00130718954248366	METRNL	DAZAP1	8	0.010430247718383311
METRNL--OAZ1	1	0.00130718954248366	METRNL	OAZ1	124	0.16166883963494133
MGAT5--GRSF1	1	0.00130718954248366	MGAT5	GRSF1	4	0.005215123859191656
MIDN--OAZ1	1	0.00130718954248366	MIDN	OAZ1	89	0.11603650586701435
MKNK2--ACTB	1	0.00130718954248366	MKNK2	ACTB	569	0.741851368970013
DDX5--RBM10	1	0.00130718954248366	DDX5	RBM10	21	0.027379400260756193
